customer_id,customer_first_name,customer_last_name,category_name,product_name,customer_segment,customer_city,customer_state,customer_country,customer_region,delivery_status,order_date,order_id,ship_date,shipping_type,days_for_shipment_scheduled,days_for_shipment_real,order_item_discount,sales_per_order,order_quantity,profit_per_order
C_ID_45866,Mary,Fuller,Office Supplies,Xerox 1913,Corporate,New Rochelle,New York,United States,East,Shipping on time,11/5/2022,O_ID_3001072,11/7/2022,Second Class,2,2,35.0,500.0,5,223.1999969
C_ID_44932,Alan,Edelman,Office Supplies,#6 3/4 Gummed Flap White Envelopes,Corporate,Houston,Texas,United States,Central,Shipping canceled,20-06-2022,O_ID_3009170,23-06-2022,Second Class,2,3,85.0,500.0,5,199.1999969
C_ID_70880,Mary,Gayman,Office Supplies,Belkin 8 Outlet Surge Protector,Consumer,Louisville,Kentucky,United States,South,Late delivery,25-06-2022,O_ID_3047567,30-06-2022,Standard Class,4,5,75.0,44.0,5,195.5
C_ID_33157,Raymond,Eason,Office Supplies,GBC VeloBinder Manual Binding System,Corporate,Chicago,Illinois,United States,Central,Late delivery,10/6/2022,O_ID_3060575,10/10/2022,Second Class,2,4,60.0,254.0,1,220.0
C_ID_58303,Mary,Gonzalez,Furniture,Eldon Pizzaz Desk Accessories,Home Office,Philadelphia,Pennsylvania,United States,East,Late delivery,2/5/2022,O_ID_3064311,8/1/2022,First Class,1,2,125.0,500.0,1,97.5
C_ID_34556,Joe,Leatherbury,Office Supplies,Hoover Shoulder Vac Commercial Portable Vacuum,Home Office,Columbia,South Carolina,United States,South,Shipping on time,24-06-2022,O_ID_3074984,28-06-2022,Standard Class,4,4,80.0,500.0,2,-349.8599854
C_ID_56882,Mary,Etezadi,Office Supplies,Rogers Handheld Barrel Pencil Sharpener,Home Office,Henderson,Kentucky,United States,South,Advance shipping,7/10/2022,O_ID_3000007,16-04-2022,Standard Class,4,3,45.0,299.980011,5,71.40000153
C_ID_51638,Andrea,O'Briant,Office Supplies,"Dixon Prang Watercolor Pencils, 10-Color Set with Brush",Corporate,Athens,Georgia,United States,South,Shipping on time,26-01-2022,O_ID_3000008,30-01-2022,Standard Class,4,4,45.0,299.980011,5,-31.87000084
C_ID_60578,Mary,Etezadi,Office Supplies,Ibico Hi-Tech Manual Binding System,Home Office,Henderson,Kentucky,United States,South,Shipping on time,9/3/2022,O_ID_3000009,9/7/2022,Standard Class,4,4,48.0,299.980011,5,118.4300003
C_ID_55200,Mary,Etezadi,Office Supplies,"Alliance Super-Size Bands, Assorted Sizes",Home Office,Henderson,Kentucky,United States,South,Late delivery,19-03-2022,O_ID_3000010,25-03-2022,Standard Class,4,6,48.0,299.980011,5,78.87000275
C_ID_61171,Mary,Etezadi,Office Supplies,Southworth 25% Cotton Granite Paper & Envelopes,Home Office,Henderson,Kentucky,United States,South,Advance shipping,9/11/2022,O_ID_3000011,16-06-2022,Standard Class,4,2,48.0,299.980011,5,123.4700012
C_ID_50457,Richard,Pak,Technology,Logitech K350 2.4Ghz Wireless Keyboard,Consumer,Madison,Wisconsin,United States,Central,Late delivery,19-06-2022,O_ID_3079653,22-06-2022,Second Class,2,3,90.0,42.0,2,-88.97000122
C_ID_36240,Sarah,Wiener,Furniture,"DAX Value U-Channel Document Frames, Easel Back",Consumer,Seattle,Washington,United States,West,Late delivery,11/5/2022,O_ID_3086366,11/11/2022,Second Class,2,6,27.5,196.0,5,217.3500061
C_ID_52640,Eugene,Pryor,Technology,PowerGen Dual USB Car Charger,Home Office,Yonkers,New York,United States,East,Late delivery,30-04-2022,O_ID_3000153,8/2/2022,Standard Class,4,5,0.0,499.9500122,2,149.9900055
C_ID_52478,Mary,Ludtke,Office Supplies,Sensible Storage WireTech Storage Systems,Consumer,Yonkers,New York,United States,East,Advance shipping,30-05-2022,O_ID_3000155,1/6/2022,Standard Class,4,2,20.0,499.9500122,2,36.0
C_ID_52183,David,Sundaresam,Office Supplies,"Acco Four Pocket Poly Ring Binder with Label Holder, Smoke, 1""",Consumer,Huntsville,Texas,United States,Central,Shipping on time,3/2/2022,O_ID_3000016,5/4/2022,Standard Class,4,4,51.0,299.980011,5,-24.89999962
C_ID_28744,Mary,Seite,Office Supplies,Newell 312,Consumer,Laredo,Texas,United States,Central,Late delivery,27-02-2021,O_ID_3000017,4/3/2021,Second Class,2,5,4.800000191,119.9800034,2,-30.75
C_ID_45461,Mary,Seite,Technology,Memorex Micro Travel Drive 8 GB,Consumer,Laredo,Texas,United States,Central,Shipping on time,28-10-2021,O_ID_3000018,30-10-2021,Second Class,2,2,0.800000012,79.98000336,2,-122.7300034
C_ID_31115,Elizabeth,Jacobs,Furniture,"Howard Miller 11-1/2"" Diameter Ridgewood Wall Clock",Corporate,Springfield,Virginia,United States,South,Late delivery,2/4/2021,O_ID_3000019,7/5/2021,Second Class,2,6,4.0,100.0,2,33.59999847
C_ID_45766,Katherine,Jacobs,Office Supplies,Avery 482,Corporate,Springfield,Virginia,United States,South,Shipping on time,2/11/2021,O_ID_3000020,14-01-2021,Second Class,2,2,4.0,79.98000336,2,24.69000053
C_ID_47752,Mary,Vernon,Furniture,"DAX Value U-Channel Document Frames, Easel Back",Consumer,Dover,Delaware,United States,East,Late delivery,1/12/2021,O_ID_3000021,15-01-2021,Second Class,2,3,9.0,100.0,2,9.100000381
C_ID_50054,Dennis,Dahlen,Furniture,"O'Sullivan Elevations Bookcase, Cherry Finish",Consumer,San Francisco,California,United States,West,Late delivery,3/1/2022,O_ID_3000022,4/5/2022,Second Class,2,5,13.0,100.0,2,-21.75
C_ID_36146,Mary,DeCherney,Furniture,Global Highback Leather Tilter in Burgundy,Consumer,Mount Pleasant,South Carolina,United States,South,Shipping on time,9/11/2021,O_ID_3000023,16-06-2021,Second Class,2,2,15.30000019,89.98000336,2,22.40999985
C_ID_41234,Frances,Dahlen,Office Supplies,4009 Highlighters by Sanford,Consumer,San Francisco,California,United States,West,Late delivery,27-08-2021,O_ID_3000024,1/9/2021,Second Class,2,5,19.79000092,109.9400024,2,25.23999977
C_ID_32090,Alice,Moore,Office Supplies,Avery Metallic Poly Binders,Consumer,Newark,Ohio,United States,East,Late delivery,16-04-2021,O_ID_3000025,22-04-2021,Second Class,2,6,2.400000095,119.9800034,2,30.5699997
C_ID_34773,Kyle,Selesnick,Office Supplies,3-ring staple pack,Corporate,Bossier City,Louisiana,United States,South,Late delivery,25-05-2021,O_ID_3000026,29-05-2021,Second Class,2,4,24.0,119.9800034,2,46.0699997
C_ID_44046,Brenda,Selesnick,Office Supplies,Brown Kraft Recycled Envelopes,Corporate,Bossier City,Louisiana,United States,South,Shipping on time,13-04-2021,O_ID_3000027,13-06-2021,Second Class,2,2,36.0,299.9700012,3,-184.7799988
C_ID_46414,Frank,Selesnick,Office Supplies,Staple envelope,Corporate,Bossier City,Louisiana,United States,South,Late delivery,14-08-2021,O_ID_3000028,16-11-2021,Second Class,2,5,6.0,119.9700012,3,38.75
C_ID_46599,Johnny,Moore,Office Supplies,Xerox 1923,Consumer,Newark,Ohio,United States,East,Late delivery,14-11-2021,O_ID_3000029,19-11-2021,Second Class,2,5,1.980000019,65.97000122,3,-3.650000095
C_ID_48434,Mary,Selesnick,Office Supplies,Fellowes Stor/Drawer Steel Plus Storage Drawers,Corporate,Bossier City,Louisiana,United States,South,Late delivery,15-08-2021,O_ID_3000030,16-12-2021,Second Class,2,5,16.30999947,95.97000122,3,38.22999954
C_ID_63936,Hannah,Dahlen,Office Supplies,Tennsco 6- and 18-Compartment Lockers,Consumer,San Francisco,California,United States,West,Shipping on time,25-07-2022,O_ID_3000031,27-07-2022,Second Class,2,2,30.0,299.9700012,3,132.2899933
C_ID_65030,Mary,Selesnick,Technology,Plantronics S12 Corded Telephone Headset System,Corporate,Bossier City,Louisiana,United States,South,Late delivery,11/7/2022,O_ID_3000032,16-08-2022,Second Class,2,6,74.98999786,299.9700012,2,76.04000092
C_ID_62571,Michael,Sweed,Furniture,Sauder Cornerstone Collection Library,Corporate,Philadelphia,Pennsylvania,United States,East,Shipping on time,10/2/2022,O_ID_3000033,10/4/2022,Second Class,2,2,12.60000038,179.9700012,2,43.52000046
C_ID_65922,Vincent,Hackney,Technology,Logitech 910-002974 M325 Wireless Mouse for Web Scrolling,Consumer,Roswell,Georgia,United States,South,Late delivery,23-08-2022,O_ID_3000034,26-08-2022,Second Class,2,3,18.0,179.9700012,2,40.49000168
C_ID_63936,Hannah,Latchford,Furniture,DAX Black Cherry Wood-Tone Poster Frame,Consumer,Philadelphia,Pennsylvania,United States,East,Shipping on time,25-07-2022,O_ID_3000035,27-07-2022,Second Class,2,2,10.5,150.0,2,20.93000031
C_ID_56448,Mary,Bixby,Office Supplies,GBC Wire Binding Combs,Consumer,Seattle,Washington,United States,West,Late delivery,17-04-2022,O_ID_3000157,23-04-2022,Standard Class,4,6,50.0,499.9500122,2,-269.9700012
C_ID_67892,Frances,Latchford,Office Supplies,Round Specialty Laser Printer Labels,Consumer,Philadelphia,Pennsylvania,United States,East,Late delivery,21-09-2022,O_ID_3000037,24-09-2022,Second Class,2,3,37.5,150.0,3,12.71000004
C_ID_56359,Megan,Latchford,Technology,AT&T 841000 Phone,Consumer,Philadelphia,Pennsylvania,United States,East,Late delivery,7/2/2022,O_ID_3000038,7/7/2022,Second Class,2,5,1.799999952,179.9700012,2,-285.0700073
C_ID_52477,Mary,Miller,Office Supplies,"Performers Binder/Pad Holder, Black",Corporate,Little Rock,Arkansas,United States,South,Advance shipping,24-04-2022,O_ID_3000907,26-04-2022,Standard Class,4,2,5.0,499.9500122,5,55.93000031
C_ID_57567,Mary,liebe,Office Supplies,Xerox 229,Home Office,Los Angeles,California,United States,West,Advance shipping,22-04-2022,O_ID_3000909,24-04-2022,Standard Class,4,2,15.0,499.9500122,5,126.0899963
C_ID_53413,Grace,Swindell,Office Supplies,"GBC Standard Recycled Report Covers, Clear Plastic Sheets",Consumer,Scottsdale,Arizona,United States,West,Late delivery,21-02-2022,O_ID_3000041,25-02-2022,Second Class,2,4,27.0,179.9700012,2,47.88000107
C_ID_56973,Mary,Swindell,Office Supplies,"Tyvek  Top-Opening Peel & Seel Envelopes, Plain White",Consumer,Scottsdale,Arizona,United States,West,Late delivery,7/11/2022,O_ID_3000042,18-04-2022,Second Class,2,4,6.0,150.0,3,23.46999931
C_ID_55155,Mary,Swindell,Office Supplies,"TOPS Carbonless Receipt Book, Four 2-3/4 x 7-1/4 Money Receipts per Page",Consumer,Scottsdale,Arizona,United States,West,Late delivery,19-03-2022,O_ID_3000043,25-03-2022,Second Class,2,6,10.5,150.0,2,43.65999985
C_ID_53403,Mary,Lopez,Furniture,Hon 4700 Series Mobuis Mid-Back Task Chairs with Adjustable Arms,Consumer,Jonesboro,Arkansas,United States,South,Late delivery,21-02-2022,O_ID_3000044,25-02-2022,Second Class,2,4,25.5,150.0,2,15.56000042
C_ID_51298,Ronald,Preis,Furniture,Ultra Door Push Plate,Consumer,Westland,Michigan,United States,Central,Late delivery,21-01-2022,O_ID_3000045,25-01-2022,Second Class,2,4,20.38999939,119.9700012,3,32.86000061
C_ID_41251,Mary,Preis,Furniture,Eldon ClusterMat Chair Mat with Cordless Antistatic Protection,Consumer,Westland,Michigan,United States,Central,Shipping on time,28-08-2021,O_ID_3000046,30-08-2021,Second Class,2,2,12.0,239.9600067,4,17.10000038
C_ID_34756,Sandra,Lopez,Furniture,"Eldon Expressions Desk Accessory, Wood Pencil Holder, Oak",Consumer,Jonesboro,Arkansas,United States,South,Shipping on time,25-05-2021,O_ID_3000047,27-05-2021,Second Class,2,2,29.98999977,199.9199982,1,81.5699997
C_ID_33846,Carol,Van,Furniture,"Eldon Expressions Desk Accessory, Wood Pencil Holder, Oak",Consumer,Los Angeles,California,United States,West,Shipping on time,8/9/2021,O_ID_3000048,8/11/2021,Second Class,2,2,25.59000015,159.9600067,1,-208.2700043
C_ID_40501,Jacqueline,Preis,Office Supplies,"Holmes Replacement Filter for HEPA Air Cleaner, Very Large Room, HEPA Filter",Consumer,Westland,Michigan,United States,Central,Shipping on time,17-08-2021,O_ID_3000049,19-08-2021,Second Class,2,2,1.600000024,159.9600067,1,45.91999817
C_ID_35241,Mary,Lopez,Office Supplies,Newell 351,Consumer,Jonesboro,Arkansas,United States,South,Shipping on time,1/6/2021,O_ID_3000050,3/6/2021,Second Class,2,2,13.19999981,239.9600067,1,4.539999962
C_ID_38941,Emma,Lopez,Office Supplies,Newell 327,Consumer,Jonesboro,Arkansas,United States,South,Shipping on time,25-07-2021,O_ID_3000051,27-07-2021,Second Class,2,2,14.55000019,111.9599991,1,43.83000183
C_ID_41056,Mary,Preis,Office Supplies,Panasonic KP-4ABK Battery-Operated Pencil Sharpener,Consumer,Westland,Michigan,United States,Central,Shipping on time,25-08-2021,O_ID_3000052,27-08-2021,Second Class,2,2,35.99000168,199.9199982,1,42.61999893
C_ID_35691,Kathleen,Preis,Office Supplies,"Acco Pressboard Covers with Storage Hooks, 9 1/2"" x 11"", Executive Red",Consumer,Westland,Michigan,United States,Central,Shipping on time,9/4/2021,O_ID_3000053,9/6/2021,Second Class,2,2,0.0,200.0,1,72.59999847
C_ID_37121,Denise,MacIntyre,Office Supplies,GBC DocuBind TL200 Manual Binding Machine,Corporate,Smyrna,Tennessee,United States,South,Shipping on time,28-06-2021,O_ID_3000054,30-06-2021,Second Class,2,2,31.19000053,239.9600067,1,31.30999947
C_ID_38746,Diane,Preis,Office Supplies,Storex Dura Pro Binders,Consumer,Westland,Michigan,United States,Central,Shipping on time,22-07-2021,O_ID_3000055,24-07-2021,Second Class,2,2,4.0,200.0,1,11.76000023
C_ID_32966,Olivia,Lopez,Office Supplies,Staple envelope,Consumer,Jonesboro,Arkansas,United States,South,Shipping on time,29-04-2021,O_ID_3000056,1/5/2021,Second Class,2,2,4.800000191,159.9600067,1,-113.7300034
C_ID_32781,David,Van,Office Supplies,"Wirebound Service Call Books, 5 1/2"" x 4""",Consumer,Los Angeles,California,United States,West,Shipping on time,26-04-2021,O_ID_3000057,28-04-2021,Second Class,2,2,4.800000191,120.0,1,43.20000076
C_ID_37401,Sara,Preis,Office Supplies,Eldon Fold 'N Roll Cart System,Consumer,Westland,Michigan,United States,Central,Shipping on time,2/7/2021,O_ID_3000058,10/1/2021,Second Class,2,2,13.98999977,199.9199982,1,62.84000015
C_ID_32296,Juan,Preis,Office Supplies,Fellowes Bases and Tops For Staxonsteel/High-Stak Systems,Consumer,Westland,Michigan,United States,Central,Shipping on time,19-04-2021,O_ID_3000059,21-04-2021,Second Class,2,2,14.0,200.0,1,52.08000183
C_ID_43321,Mary,Lopez,Technology,Apple iPhone 5C,Consumer,Jonesboro,Arkansas,United States,South,Shipping on time,27-09-2021,O_ID_3000060,29-09-2021,Second Class,2,2,6.0,59.95999908,1,6.099999905
C_ID_36646,Mary,Boeckenhauer,Furniture,Ultra Door Pull Handle,Consumer,Miami,Florida,United States,South,Shipping on time,21-06-2021,O_ID_3000061,23-06-2021,Second Class,2,2,29.98999977,199.9199982,1,53.18999863
C_ID_39736,Margaret,Waco,Furniture,"Eldon Imàge Series Desk Accessories, Clear",Corporate,Lafayette,Indiana,United States,Central,Shipping on time,28-05-2021,O_ID_3000062,30-05-2021,Second Class,2,2,36.0,200.0,1,59.52999878
C_ID_39946,Mary,Waco,Furniture,"DAX Two-Tone Rosewood/Black Document Frame, Desktop, 5 x 7",Corporate,Las Vegas,Nevada,United States,West,Shipping on time,26-06-2021,O_ID_3000063,28-06-2021,Second Class,2,2,31.98999977,159.9600067,1,44.79000092
C_ID_32796,Kimberly,Waco,Furniture,"Eldon 200 Class Desk Accessories, Burgundy",Corporate,Rapid City,South Dakota,United States,Central,Shipping on time,8/10/2021,O_ID_3000064,8/12/2021,Second Class,2,2,99.98999786,120.0,1,-239.9799957
C_ID_37871,Mary,Waco,Office Supplies,Weyerhaeuser First Choice Laser/Copy Paper (20Lb. and 88 Bright),Corporate,Alexandria,Virginia,United States,South,Shipping on time,18-06-2021,O_ID_3000065,20-06-2021,Second Class,2,2,0.0,39.95999908,1,4.519999981
C_ID_37701,Mary,Waco,Technology,"iKross Bluetooth Portable Keyboard + Cell Phone Stand Holder + Brush for Apple iPhone 5S 5C 5, 4S 4",Corporate,Alexandria,Virginia,United States,South,Shipping on time,16-07-2021,O_ID_3000066,18-07-2021,Second Class,2,2,2.0,200.0,1,91.08000183
C_ID_34951,Amanda,Goranitis,Office Supplies,"Alliance Big Bands Rubber Bands, 12/Pack",Consumer,Rapid City,South Dakota,United States,Central,Shipping on time,9/3/2021,O_ID_3000067,9/5/2021,Second Class,2,2,12.0,120.0,1,24.44000053
C_ID_36946,Mary,McGrath,Office Supplies,Xerox 195,Consumer,Alexandria,Virginia,United States,South,Shipping on time,18-06-2021,O_ID_3000068,20-06-2021,Second Class,2,2,6.400000095,159.9600067,1,-72.94000244
C_ID_33976,John,Adams,Furniture,"Safco Value Mate Series Steel Bookcases, Baked Enamel Finish on Steel, Gray",Corporate,Alexandria,Virginia,United States,South,Shipping on time,26-08-2021,O_ID_3000069,28-08-2021,Second Class,2,2,17.98999977,199.9199982,1,-491.2000122
C_ID_36421,Kathleen,Daniels,Furniture,Eldon Image Series Black Desk Accessories,Home Office,Alexandria,Virginia,United States,South,Shipping on time,8/1/2021,O_ID_3000070,8/3/2021,Second Class,2,2,25.98999977,199.9199982,1,63.13999939
C_ID_38346,Mary,Daniels,Furniture,"GE General Use Halogen Bulbs, 100 Watts, 1 Bulb per Pack",Home Office,Alexandria,Virginia,United States,South,Shipping on time,10/5/2021,O_ID_3000071,10/7/2021,Second Class,2,2,3.0,120.0,1,13.0699997
C_ID_35571,Jacob,Adams,Office Supplies,Wilson Jones 14 Line Acrylic Coated Pressboard Data Binders,Corporate,Alexandria,Virginia,United States,South,Shipping on time,30-04-2021,O_ID_3000072,2/5/2021,Second Class,2,2,6.0,120.0,1,73.48999786
C_ID_36421,Mary,Daniels,Office Supplies,"REDIFORM Incoming/Outgoing Call Register, 11"" X 8 1/2"", 100 Messages",Home Office,San Diego,California,United States,West,Shipping on time,7/6/2021,O_ID_3000073,7/8/2021,Second Class,2,2,13.75,250.0,1,66.15000153
C_ID_41106,Nancy,Daniels,Office Supplies,"Eureka Recycled Copy Paper 8 1/2"" x 11"", Ream",Home Office,San Diego,California,United States,West,Shipping on time,10/4/2021,O_ID_3000074,10/6/2021,Second Class,2,2,30.0,120.0,1,101.2300034
C_ID_33321,Mary,Daniels,Office Supplies,"SAFCO Commercial Wire Shelving, 72h",Home Office,San Diego,California,United States,West,Shipping on time,10/5/2021,O_ID_3000075,10/7/2021,Second Class,2,2,64.98999786,120.0,1,208.7799988
C_ID_37806,Mary,Daniels,Technology,Jabra SPEAK 410,Home Office,New York City,New York,United States,East,Shipping on time,10/6/2021,O_ID_3000076,10/8/2021,Second Class,2,2,62.5,250.0,1,50.63000107
C_ID_33071,Austin,Daniels,Technology,Macally Suction Cup Mount,Home Office,Detroit,Michigan,United States,Central,Shipping on time,24-08-2021,O_ID_3000077,26-08-2021,Second Class,2,2,2.5,250.0,1,71.77999878
C_ID_31591,Mary,Jacobs,Furniture,Balt Split Level Computer Training Table,Consumer,Detroit,Michigan,United States,Central,Shipping on time,3/7/2021,O_ID_3000078,10/2/2021,Second Class,2,2,2.0,199.9499969,1,-62.75
C_ID_37681,Mary,Jacobs,Office Supplies,Dixon Ticonderoga Core-Lock Colored Pencils,Consumer,Mission Viejo,California,United States,West,Shipping on time,8/2/2021,O_ID_3000079,8/4/2021,Second Class,2,2,7.5,249.8999939,1,75.87000275
C_ID_37806,Evelyn,Jacobs,Office Supplies,Recycled Steel Personal File for Hanging File Folders,Consumer,Green Bay,Wisconsin,United States,Central,Shipping on time,26-06-2021,O_ID_3000080,28-06-2021,Second Class,2,2,27.5,120.0,1,103.9400024
C_ID_37816,Austin,Cacioppo,Office Supplies,"Pressboard Covers with Storage Hooks, 9 1/2"" x 11"", Light Blue",Consumer,Saint Petersburg,Florida,United States,South,Shipping on time,24-08-2021,O_ID_3000081,26-08-2021,Second Class,2,2,21.0,120.0,1,114.3700027
C_ID_41021,Mary,Vittorini,Office Supplies,Xerox 1972,Consumer,San Diego,California,United States,West,Shipping on time,24-04-2021,O_ID_3000082,26-04-2021,Second Class,2,2,27.0,120.0,1,27.29999924
C_ID_37416,Samantha,Vittorini,Office Supplies,Space Solutions HD Industrial Steel Shelving.,Consumer,Saint Petersburg,Florida,United States,South,Shipping on time,2/6/2021,O_ID_3000083,9/1/2021,Second Class,2,2,30.0,120.0,1,134.9799957
C_ID_33416,Mary,Carlisle,Furniture,"Sauder Facets Collection Library, Sky Alder Finish",Consumer,Seattle,Washington,United States,West,Shipping on time,28-08-2021,O_ID_3000084,30-08-2021,Second Class,2,2,59.99000168,120.0,1,219.9799957
C_ID_36991,Mary,Drucker,Technology,Enermax Aurora Lite Keyboard,Consumer,Seattle,Washington,United States,West,Shipping on time,24-07-2021,O_ID_3000085,26-07-2021,Second Class,2,2,29.98999977,249.8999939,1,82.47000122
C_ID_41021,Mary,Barreto,Office Supplies,Surelock Post Binders,Consumer,Escondido,California,United States,West,Shipping on time,20-11-2021,O_ID_3000086,22-11-2021,Second Class,2,2,39.97999954,249.8999939,1,104.9599991
C_ID_32646,Angela,Delaney,Office Supplies,Staples,Home Office,San Diego,California,United States,West,Shipping on time,23-06-2021,O_ID_3000087,23-06-2021,Same Day,0,0,12.60000038,179.9700012,1,3.349999905
C_ID_35301,Ann,Barreto,Technology,AT&T 17929 Lendline Telephone,Consumer,San Diego,California,United States,West,Shipping on time,23-08-2021,O_ID_3000088,23-08-2021,Same Day,0,0,6.0,119.9700012,1,37.04000092
C_ID_41241,Aaron,Boeckenhauer,Office Supplies,Avery Durable Poly Binders,Consumer,Romeoville,Illinois,United States,Central,Shipping on time,7/11/2021,O_ID_3000089,7/11/2021,Same Day,0,0,4.119999886,74.97000122,1,24.79999924
C_ID_38906,Aaron,Boeckenhauer,Office Supplies,Ibico Laser Imprintable Binding System Covers,Consumer,Chesapeake,Virginia,United States,South,Shipping on time,7/11/2021,O_ID_3000090,7/11/2021,Same Day,0,0,8.399999619,119.9700012,1,13.94999981
C_ID_47046,David,Haberlin,Office Supplies,"GBC Standard Recycled Report Covers, Clear Plastic Sheets",Corporate,Chesapeake,Virginia,United States,South,Shipping on time,19-07-2021,O_ID_3000091,19-07-2021,Same Day,0,0,13.48999977,149.9400024,1,-6.409999847
C_ID_36734,Larry,Brumfield,Office Supplies,GBC Recycled Grain Textured Covers,Home Office,Chesapeake,Virginia,United States,South,Shipping on time,19-07-2021,O_ID_3000092,19-07-2021,Same Day,0,0,16.20000076,179.9700012,1,80.25
C_ID_40908,Mary,Brumfield,Office Supplies,"Message Book, Standard Line ""While You Were Out"", 5 1/2"" X 4"", 200 Sets/Book",Home Office,New York City,New York,United States,East,Shipping on time,19-07-2021,O_ID_3000093,19-07-2021,Same Day,0,0,14.98999977,149.9400024,1,6.75
C_ID_31937,Mary,Latchford,Office Supplies,"Avery Flip-Chart Easel Binder, Black",Consumer,Linden,New Jersey,United States,East,Shipping on time,16-05-2021,O_ID_3000094,16-05-2021,Same Day,0,0,7.199999809,59.97000122,1,-40.47999954
C_ID_31937,Mary,Ducich,Office Supplies,Avery 480,Corporate,North Las Vegas,Nevada,United States,West,Shipping on time,9/4/2021,O_ID_3000095,9/4/2021,Same Day,0,0,19.5,150.0,1,27.79999924
C_ID_38519,Mary,Ducich,Technology,AT&T CL82213,Corporate,Columbia,Missouri,United States,Central,Shipping on time,11/11/2021,O_ID_3000096,11/11/2021,Same Day,0,0,22.5,150.0,1,14.40999985
C_ID_38516,Joseph,Ducich,Technology,Aastra 57i VoIP phone,Corporate,Columbia,Missouri,United States,Central,Shipping on time,20-08-2021,O_ID_3000097,20-08-2021,Same Day,0,0,30.59000015,179.9700012,1,52.27999878
C_ID_38518,Roy,Selesnick,Office Supplies,Acco Perma 4000 Stacking Storage Drawers,Corporate,Chesapeake,Virginia,United States,South,Shipping on time,23-04-2021,O_ID_3000098,23-04-2021,Same Day,0,0,53.99000168,120.0,1,-41.08000183
C_ID_34148,Ashley,Kinney,Technology,Maxell DVD-RAM Discs,Corporate,Chesapeake,Virginia,United States,South,Shipping on time,7/8/2021,O_ID_3000099,7/8/2021,Same Day,0,0,21.59000015,119.9700012,1,24.59000015
C_ID_35633,Mary,Mautz,Furniture,"Master Caster Door Stop, Large Brown",Home Office,Columbia,Missouri,United States,Central,Shipping on time,8/10/2021,O_ID_3000100,8/10/2021,Same Day,0,0,20.38999939,119.9700012,1,46.79999924
C_ID_40306,Sara,Armstrong,Furniture,"Global Value Mid-Back Manager's Chair, Gray",Consumer,Columbia,Missouri,United States,Central,Shipping on time,7/4/2021,O_ID_3000101,7/4/2021,Same Day,0,0,3.150000095,44.97000122,1,20.48999977
C_ID_40720,Mary,Armstrong,Furniture,"Rubbermaid ClusterMat Chairmats, Mat Size- 66"" x 60"", Lip 20"" x 11"" -90 Degree Angle",Consumer,Columbia,Missouri,United States,Central,Shipping on time,7/12/2021,O_ID_3000102,7/12/2021,Same Day,0,0,19.5,150.0,1,37.84999847
C_ID_32551,Mary,Fritzler,Furniture,Hon 2111 Invitation Series Corner Table,Consumer,Columbia,Missouri,United States,Central,Shipping on time,23-08-2021,O_ID_3000103,23-08-2021,Same Day,0,0,35.99000168,179.9700012,1,31.95999908
C_ID_31739,Christine,Fritzler,Office Supplies,Wilson Jones Leather-Like Binders with DublLock Round Rings,Consumer,Chesapeake,Virginia,United States,South,Shipping on time,30-07-2021,O_ID_3000104,30-07-2021,Same Day,0,0,37.49000168,149.9400024,1,49.47999954
C_ID_33923,Doris,Armstrong,Office Supplies,VariCap6 Expandable Binder,Consumer,Concord,California,United States,West,Shipping on time,26-07-2021,O_ID_3000105,26-07-2021,Same Day,0,0,3.599999905,179.9700012,1,61.72999954
C_ID_31471,Larry,Armstrong,Office Supplies,Wilson Jones Turn Tabs Binder Tool for Ring Binders,Consumer,Seattle,Washington,United States,West,Shipping on time,19-06-2021,O_ID_3000106,19-06-2021,Same Day,0,0,10.72999954,195.0,1,46.0699997
C_ID_32018,Mary,Armstrong,Office Supplies,Avery 483,Consumer,Houston,Texas,United States,Central,Shipping on time,2/10/2021,O_ID_3000107,2/10/2021,Same Day,0,0,17.98999977,149.9400024,1,-109.9100037
C_ID_40898,Mary,Armstrong,Office Supplies,Fellowes Neat Ideas Storage Cubes,Consumer,Seattle,Washington,United States,West,Shipping on time,17-08-2021,O_ID_3000108,17-08-2021,Same Day,0,0,26.98999977,149.9400024,1,23.36000061
C_ID_39287,Judy,Fritzler,Technology,Enermax Aurora Lite Keyboard,Consumer,Seattle,Washington,United States,West,Shipping on time,21-04-2021,O_ID_3000109,21-04-2021,Same Day,0,0,32.38999939,179.9700012,1,45.75
C_ID_39001,Angela,Chand,Furniture,"Global Geo Office Task Chair, Gray",Consumer,Seattle,Washington,United States,West,Shipping on time,23-06-2021,O_ID_3000110,23-06-2021,Same Day,0,0,9.600000381,239.9600067,1,76.01999664
C_ID_36479,Juan,Lichtenstein,Office Supplies,Belkin 8 Outlet Surge Protector,Corporate,Dallas,Texas,United States,Central,Shipping on time,7/5/2021,O_ID_3000111,7/5/2021,Same Day,0,0,51.99000168,120.0,1,39.3199997
C_ID_43666,Janice,Tom,Office Supplies,"Memo Book, 100 Message Capacity, 5 3/8” x 11”",Consumer,Dallas,Texas,United States,Central,Shipping on time,25-08-2021,O_ID_3000112,25-08-2021,Same Day,0,0,24.98999977,99.95999908,1,19.48999977
C_ID_40499,David,Lichtenstein,Office Supplies,Compact Automatic Electric Letter Opener,Corporate,Chicago,Illinois,United States,Central,Shipping on time,19-07-2021,O_ID_3000113,19-07-2021,Same Day,0,0,4.800000191,239.9600067,1,-50.09000015
C_ID_32415,Barbara,Lichtenstein,Technology,Logitech G600 MMO Gaming Mouse,Corporate,Lubbock,Texas,United States,Central,Shipping on time,19-07-2021,O_ID_3000114,19-07-2021,Same Day,0,0,7.199999809,239.9600067,1,29.10000038
C_ID_36734,Kathy,Französisch,Office Supplies,Pressboard Data Binders by Wilson Jones,Corporate,Arlington,Texas,United States,Central,Shipping on time,30-06-2021,O_ID_3000115,30-06-2021,Same Day,0,0,8.399999619,120.0,1,52.45000076
C_ID_31534,Mary,Nguyen,Office Supplies,"Holmes Cool Mist Humidifier for the Whole House with 8-Gallon Output per Day, Extended Life Filter",Consumer,Richmond,Indiana,United States,Central,Shipping on time,11/11/2021,O_ID_3000116,11/11/2021,Same Day,0,0,18.0,200.0,1,47.3199997
C_ID_41066,Aaron,Nguyen,Office Supplies,Wilson Jones Easy Flow II Sheet Lifters,Consumer,Los Angeles,California,United States,West,Shipping on time,7/11/2021,O_ID_3000117,7/11/2021,Same Day,0,0,9.0,100.0,1,23.93000031
C_ID_38519,Emma,Latchford,Office Supplies,Staples in misc. colors,Consumer,Richmond,Indiana,United States,Central,Shipping on time,9/7/2021,O_ID_3000118,9/7/2021,Same Day,0,0,20.0,200.0,1,46.79999924
C_ID_38507,Mary,Blackwell,Furniture,"DAX Copper Panel Document Frame, 5 x 7 Size",Consumer,Woodstock,Illinois,United States,Central,Shipping on time,19-07-2021,O_ID_3000119,19-07-2021,Same Day,0,0,25.98999977,199.9199982,1,58.79000092
C_ID_37230,Mary,Bergman,Office Supplies,Akro Stacking Bins,Consumer,Moreno Valley,California,United States,West,Shipping on time,11/11/2021,O_ID_3000120,11/11/2021,Same Day,0,0,27.19000053,159.9600067,1,-33.18999863
C_ID_40306,Ashley,Cazamias,Furniture,"Master Caster Door Stop, Brown",Corporate,El Paso,Texas,United States,Central,Shipping on time,7/8/2021,O_ID_3000121,7/8/2021,Same Day,0,0,33.99000168,199.9199982,1,53.93000031
C_ID_31937,Jason,Roelle,Office Supplies,Xerox 204,Home Office,El Paso,Texas,United States,Central,Shipping on time,8/5/2021,O_ID_3000122,8/5/2021,Same Day,0,0,49.97999954,199.9199982,1,41.97999954
C_ID_35831,Mary,Cazamias,Technology,Enermax Briskie RF Wireless Keyboard and Mouse Combo,Corporate,Medford,Oregon,United States,West,Shipping on time,7/4/2021,O_ID_3000123,7/4/2021,Same Day,0,0,6.400000095,159.9600067,1,51.90000153
C_ID_38518,Mary,Manning,Office Supplies,GBC Standard Plastic Binding Systems Combs,Consumer,Medford,Oregon,United States,West,Shipping on time,7/4/2021,O_ID_3000124,7/4/2021,Same Day,0,0,59.99000168,120.0,1,118.9899979
C_ID_40306,Maria,Ann,Office Supplies,Xerox 220,Consumer,Columbus,Ohio,United States,East,Shipping on time,11/10/2021,O_ID_3000125,11/10/2021,Same Day,0,0,2.0,200.0,1,51.47999954
C_ID_31739,Mary,Grace,Office Supplies,GBC Plastic Binding Combs,Home Office,Elmhurst,Illinois,United States,Central,Shipping on time,7/8/2021,O_ID_3000126,7/8/2021,Same Day,0,0,20.0,120.0,1,132.9900055
C_ID_33600,Doris,Grace,Office Supplies,Staple-on labels,Home Office,El Paso,Texas,United States,Central,Shipping on time,26-07-2021,O_ID_3000127,26-07-2021,Same Day,0,0,21.60000038,239.9600067,1,76.43000031
C_ID_31470,Theresa,Halladay,Office Supplies,"TOPS 4 x 6 Fluorescent Color Memo Sheets, 500 Sheets per Pack",Consumer,Seattle,Washington,United States,West,Shipping on time,10/7/2021,O_ID_3000128,10/7/2021,Same Day,0,0,28.79999924,239.9600067,1,19.85000038
C_ID_31470,Ann,Halladay,Office Supplies,"Message Book, Wirebound, Four 5 1/2"" X 4"" Forms/Pg., 200 Dupl. Sets/Book",Consumer,El Paso,Texas,United States,Central,Shipping on time,25-05-2021,O_ID_3000129,25-05-2021,Same Day,0,0,10.78999996,71.95999908,1,-40.79999924
C_ID_40216,Mary,Smith,Office Supplies,Zebra Zazzle Fluorescent Highlighters,Consumer,Houston,Texas,United States,Central,Shipping on time,7/7/2021,O_ID_3000130,7/7/2021,Same Day,0,0,38.38999939,239.9600067,1,22.78000069
C_ID_31742,Mary,Freymann,Furniture,Novimex Swivel Fabric Task Chair,Home Office,El Paso,Texas,United States,Central,Shipping on time,30-07-2021,O_ID_3000131,30-07-2021,Same Day,0,0,25.59000015,159.9600067,1,-26.87000084
C_ID_39001,Kathryn,Collister,Furniture,Harbour Creations Steel Folding Chair,Consumer,Elmhurst,Illinois,United States,Central,Shipping on time,26-07-2021,O_ID_3000132,26-07-2021,Same Day,0,0,49.97999954,199.9199982,1,-28.19000053
C_ID_37916,Tammy,Brooks,Furniture,Global Deluxe High-Back Manager's Chair,Consumer,El Paso,Texas,United States,Central,Late delivery,5/7/2022,O_ID_3000133,16-02-2022,Standard Class,4,6,10.0,199.9499969,2,55.09000015
C_ID_53871,Amber,Maxwell,Office Supplies,Xerox 1976,Consumer,Seattle,Washington,United States,West,Advance shipping,2/4/2022,O_ID_3000949,7/1/2022,Standard Class,4,2,59.99000168,499.9500122,5,137.7100067
C_ID_31654,Christina,Weimer,Furniture,Bevis Round Conference Room Tables and Bases,Consumer,New York City,New York,United States,East,Advance shipping,3/2/2022,O_ID_3000135,5/2/2022,Standard Class,4,2,13.5,150.0,2,66.88999939
C_ID_32242,Mary,Hastings,Office Supplies,Belkin 8 Outlet Surge Protector,Consumer,Chicago,Illinois,United States,Central,Advance shipping,7/4/2022,O_ID_3001505,7/6/2022,Standard Class,4,2,79.98999786,577.0,5,188.9799957
C_ID_39007,Mary,Freymann,Office Supplies,"Black Print Carbonless 8 1/2"" x 8 1/4"" Rapid Memo Book",Home Office,Philadelphia,Pennsylvania,United States,East,Late delivery,28-03-2022,O_ID_3000137,2/4/2022,Standard Class,4,5,25.0,250.0,2,22.5
C_ID_39160,Mary,Pelletier,Office Supplies,Xerox 199,Consumer,Asheville,North Carolina,United States,South,Advance shipping,6/5/2022,O_ID_3001531,6/7/2022,Standard Class,4,2,20.0,457.0,5,-107.9899979
C_ID_56671,Mary,Armstrong,Technology,Memorex Froggy Flash Drive 4 GB,Consumer,Carrollton,Texas,United States,Central,Advance shipping,21-05-2022,O_ID_3001536,23-05-2022,Standard Class,4,2,74.98999786,457.0,5,-60.77000046
C_ID_51826,Karen,Gilcrest,Furniture,"Atlantic Metals Mobile 3-Shelf Bookcases, Custom Colors",Corporate,New York City,New York,United States,East,Advance shipping,8/4/2022,O_ID_3001538,8/6/2022,Standard Class,4,2,89.98999786,457.0,5,196.7799988
C_ID_54576,Mary,Dickinson,Office Supplies,"Wirebound Message Books, Four 2 3/4"" x 5"" Forms per Page, 600 Sets per Book",Home Office,Los Angeles,California,United States,West,Advance shipping,2/6/2022,O_ID_3001553,9/1/2022,Standard Class,4,2,74.98999786,457.0,5,148.7400055
C_ID_52976,Robert,Black,Technology,Imation 16GB Mini TravelDrive USB 2.0 Flash Drive,Corporate,New York City,New York,United States,East,Advance shipping,16-04-2022,O_ID_3001574,18-04-2022,Standard Class,4,2,74.98999786,457.0,5,114.7399979
C_ID_52478,Mary,Nunn,Office Supplies,"Array Parchment Paper, Assorted Colors",Home Office,Wilmington,North Carolina,United States,South,Late delivery,6/7/2022,O_ID_3000143,16-03-2022,Standard Class,4,6,42.5,250.0,2,72.62999725
C_ID_51896,Robert,Hopkins,Technology,Polycom SoundPoint Pro SE-225 Corded phone,Consumer,Louisville,Colorado,United States,West,Advance shipping,16-05-2022,O_ID_3001582,19-05-2022,Standard Class,4,3,20.0,457.0,5,114.2300034
C_ID_60127,Mary,Stevenson,Furniture,O'Sullivan 4-Shelf Bookcase in Odessa Pine,Corporate,New York City,New York,United States,East,Late delivery,6/3/2022,O_ID_3000145,6/8/2022,Standard Class,4,5,50.0,250.0,2,-32.59999847
C_ID_55021,Mary,Grady,Office Supplies,"1.7 Cubic Foot Compact ""Cube"" Office Refrigerators",Consumer,Seattle,Washington,United States,West,Advance shipping,27-04-2022,O_ID_3001584,30-04-2022,Standard Class,4,3,50.0,457.0,5,50.84000015
C_ID_56766,Charles,Maxwell,Office Supplies,Ames Color-File Green Diamond Border X-ray Mailers,Consumer,Fairfield,Ohio,United States,East,Advance shipping,16-04-2022,O_ID_3001586,19-04-2022,Standard Class,4,3,59.99000168,457.0,5,82.70999908
C_ID_54585,Tammy,Jarboe,Office Supplies,Zebra Zazzle Fluorescent Highlighters,Consumer,New York City,New York,United States,East,Late delivery,5/7/2022,O_ID_3000148,16-02-2022,Standard Class,4,6,62.5,500.0,2,52.5
C_ID_57598,Melissa,Pryor,Office Supplies,"Cardinal HOLDit! Binder Insert Strips,Extra Strips",Home Office,Margate,Florida,United States,South,Late delivery,31-03-2022,O_ID_3000149,7/2/2022,Standard Class,4,5,2.400000095,239.9499969,2,29.69000053
C_ID_56316,Andrew,Cohen,Office Supplies,Space Solutions HD Industrial Steel Shelving.,Corporate,Wilmington,Delaware,United States,East,Advance shipping,31-05-2022,O_ID_3001598,3/6/2022,Standard Class,4,3,10.0,457.0,5,230.2799988
C_ID_60673,Sandra,Stevenson,Office Supplies,Avery 495,Corporate,Yonkers,New York,United States,East,Late delivery,8/2/2022,O_ID_3000151,8/8/2022,Standard Class,4,6,53.99000168,449.9500122,2,-79.19000244
C_ID_59387,Mary,Stevenson,Office Supplies,Eldon Shelf Savers Cubes and Bins,Corporate,Yonkers,New York,United States,East,Shipping on time,7/3/2022,O_ID_3000152,7/7/2022,Standard Class,4,4,25.48999977,149.9499969,2,34.84999847
C_ID_52526,Ethan,Ausman,Office Supplies,Deluxe Chalkboard Eraser Cleaner,Corporate,Coon Rapids,Minnesota,United States,Central,Advance shipping,30-05-2022,O_ID_3001606,2/6/2022,Standard Class,4,3,25.0,457.0,5,232.7299957
C_ID_55984,John,Chand,Office Supplies,"BIC Brite Liner Highlighters, Chisel Tip",Consumer,Yonkers,New York,United States,East,Late delivery,16-02-2022,O_ID_3000154,21-02-2022,Standard Class,4,5,15.0,499.9500122,2,140.6399994
C_ID_60021,Betty,Engle,Technology,Case Logic 2.4GHz Wireless Keyboard,Corporate,New York City,New York,United States,East,Advance shipping,17-04-2022,O_ID_3001613,20-04-2022,Standard Class,4,3,45.0,457.0,5,154.6799927
C_ID_58375,Mary,Bixby,Office Supplies,Newell 345,Consumer,Seattle,Washington,United States,West,Late delivery,22-03-2022,O_ID_3000156,27-03-2022,Standard Class,4,5,20.0,499.9500122,2,179.9799957
C_ID_57867,Helen,Mitchum,Furniture,"Lesro Round Back Collection Coffee Table, End Table",Corporate,Richmond,Kentucky,United States,South,Advance shipping,20-04-2022,O_ID_3001621,23-04-2022,Standard Class,4,3,74.98999786,457.0,5,127.4899979
C_ID_58034,Mary,Bixby,Office Supplies,Xerox 1891,Consumer,Seattle,Washington,United States,West,Advance shipping,9/12/2022,O_ID_3000158,18-06-2022,Standard Class,4,3,112.4899979,449.9500122,5,59.06000137
C_ID_53069,Mary,Bixby,Office Supplies,Acme Forged Steel Scissors with Black Enamel Handles,Consumer,Seattle,Washington,United States,West,Advance shipping,29-03-2022,O_ID_3000159,31-03-2022,Standard Class,4,2,0.0,299.9500122,2,140.9799957
C_ID_60146,Nicole,Bixby,Technology,Logitech Wireless Gaming Headset G930,Consumer,Seattle,Washington,United States,West,Advance shipping,20-02-2022,O_ID_3000160,22-02-2022,Standard Class,4,2,3.0,299.9500122,2,81.66000366
C_ID_55409,Sharon,Molinari,Furniture,Office Star - Task Chair with Contemporary Loop Arms,Corporate,Des Moines,Washington,United States,West,Late delivery,28-01-2022,O_ID_3000161,3/2/2022,Standard Class,4,6,3.0,299.9500122,2,18.40999985
C_ID_56457,Kathleen,Nguyen,Office Supplies,"Geographics Note Cards, Blank, White, 8 1/2"" x 11""",Consumer,Columbus,Georgia,United States,South,Advance shipping,1/5/2022,O_ID_3001627,8/1/2022,Standard Class,4,3,99.98999786,457.0,5,139.9900055
C_ID_53477,Mary,Ferrer,Office Supplies,Safco Industrial Wire Shelving,Consumer,Los Angeles,California,United States,West,Advance shipping,23-05-2022,O_ID_3001631,26-05-2022,Standard Class,4,3,15.0,499.9500122,5,237.6300049
C_ID_55876,Matthew,Molinari,Office Supplies,Newell Chalk Holder,Corporate,Denver,Colorado,United States,West,Late delivery,24-02-2022,O_ID_3000164,1/3/2022,Standard Class,4,5,12.0,299.9500122,5,120.0
C_ID_53331,Jerry,Bergman,Office Supplies,Newell 330,Consumer,Royal Oak,Michigan,United States,Central,Late delivery,18-01-2022,O_ID_3000165,24-01-2022,Second Class,2,6,13.0,99.98999786,5,40.02000046
C_ID_51725,Mary,Pelletier,Office Supplies,Catalog Binders with Expanding Posts,Home Office,Denver,Colorado,United States,West,Late delivery,31-10-2021,O_ID_3000166,14-03-2021,Second Class,2,6,2.599999905,129.9900055,1,44.59000015
C_ID_52562,Laura,Molinari,Office Supplies,"Contico 72""H Heavy-Duty Storage System",Corporate,Columbus,Ohio,United States,East,Late delivery,22-09-2021,O_ID_3000167,25-09-2021,Second Class,2,3,11.69999981,129.9900055,1,57.95999908
C_ID_59754,Megan,Bergman,Office Supplies,"Carina 42""Hx23 3/4""W Media Storage Unit",Consumer,Richmond,Kentucky,United States,South,Late delivery,28-08-2021,O_ID_3000168,2/9/2021,Second Class,2,5,13.0,129.9900055,1,30.42000008
C_ID_53574,Mary,Thornton,Office Supplies,"BOSTON Ranger #55 Pencil Sharpener, Black",Consumer,Roseville,California,United States,West,Late delivery,31-10-2021,O_ID_3000169,14-03-2021,Second Class,2,6,10.80000019,59.99000168,1,24.60000038
C_ID_51050,Mary,Williamson,Office Supplies,"Geographics Note Cards, Blank, White, 8 1/2"" x 11""",Consumer,Columbus,Ohio,United States,East,Late delivery,13-07-2021,O_ID_3000170,13-11-2021,Second Class,2,4,26.0,129.9900055,1,48.88000107
C_ID_45680,Jack,Thornton,Office Supplies,Tennsco 6- and 18-Compartment Lockers,Consumer,Richmond,Kentucky,United States,South,Late delivery,14-03-2021,O_ID_3000171,14-07-2021,Second Class,2,4,3.0,299.980011,1,0.0
C_ID_42992,Megan,Kastensmidt,Furniture,Eldon Wave Desk Accessories,Consumer,New York City,New York,United States,East,Late delivery,28-08-2021,O_ID_3000172,2/9/2021,Second Class,2,5,6.0,299.980011,1,95.54000092
C_ID_41304,Kirestin,McAdams,Office Supplies,"Fellowes Premier Superior Surge Suppressor, 10-Outlet, With Phone and Remote",Corporate,Richmond,Kentucky,United States,South,Late delivery,14-03-2022,O_ID_3000173,14-06-2022,Second Class,2,3,0.0,252.8800049,5,-50.58000183
C_ID_45680,Nora,Bierner,Office Supplies,Economy #2 Pencils,Consumer,Richmond,Kentucky,United States,South,Late delivery,17-10-2022,O_ID_3000174,21-10-2022,Second Class,2,4,4.519999981,452.0400085,5,120.8300018
C_ID_44253,Noelani,Kastensmidt,Office Supplies,Stockwell Push Pins,Consumer,Chesapeake,Virginia,United States,South,Late delivery,14-03-2022,O_ID_3000175,14-06-2022,Second Class,2,3,7.590000153,252.8800049,5,68.68000031
C_ID_46098,Sydnee,McAdams,Office Supplies,Xerox 198,Corporate,Huntington Beach,California,United States,West,Late delivery,16-10-2022,O_ID_3000176,22-10-2022,Second Class,2,6,18.07999992,452.0400085,3,135.8300018
C_ID_41304,Willa,Andreada,Office Supplies,"Southworth 100% Résumé Paper, 24lb.",Consumer,Logan,Utah,United States,West,Late delivery,14-02-2022,O_ID_3000177,14-08-2022,Second Class,2,6,12.64000034,252.8800049,5,78.08000183
C_ID_71077,Alma,McAdams,Technology,Maxell DVD-RAM Discs,Corporate,Logan,Utah,United States,West,Late delivery,1/11/2022,O_ID_3000178,14-03-2022,Second Class,2,5,82.5,1500.0,5,700.0
C_ID_69703,Ila,McAdams,Technology,Panasonic KX-TG9471B,Corporate,Jacksonville,Florida,United States,South,Shipping on time,16-10-2022,O_ID_3000179,18-10-2022,Second Class,2,2,24.86000061,452.0400085,3,21.36000061
C_ID_71112,Belle,Fjeld,Furniture,Global Deluxe High-Back Manager's Chair,Home Office,Huntington Beach,California,United States,West,Late delivery,13-11-2022,O_ID_3000180,17-10-2022,Second Class,2,3,24.86000061,452.0400085,4,213.5899963
C_ID_69810,Alyssa,Fjeld,Furniture,Dana Halogen Swing-Arm Architect Lamp,Home Office,Chicago,Illinois,United States,Central,Late delivery,2/11/2022,O_ID_3000181,14-04-2022,Second Class,2,5,105.0,1500.0,4,55.79999924
C_ID_71092,Lani,Kargatis,Furniture,Global Commerce Series High-Back Swivel/Tilt Chairs,Home Office,Logan,Utah,United States,West,Late delivery,16-10-2022,O_ID_3000182,20-10-2022,Second Class,2,4,31.63999939,452.0400085,3,126.1200027
C_ID_69610,Demetria,Katz,Office Supplies,Avery Hi-Liter Fluorescent Desk Style Markers,Corporate,Logan,Utah,United States,West,Shipping on time,14-03-2022,O_ID_3000183,14-05-2022,Second Class,2,2,22.76000023,252.8800049,5,6.900000095
C_ID_71000,Joan,Fortune-,Office Supplies,GBC Wire Binding Combs,Consumer,Logan,Utah,United States,West,Late delivery,13-10-2022,O_ID_3000184,17-10-2022,Second Class,2,4,40.68000031,452.0400085,3,-277.6700134
C_ID_52662,Mary,Patterson,Office Supplies,3M Organizer Strips,Corporate,Toledo,Ohio,United States,East,Advance shipping,6/6/2022,O_ID_3001647,6/9/2022,Standard Class,4,3,124.9899979,499.9500122,5,134.9900055
C_ID_69626,Audrey,Französisch,Office Supplies,Xerox 1887,Home Office,Tampa,Florida,United States,South,Late delivery,29-10-2022,O_ID_3000186,3/11/2022,Second Class,2,5,135.0,1500.0,3,86.0
C_ID_69482,Riley,Katz,Office Supplies,Xerox 1972,Corporate,Tampa,Florida,United States,South,Shipping on time,16-10-2022,O_ID_3000187,18-10-2022,Second Class,2,2,45.20000076,452.0400085,3,195.2799988
C_ID_70769,Imani,Bensley,Office Supplies,Xerox 1963,Home Office,Tampa,Florida,United States,South,Late delivery,14-01-2022,O_ID_3000188,14-07-2022,Second Class,2,6,25.29000092,252.8800049,5,22.76000023
C_ID_69643,Mechelle,Fortune-,Office Supplies,Carina Double Wide Media Storage Towers in Natural & Black,Consumer,Tampa,Florida,United States,South,Late delivery,20-10-2022,O_ID_3000189,24-10-2022,Second Class,2,4,67.80999756,452.0400085,3,180.5899963
C_ID_71051,Imani,Fortune-,Office Supplies,Staple magnet,Consumer,Tampa,Florida,United States,South,Late delivery,14-01-2022,O_ID_3000190,14-04-2022,Second Class,2,3,37.93000031,252.8800049,5,101.0299988
C_ID_69408,Whitney,Fortune-,Technology,Imation 30456 USB Flash Drive 8GB,Consumer,Raleigh,North Carolina,United States,South,Late delivery,16-10-2022,O_ID_3000191,19-10-2022,Second Class,2,3,72.33000183,452.0400085,3,118.8499985
C_ID_71123,Roanna,Bensley,Technology,Hewlett-Packard Deskjet 6540 Color Inkjet Printer,Home Office,New York City,New York,United States,East,Late delivery,14-01-2022,O_ID_3000192,14-07-2022,Second Class,2,6,42.99000168,252.8800049,5,60.86999893
C_ID_70534,Vivian,Shonely,Furniture,"Eldon Expressions Desk Accessory, Wood Photo Frame, Mahogany",Consumer,New York City,New York,United States,East,Late delivery,14-01-2022,O_ID_3000193,14-06-2022,Second Class,2,5,42.99000168,252.8800049,5,73.45999908
C_ID_69641,Xantha,Shonely,Office Supplies,Insertable Tab Post Binder Dividers,Consumer,New York City,New York,United States,East,Late delivery,14-02-2022,O_ID_3000194,14-07-2022,Second Class,2,5,42.99000168,252.8800049,5,39.88000107
C_ID_70960,Zia,Shonely,Office Supplies,GBC VeloBinder Manual Binding System,Consumer,Lakeville,Minnesota,United States,Central,Late delivery,16-10-2022,O_ID_3000195,20-10-2022,Second Class,2,4,81.37000275,452.0400085,3,177.9199982
C_ID_69908,Mara,Shonely,Office Supplies,Xerox 1889,Consumer,Jackson,Mississippi,United States,South,Late delivery,13-11-2022,O_ID_3000196,17-10-2022,Second Class,2,3,81.37000275,452.0400085,4,129.7400055
C_ID_70957,Sloane,Shonely,Office Supplies,"Hot File 7-Pocket, Floor Stand",Consumer,Dallas,Texas,United States,Central,Late delivery,14-03-2022,O_ID_3000197,14-09-2022,Second Class,2,6,45.52000046,252.8800049,5,62.20999908
C_ID_69637,Winifred,Nunn,Technology,Polycom VoiceStation 500 Conference phone,Home Office,Lakeville,Minnesota,United States,Central,Late delivery,29-10-2022,O_ID_3000198,3/11/2022,Second Class,2,5,300.0,1500.0,3,90.0
C_ID_70955,Giselle,Phan,Furniture,Balt Solid Wood Round Tables,Corporate,Lakeville,Minnesota,United States,Central,Shipping on time,13-11-2022,O_ID_3000199,16-10-2022,Second Class,2,2,113.0100021,452.0400085,4,118.6600037
C_ID_70919,John,Phan,Furniture,Bretford Rectangular Conference Table Tops,Corporate,Jackson,Mississippi,United States,South,Late delivery,13-02-2022,O_ID_3000200,13-07-2022,Second Class,2,5,10.0,999.9899902,5,415.7999878
C_ID_71009,Nancy,Phan,Furniture,"Hon 30"" x 60"" Table with Locking Drawer",Corporate,Jackson,Mississippi,United States,South,Late delivery,12/8/2022,O_ID_3000201,16-09-2022,Second Class,2,5,1.600000024,79.98999786,5,8.619999886
C_ID_69653,Ruth,Nguyen,Office Supplies,Bionaire Personal Warm Mist Humidifier/Vaporizer,Consumer,Lakeville,Minnesota,United States,Central,Late delivery,11/8/2022,O_ID_3000202,16-08-2022,Second Class,2,5,4.0,99.98999786,5,25.92000008
C_ID_69527,Patricia,Haberlin,Office Supplies,Belkin 6 Outlet Metallic Surge Strip,Corporate,Lakeville,Minnesota,United States,Central,Shipping canceled,8/8/2021,O_ID_3000203,16-05-2021,Standard Class,4,5,6.75,134.9700012,1,28.85000038
C_ID_71080,Julie,Zypern,Office Supplies,Newell 333,Consumer,New York City,New York,United States,East,Shipping canceled,7/2/2021,O_ID_3000204,7/7/2021,Standard Class,4,5,21.0,120.0,1,133.9100037
C_ID_70544,Lisa,Nguyen,Office Supplies,Newell 35,Consumer,Dallas,Texas,United States,Central,Shipping canceled,17-08-2021,O_ID_3000205,23-08-2021,Standard Class,4,6,27.0,120.0,1,79.16000366
C_ID_69471,Julie,Nguyen,Office Supplies,Avery Non-Stick Heavy Duty View Round Locking Ring Binders,Consumer,Dallas,Texas,United States,Central,Shipping canceled,7/2/2021,O_ID_3000206,7/7/2021,Standard Class,4,5,27.0,120.0,1,19.11000061
C_ID_68879,Tyler,Haberlin,Office Supplies,"GBC Twin Loop Wire Binding Elements, 9/16"" Spine, Black",Corporate,New York City,New York,United States,East,Shipping canceled,21-05-2021,O_ID_3000207,23-05-2021,Standard Class,4,2,9.0,179.9700012,1,10.77000046
C_ID_67214,Karen,Haberlin,Office Supplies,"Acco Pressboard Covers with Storage Hooks, 9 1/2"" x 11"", Executive Red",Corporate,Jackson,Mississippi,United States,South,Shipping canceled,8/5/2021,O_ID_3000208,8/8/2021,Standard Class,4,3,12.60000038,179.9700012,1,-284.5299988
C_ID_65109,Shawn,Nguyen,Office Supplies,Wilson Jones 14 Line Acrylic Coated Pressboard Data Binders,Consumer,Jackson,Mississippi,United States,South,Shipping canceled,24-04-2021,O_ID_3000209,27-04-2021,Standard Class,4,3,21.60000038,179.9700012,1,69.68000031
C_ID_33824,Mary,Nguyen,Office Supplies,"Memo Book, 100 Message Capacity, 5 3/8” x 11”",Consumer,Philadelphia,Pennsylvania,United States,East,Shipping canceled,10/1/2021,O_ID_3000210,10/3/2021,Standard Class,4,2,1.200000048,119.9700012,1,7.480000019
C_ID_31364,Shawn,Phan,Office Supplies,Xerox 1918,Corporate,San Francisco,California,United States,West,Shipping canceled,24-04-2021,O_ID_3000211,27-04-2021,Standard Class,4,3,1.5,75.0,1,11.02999973
C_ID_40495,Willie,Zypern,Office Supplies,Xerox 1966,Consumer,Jacksonville,Florida,United States,South,Shipping canceled,20-12-2021,O_ID_3000212,26-12-2021,Standard Class,4,6,18.0,150.0,1,-24.8199997
C_ID_31364,Patricia,Zypern,Office Supplies,Xerox 1967,Consumer,Jacksonville,Florida,United States,South,Shipping canceled,8/8/2021,O_ID_3000213,16-05-2021,Standard Class,4,5,18.0,150.0,1,33.0
C_ID_34506,Willie,Phan,Office Supplies,Xerox 1926,Corporate,Burbank,California,United States,West,Shipping canceled,20-12-2021,O_ID_3000214,26-12-2021,Standard Class,4,6,19.5,150.0,1,36.54000092
C_ID_33607,Mary,Haberlin,Office Supplies,EcoTones Memo Sheets,Corporate,Jacksonville,Florida,United States,South,Shipping canceled,2/9/2021,O_ID_3000215,12/3/2021,Standard Class,4,4,20.38999939,119.9700012,1,-76.37000275
C_ID_32617,Nicole,Haberlin,Office Supplies,Xerox 1957,Corporate,Jacksonville,Florida,United States,South,Shipping canceled,30-07-2021,O_ID_3000216,1/8/2021,Standard Class,4,2,20.38999939,119.9700012,1,8.760000229
C_ID_37496,Bruce,Jones,Office Supplies,Xerox 1909,Corporate,Jacksonville,Florida,United States,South,Shipping canceled,20-07-2021,O_ID_3000217,24-07-2021,Standard Class,4,4,0.75,74.97000122,1,36.36999893
C_ID_32617,Mary,Kiefer,Furniture,"Bush Heritage Pine Collection 5-Shelf Bookcase, Albany Pine Finish, *Special Order",Home Office,Burbank,California,United States,West,Shipping canceled,10/6/2021,O_ID_3000218,10/12/2021,Standard Class,4,6,7.679999828,47.97000122,1,18.12999916
C_ID_49075,Melissa,Miller,Furniture,"Dana Fluorescent Magnifying Lamp, White, 36""",Home Office,Burbank,California,United States,West,Shipping canceled,12/9/2021,O_ID_3000219,12/11/2021,Standard Class,4,2,12.0,239.9600067,1,-12.98999977
C_ID_33824,Gregory,Miller,Furniture,"Executive Impressions 13"" Clairmont Wall Clock",Home Office,Jacksonville,Florida,United States,South,Shipping canceled,29-08-2021,O_ID_3000220,12/1/2021,Standard Class,4,6,35.99000168,239.9600067,1,74.04000092
C_ID_49075,Elizabeth,Company,Furniture,Eldon Cleatmat Chair Mats for Medium Pile Carpets,Home Office,Jacksonville,Florida,United States,South,Shipping canceled,19-01-2022,O_ID_3000221,23-01-2022,Standard Class,4,4,0.0,200.0,4,90.0
C_ID_41623,Elizabeth,Miller,Office Supplies,Avery Fluorescent Highlighter Four-Color Set,Home Office,Lakeland,Florida,United States,South,Shipping canceled,19-01-2022,O_ID_3000222,23-01-2022,Standard Class,4,4,3.200000048,159.9600067,4,-2.190000057
C_ID_39271,Mary,Miller,Office Supplies,Staples,Home Office,Lakeland,Florida,United States,South,Shipping canceled,1/10/2021,O_ID_3000223,13-03-2021,Standard Class,4,5,11.0,200.0,1,85.05000305
C_ID_38598,Kelly,Miller,Office Supplies,Xerox 195,Home Office,Lakeland,Florida,United States,South,Advance shipping,12/8/2022,O_ID_3000224,12/10/2022,Standard Class,4,2,6.5,129.9900055,5,28.28000069
C_ID_37845,Mary,Company,Office Supplies,Tennsco 6- and 18-Compartment Lockers,Home Office,Lakeland,Florida,United States,South,Advance shipping,12/12/2022,O_ID_3000225,17-09-2022,Standard Class,4,2,10.0,199.9900055,5,-19.0
C_ID_42331,Carol,Company,Technology,Swingline SM12-08 MicroCut Jam Free Shredder,Home Office,Lakeland,Florida,United States,South,Advance shipping,21-09-2022,O_ID_3000226,23-09-2022,Standard Class,4,2,6.5,129.9900055,5,35.81000137
C_ID_41345,Laura,Miller,Technology,Cisco TelePresence System EX90 Videoconferencing Unit,Home Office,Lakeland,Florida,United States,South,Advance shipping,12/2/2022,O_ID_3000227,12/4/2022,Standard Class,4,2,6.5,129.9900055,5,41.74000168
C_ID_51168,Mary,Miller,Technology,Hewlett-Packard Deskjet 6540 Color Inkjet Printer,Home Office,Lakeland,Florida,United States,South,Advance shipping,10/9/2022,O_ID_3000228,10/11/2022,Standard Class,4,2,6.5,129.9900055,5,-29.38999939
C_ID_51168,Kathy,Connell,Furniture,Document Clip Frames,Corporate,Knoxville,Tennessee,United States,South,Advance shipping,23-08-2022,O_ID_3000229,25-08-2022,Standard Class,4,2,6.5,129.9900055,5,9.260000229
C_ID_43599,Cleo,Connell,Furniture,Eldon Wave Desk Accessories,Corporate,Knoxville,Tennessee,United States,South,Advance shipping,3/11/2022,O_ID_3000230,14-02-2022,Standard Class,4,2,12.64000034,252.8800049,4,81.19999695
C_ID_67206,Jack,Connell,Office Supplies,"Avery Flip-Chart Easel Binder, Black",Corporate,Springfield,Virginia,United States,South,Advance shipping,15-04-2021,O_ID_3000231,15-06-2021,Standard Class,4,2,16.5,299.980011,1,28.35000038
C_ID_67516,Ashley,Connell,Office Supplies,Avery 501,Corporate,Hamilton,Ohio,United States,East,Advance shipping,21-10-2021,O_ID_3000232,23-10-2021,Standard Class,4,2,2.75,49.97999954,1,17.70999908
C_ID_67906,Michelle,Connell,Office Supplies,Crate-A-Files,Corporate,Hamilton,Ohio,United States,East,Advance shipping,28-10-2021,O_ID_3000233,30-10-2021,Standard Class,4,2,11.0,199.9900055,1,66.15000153
C_ID_66821,Jessica,Connell,Technology,"Logitech Wireless Boombox Speaker - portable - wireless, wired",Corporate,Springfield,Virginia,United States,South,Advance shipping,25-09-2022,O_ID_3000234,27-09-2022,Standard Class,4,2,7.150000095,129.9900055,5,57.74000168
C_ID_63061,Hyacinth,Connell,Technology,Cisco 8x8 Inc. 6753i IP Business Phone System,Corporate,Springfield,Virginia,United States,South,Advance shipping,13-09-2022,O_ID_3000235,13-11-2022,Standard Class,4,2,0.620000005,11.28999996,5,0.639999986
C_ID_65951,Bryan,McGarr,Furniture,Global Highback Leather Tilter in Burgundy,Consumer,Knoxville,Tennessee,United States,South,Advance shipping,24-09-2021,O_ID_3000236,26-09-2021,Standard Class,4,2,4.199999809,59.99000168,1,-9.090000153
C_ID_70856,Mary,McGarr,Furniture,DAX Wood Document Frame,Consumer,Springfield,Virginia,United States,South,Advance shipping,10/12/2022,O_ID_3000237,17-07-2022,Standard Class,4,2,9.100000381,129.9900055,5,32.63999939
C_ID_48226,Mary,Hastings,Office Supplies,American Pencil,Corporate,Asheville,North Carolina,United States,South,Advance shipping,11/9/2022,O_ID_3000238,11/11/2022,Standard Class,4,2,28.0,399.980011,5,135.0299988
C_ID_44996,Mark,Brandow,Office Supplies,"Binney & Smith inkTank Erasable Desk Highlighter, Chisel Tip, Yellow, 12/Box",Consumer,Springfield,Virginia,United States,South,Advance shipping,25-10-2021,O_ID_3000239,27-10-2021,Standard Class,4,2,9.100000381,129.9900055,1,3.630000114
C_ID_45471,Jael,Brandow,Office Supplies,"Binney & Smith Crayola Metallic Colored Pencils, 8-Color Set",Consumer,Tucson,Arizona,United States,West,Advance shipping,22-10-2022,O_ID_3000240,24-10-2022,Standard Class,4,2,25.0,357.1000061,3,124.5400009
C_ID_68226,James,Hastings,Office Supplies,"Wilson Jones Ledger-Size, Piano-Hinge Binder, 2"", Blue",Corporate,Portage,Indiana,United States,Central,Advance shipping,2/8/2022,O_ID_3000241,11/1/2022,Standard Class,4,2,4.199999809,59.99000168,5,26.21999931
C_ID_69381,James,Hastings,Office Supplies,Avery 492,Corporate,Greensboro,North Carolina,United States,South,Advance shipping,2/8/2022,O_ID_3000242,11/1/2022,Standard Class,4,2,9.100000381,129.9900055,5,-48.36000061
C_ID_56972,Mary,Vernon,Office Supplies,"Peel & Seel Recycled Catalog Envelopes, Brown",Corporate,Jackson,Michigan,United States,Central,Advance shipping,6/5/2022,O_ID_3001648,6/8/2022,Standard Class,4,3,5.0,499.9500122,5,148.4900055
C_ID_63256,Mary,Hastings,Office Supplies,Xerox 1919,Corporate,Tucson,Arizona,United States,West,Advance shipping,16-09-2022,O_ID_3000244,18-09-2022,Standard Class,4,2,14.0,199.9900055,5,-316.1799927
C_ID_59662,Mary,Harrigan,Furniture,Safco Contoured Stacking Chairs,Consumer,Brentwood,California,United States,West,Advance shipping,17-05-2022,O_ID_3001668,20-05-2022,Standard Class,4,3,0.0,499.9500122,5,156.4799957
C_ID_45281,Mary,Hastings,Technology,Samsung Galaxy S4 Active,Corporate,Los Angeles,California,United States,West,Advance shipping,24-09-2022,O_ID_3000246,26-09-2022,Standard Class,4,2,21.0,299.980011,5,27.89999962
C_ID_70031,John,Fritzler,Furniture,Office Star - Mesh Screen back chair with Vinyl seat,Corporate,Los Angeles,California,United States,West,Advance shipping,29-08-2022,O_ID_3000247,31-08-2022,Standard Class,4,2,27.0,299.980011,5,-423.1199951
C_ID_64471,Mary,Mathis,Office Supplies,"Avery Hi-Liter EverBold Pen Style Fluorescent Highlighters, 4/Pack",Consumer,Fresno,California,United States,West,Advance shipping,12/12/2022,O_ID_3000248,17-09-2022,Standard Class,4,2,36.0,399.980011,5,41.13000107
C_ID_64471,Gary,Carroll,Office Supplies,GBC Prestige Therm-A-Bind Covers,Consumer,New York City,New York,United States,East,Advance shipping,18-08-2022,O_ID_3000249,20-08-2022,Standard Class,4,2,11.69999981,129.9900055,5,55.59999847
C_ID_71282,Raymond,Waco,Furniture,Safco Drafting Table,Corporate,Detroit,Michigan,United States,Central,Shipping on time,19-06-2022,O_ID_3004490,21-06-2022,Second Class,2,2,15.0,499.9500122,5,87.29000092
C_ID_62817,Robert,McGrath,Office Supplies,Newell 33,Consumer,Chicago,Illinois,United States,Central,Shipping on time,26-04-2022,O_ID_3004492,28-04-2022,Second Class,2,2,89.98999786,499.9500122,5,97.5699997
C_ID_62161,James,Geld,Office Supplies,Avery 476,Consumer,San Francisco,California,United States,West,Advance shipping,2/8/2022,O_ID_3000252,11/1/2022,Standard Class,4,2,11.69999981,129.9900055,5,42.93999863
C_ID_68141,Mary,O'Donnell,Office Supplies,Economy Rollaway Files,Consumer,San Francisco,California,United States,West,Advance shipping,18-07-2022,O_ID_3000253,20-07-2022,Standard Class,4,2,18.0,500.0,5,50.04999924
C_ID_66336,Mary,O'Donnell,Technology,Ooma Telo VoIP Home Phone System,Consumer,San Francisco,California,United States,West,Advance shipping,24-10-2021,O_ID_3000254,26-10-2021,Standard Class,4,2,3.599999905,39.99000168,1,16.37999916
C_ID_67516,Cynthia,Satty,Furniture,"DAX Contemporary Wood Frame with Silver Metal Mat, Desktop, 11 x 14 Size",Consumer,San Francisco,California,United States,West,Advance shipping,19-10-2021,O_ID_3000255,21-10-2021,Standard Class,4,2,10.0,99.98999786,1,30.42000008
C_ID_65576,John,Daly,Office Supplies,Xerox 190,Consumer,San Francisco,California,United States,West,Advance shipping,12/11/2022,O_ID_3000256,16-09-2022,Standard Class,4,2,30.0,299.9899902,4,27.0
C_ID_64821,Linda,Zypern,Furniture,"Iceberg Nesting Folding Chair, 19w x 6d x 43h",Consumer,Pomona,California,United States,West,Advance shipping,22-09-2022,O_ID_3000257,24-09-2022,Standard Class,4,2,30.0,299.980011,5,17.01000023
C_ID_50847,Donna,Jacobs,Office Supplies,"Wilson Jones Hanging View Binder, White, 1""",Consumer,Los Angeles,California,United States,West,Shipping on time,1/5/2022,O_ID_3004502,3/5/2022,Second Class,2,2,89.98999786,499.9500122,5,20.5
C_ID_63362,Mary,Barreto,Office Supplies,Xerox 1983,Consumer,San Francisco,California,United States,West,Shipping on time,21-04-2022,O_ID_3004510,23-04-2022,Second Class,2,2,45.0,499.9500122,5,104.6399994
C_ID_63461,Mari,Anderson,Office Supplies,Newell 35,Consumer,Springfield,Ohio,United States,East,Advance shipping,23-10-2022,O_ID_3000260,25-10-2022,Standard Class,4,2,42.84999847,357.1000061,3,98.36000061
C_ID_45196,Linda,Anderson,Technology,Imation Swivel Flash Drive USB flash drive - 8 GB,Consumer,Des Moines,Iowa,United States,Central,Advance shipping,22-09-2022,O_ID_3000261,24-09-2022,Standard Class,4,2,36.0,299.980011,5,-57.27999878
C_ID_44816,Mary,Kotsonis,Office Supplies,Newell 308,Corporate,Des Moines,Iowa,United States,Central,Advance shipping,16-09-2022,O_ID_3000262,18-09-2022,Standard Class,4,2,48.0,399.980011,5,17.60000038
C_ID_67476,Shafira,Kotsonis,Office Supplies,Wilson Jones Leather-Like Binders with DublLock Round Rings,Corporate,Albuquerque,New Mexico,United States,West,Advance shipping,13-12-2022,O_ID_3000263,17-10-2022,Standard Class,4,2,54.24000168,452.0400085,5,149.1699982
C_ID_63362,Victoria,Boeckenhauer,Furniture,"Bush Andora Bookcase, Maple/Graphite Gray Finish",Consumer,Baltimore,Maryland,United States,East,Shipping on time,6/5/2022,O_ID_3004513,6/7/2022,Second Class,2,2,15.0,499.9500122,5,242.4799957
C_ID_61811,Ashley,Doherty,Technology,SanDisk Ultra 32 GB MicroSDHC Class 10 Memory Card,Corporate,San Francisco,California,United States,West,Advance shipping,21-10-2021,O_ID_3000265,23-10-2021,Standard Class,4,2,52.0,120.0,1,87.0
C_ID_67051,Mary,Kotsonis,Technology,Griffin GC17055 Auxiliary Audio Cable,Corporate,Brownsville,Texas,United States,Central,Advance shipping,28-10-2021,O_ID_3000266,30-10-2021,Standard Class,4,2,26.0,199.9900055,1,83.51999664
C_ID_70136,Kelly,Pelletier,Furniture,Chromcraft Bull-Nose Wood Oval Conference Tables & Bases,Home Office,New York City,New York,United States,East,Advance shipping,12/8/2022,O_ID_3000267,12/10/2022,Standard Class,4,2,52.0,399.980011,1,74.12000275
C_ID_68001,John,VanderZanden,Furniture,Hon 94000 Series Round Tables,Consumer,Long Beach,New York,United States,East,Advance shipping,12/11/2022,O_ID_3000268,16-09-2022,Standard Class,4,2,26.0,199.9900055,4,21.75
C_ID_67586,Anna,VanderZanden,Office Supplies,Poly String Tie Envelopes,Consumer,Brownsville,Texas,United States,Central,Advance shipping,25-09-2022,O_ID_3000269,27-09-2022,Standard Class,4,2,45.5,349.9899902,1,63.93999863
C_ID_69586,Daniel,Raglin,Technology,AT&T TR1909W,Home Office,Seattle,Washington,United States,West,Shipping on time,20-07-2021,O_ID_3000270,22-07-2021,Second Class,2,2,40.0,250.0,1,54.59999847
C_ID_67126,Anthony,Gockenbach,Furniture,Bush Advantage Collection Racetrack Conference Table,Consumer,Apple Valley,Minnesota,United States,Central,Shipping on time,16-06-2021,O_ID_3000271,18-06-2021,Second Class,2,2,49.97999954,249.8999939,1,17.59000015
C_ID_44996,Mary,Armstrong,Furniture,O'Sullivan Living Dimensions 2-Shelf Bookcases,Consumer,Seattle,Washington,United States,West,Shipping on time,10/12/2021,O_ID_3000272,17-07-2021,Second Class,2,2,20.0,199.9499969,1,88.18000031
C_ID_45456,Mary,Packer,Furniture,"Global Stack Chair without Arms, Black",Home Office,Brownsville,Texas,United States,Central,Shipping on time,25-08-2021,O_ID_3000273,27-08-2021,Second Class,2,2,50.0,250.0,1,50.0
C_ID_67206,Kathleen,Gilcrest,Office Supplies,"Sanford EarthWrite Recycled Pencils, Medium Soft, #2",Corporate,Tampa,Florida,United States,South,Shipping on time,9/4/2021,O_ID_3000274,9/6/2021,Second Class,2,2,29.98999977,249.8999939,1,101.1600037
C_ID_67476,Kathleen,Miller,Office Supplies,Peel-Off China Markers,Consumer,San Francisco,California,United States,West,Shipping on time,9/4/2021,O_ID_3000275,9/6/2021,Second Class,2,2,64.98999786,120.0,1,147.0200043
C_ID_68186,Mary,Packer,Office Supplies,Airmail Envelopes,Home Office,Tampa,Florida,United States,South,Shipping on time,16-05-2021,O_ID_3000276,18-05-2021,Second Class,2,2,4.400000095,110.0,1,-71.80999756
C_ID_38581,Diane,liebe,Office Supplies,Avery 490,Corporate,Miami,Florida,United States,South,Shipping on time,22-07-2021,O_ID_3000277,24-07-2021,Second Class,2,2,35.0,120.0,1,79.04000092
C_ID_36291,Mary,Carroll,Office Supplies,Space Solutions Commercial Steel Shelving,Consumer,Tampa,Florida,United States,South,Shipping on time,23-06-2021,O_ID_3000278,25-06-2021,Second Class,2,2,30.0,120.0,1,64.79000092
C_ID_38251,Mary,liebe,Office Supplies,Sterilite Show Offs Storage Containers,Corporate,Chicago,Illinois,United States,Central,Shipping on time,11/11/2021,O_ID_3000279,16-08-2021,Second Class,2,2,42.47999954,249.8999939,1,75.29000092
C_ID_41056,Mary,Packer,Technology,Innergie mMini Combo Duo USB Travel Charging Kit,Home Office,Philadelphia,Pennsylvania,United States,East,Shipping on time,22-05-2021,O_ID_3000280,24-05-2021,Second Class,2,2,2.5,250.0,1,64.34999847
C_ID_35691,Mary,Glocke,Furniture,"Global Leather Highback Executive Chair with Pneumatic Height Adjustment, Black",Consumer,San Francisco,California,United States,West,Shipping on time,26-08-2021,O_ID_3000281,28-08-2021,Second Class,2,2,17.5,250.0,1,60.45000076
C_ID_35691,Mary,Avila,Office Supplies,Fellowes Advanced Computer Series Surge Protectors,Consumer,Chicago,Illinois,United States,Central,Shipping on time,11/6/2021,O_ID_3000282,11/8/2021,Second Class,2,2,32.49000168,249.8999939,1,78.26999664
C_ID_34181,Jerry,Glocke,Office Supplies,"Binney & Smith inkTank Erasable Desk Highlighter, Chisel Tip, Yellow, 12/Box",Consumer,Vallejo,California,United States,West,Shipping on time,10/5/2021,O_ID_3000283,10/7/2021,Second Class,2,2,74.98999786,120.0,1,17.0
C_ID_38746,Mary,Bern,Office Supplies,Avery Hole Reinforcements,Corporate,Revere,Massachusetts,United States,East,Shipping on time,29-06-2021,O_ID_3000284,1/7/2021,Second Class,2,2,12.78999996,79.94999695,1,23.51000023
C_ID_36771,Mary,Glocke,Office Supplies,Ibico Plastic and Wire Spiral Binding Combs,Consumer,Vallejo,California,United States,West,Shipping on time,23-07-2021,O_ID_3000285,25-07-2021,Second Class,2,2,22.48999977,124.9499969,1,35.86000061
C_ID_40321,Mary,Dickinson,Office Supplies,Fellowes Black Plastic Comb Bindings,Consumer,Revere,Massachusetts,United States,East,Shipping on time,19-07-2021,O_ID_3000286,21-07-2021,Second Class,2,2,0.0,120.0,1,-824.9199829
C_ID_34566,Henry,O'Carroll,Office Supplies,Avery Round Ring Poly Binders,Consumer,Virginia Beach,Virginia,United States,South,Shipping on time,19-04-2021,O_ID_3000287,21-04-2021,Second Class,2,2,0.0,139.9499969,1,-102.5800018
C_ID_41121,Mary,Avila,Office Supplies,GBC DocuBind 200 Manual Binding Machine,Consumer,Athens,Georgia,United States,South,Shipping on time,27-04-2021,O_ID_3000288,29-04-2021,Second Class,2,2,2.0,199.9499969,1,89.08000183
C_ID_39946,Mary,Dickinson,Technology,Kensington SlimBlade Notebook Wireless Mouse with Nano Receiver,Consumer,Houston,Texas,United States,Central,Shipping on time,22-05-2021,O_ID_3000289,24-05-2021,Second Class,2,2,5.0,250.0,1,4.900000095
C_ID_37801,Hannah,Miller,Office Supplies,"Pressboard Data Binder, Crimson, 12"" X 8 1/2""",Consumer,Houston,Texas,United States,Central,Shipping on time,20-04-2021,O_ID_3000290,22-04-2021,Second Class,2,2,22.5,250.0,1,22.75
C_ID_37151,Mary,Harms,Office Supplies,Zipper Ring Binder Pockets,Corporate,Athens,Georgia,United States,South,Shipping on time,16-07-2021,O_ID_3000291,18-07-2021,Second Class,2,2,22.48999977,249.8999939,1,79.58999634
C_ID_38836,Carolyn,Miller,Office Supplies,Avery 490,Consumer,Athens,Georgia,United States,South,Shipping on time,23-08-2021,O_ID_3000292,25-08-2021,Second Class,2,2,24.98999977,249.8999939,1,-19.79000092
C_ID_38526,Mary,Harms,Office Supplies,Rogers Profile Extra Capacity Storage Tub,Corporate,Los Angeles,California,United States,West,Shipping on time,11/1/2021,O_ID_3000293,11/3/2021,Second Class,2,2,40.0,250.0,1,100.8000031
C_ID_32311,Mary,Häberlin,Furniture,Luxo Adjustable Task Clamp Lamp,Corporate,Los Angeles,California,United States,West,Shipping on time,8/6/2021,O_ID_3000294,8/8/2021,Second Class,2,2,50.0,250.0,1,-140.0
C_ID_32841,Mary,Dowd,Office Supplies,Euro-Pro Shark Turbo Vacuum,Consumer,Los Angeles,California,United States,West,Shipping on time,22-05-2021,O_ID_3000295,24-05-2021,Second Class,2,2,49.97999954,249.8999939,1,2.599999905
C_ID_34541,Mary,Craven,Office Supplies,Xerox 1947,Consumer,Detroit,Michigan,United States,Central,Advance shipping,25-11-2021,O_ID_3000296,27-11-2021,Standard Class,4,2,0.0,299.980011,1,137.9900055
C_ID_32356,Amy,Craven,Office Supplies,Xerox 1898,Consumer,Detroit,Michigan,United States,Central,Advance shipping,3/9/2021,O_ID_3000297,12/2/2021,Standard Class,4,2,1.299999952,129.9900055,1,8.109999657
C_ID_38346,Jesse,Dowd,Office Supplies,Xerox 1990,Consumer,Los Angeles,California,United States,West,Advance shipping,29-10-2021,O_ID_3000298,31-10-2021,Standard Class,4,2,1.299999952,129.9900055,1,14.27999973
C_ID_40936,Mary,Dowd,Technology,Motorola Droid Maxx,Consumer,San Francisco,California,United States,West,Advance shipping,1/12/2021,O_ID_3000299,3/12/2021,Standard Class,4,2,15.0,299.980011,1,-455.9700012
C_ID_39651,Mary,Edelman,Office Supplies,Staple envelope,Corporate,Lafayette,Louisiana,United States,South,Advance shipping,12/2/2021,O_ID_3000300,12/4/2021,Standard Class,4,2,2.75,49.97999954,1,23.13999939
C_ID_33641,Robert,Edelman,Technology,Logitech G600 MMO Gaming Mouse,Corporate,Lafayette,Louisiana,United States,South,Advance shipping,1/1/2022,O_ID_3000301,3/1/2022,Standard Class,4,2,28.0,399.980011,1,45.38000107
C_ID_34541,Mary,Edelman,Technology,Enermax Briskie RF Wireless Keyboard and Mouse Combo,Corporate,Lafayette,Louisiana,United States,South,Advance shipping,23-10-2021,O_ID_3000302,25-10-2021,Standard Class,4,2,11.69999981,129.9900055,1,41.40000153
C_ID_47351,Mary,Satty,Furniture,Advantus Panel Wall Acrylic Frame,Consumer,Lafayette,Louisiana,United States,South,Advance shipping,22-11-2021,O_ID_3000303,24-11-2021,Standard Class,4,2,6.5,50.0,1,7.090000153
C_ID_41696,Mary,Satty,Office Supplies,Newell 319,Consumer,Alexandria,Virginia,United States,South,Advance shipping,4/1/2022,O_ID_3000304,4/3/2022,Standard Class,4,2,26.0,199.9900055,1,17.39999962
C_ID_45526,Mary,Zewe,Office Supplies,Avery Non-Stick Binders,Corporate,Dearborn Heights,Michigan,United States,Central,Advance shipping,4/1/2022,O_ID_3000305,4/3/2022,Standard Class,4,2,19.5,129.9900055,1,34.58000183
C_ID_47766,Mary,Knutson,Office Supplies,Avery 518,Home Office,Dearborn Heights,Michigan,United States,Central,Advance shipping,25-11-2021,O_ID_3000306,27-11-2021,Standard Class,4,2,30.0,199.9900055,1,61.20000076
C_ID_41836,Robert,Black,Office Supplies,Xerox 1966,Corporate,Alexandria,Virginia,United States,South,Advance shipping,1/1/2022,O_ID_3000307,3/1/2022,Standard Class,4,2,20.79999924,129.9900055,1,52.40999985
C_ID_49881,Marie,Black,Office Supplies,Xerox 209,Corporate,Richmond,Kentucky,United States,South,Advance shipping,18-09-2021,O_ID_3000308,20-09-2021,Standard Class,4,2,64.0,120.0,1,21.17000008
C_ID_45136,Amy,Black,Office Supplies,Safco Commercial Shelving,Corporate,Dearborn Heights,Michigan,United States,Central,Advance shipping,3/9/2021,O_ID_3000309,12/2/2021,Standard Class,4,2,32.0,199.9900055,1,75.59999847
C_ID_47191,Mary,Black,Technology,Logitech Wireless Marathon Mouse M705,Corporate,Alexandria,Virginia,United States,South,Advance shipping,4/1/2022,O_ID_3000310,4/3/2022,Standard Class,4,2,20.79999924,129.9900055,1,-24.5699997
C_ID_50116,Mary,Maxwell,Office Supplies,Newell 321,Corporate,New York City,New York,United States,East,Advance shipping,25-11-2021,O_ID_3000311,27-11-2021,Standard Class,4,2,32.0,199.9900055,1,-21.67000008
C_ID_50116,Robert,Dartt,Office Supplies,Stanley Contemporary Battery Pencil Sharpeners,Consumer,Dearborn Heights,Michigan,United States,Central,Advance shipping,1/1/2022,O_ID_3000312,3/1/2022,Standard Class,4,2,36.0,199.9900055,1,57.40000153
C_ID_47351,Mary,Dartt,Office Supplies,"Binney & Smith Crayola Metallic Colored Pencils, 8-Color Set",Consumer,Decatur,Illinois,United States,Central,Advance shipping,14-02-2021,O_ID_3000313,14-04-2021,Standard Class,4,2,72.0,120.0,1,20.65999985
C_ID_49881,Marie,Maxwell,Office Supplies,Crayola Colored Pencils,Corporate,Decatur,Illinois,United States,Central,Advance shipping,18-09-2021,O_ID_3000314,20-09-2021,Standard Class,4,2,54.0,299.980011,1,71.33999634
C_ID_42691,Mary,Phan,Office Supplies,Ibico Standard Transparent Covers,Corporate,Alexandria,Virginia,United States,South,Advance shipping,20-12-2021,O_ID_3000315,22-12-2021,Standard Class,4,2,23.39999962,129.9900055,1,38.68999863
C_ID_41696,Jesse,Dartt,Office Supplies,"Fellowes Twister Kit, Gray/Clear, 3/pkg",Consumer,Alexandria,Virginia,United States,South,Advance shipping,29-10-2021,O_ID_3000316,31-10-2021,Standard Class,4,2,54.0,299.980011,1,105.7699966
C_ID_50116,Robert,Maxwell,Office Supplies,Xerox 1957,Corporate,Los Angeles,California,United States,West,Advance shipping,1/1/2022,O_ID_3000317,3/1/2022,Standard Class,4,2,75.0,299.980011,1,51.75
C_ID_47351,Mary,Hopkins,Office Supplies,"Eaton Premium Continuous-Feed Paper, 25% Cotton, Letter Size, White, 1000 Shts/Box",Home Office,Los Angeles,California,United States,West,Advance shipping,4/1/2022,O_ID_3000318,4/3/2022,Standard Class,4,2,100.0,399.980011,1,122.9899979
C_ID_49881,Crystal,Dartt,Office Supplies,Space Solutions HD Industrial Steel Shelving.,Consumer,Seattle,Washington,United States,West,Advance shipping,3/9/2021,O_ID_3000319,12/2/2021,Standard Class,4,2,0.0,199.9900055,1,52.0
C_ID_45986,Ryan,Grady,Office Supplies,Adjustable Personal File Tote,Corporate,Philadelphia,Pennsylvania,United States,East,Advance shipping,30-08-2021,O_ID_3000320,1/9/2021,Standard Class,4,2,0.0,59.99000168,1,-104.9800034
C_ID_42691,Jennifer,Grady,Office Supplies,"Tenex File Box, Personal Filing Tote with Lid, Black",Corporate,Los Angeles,California,United States,West,Advance shipping,25-09-2021,O_ID_3000321,27-09-2021,Standard Class,4,2,0.0,129.9900055,1,-103.9899979
C_ID_49096,Robert,Maxwell,Office Supplies,Martin Yale Chadless Opener Electric Letter Opener,Corporate,Los Angeles,California,United States,West,Advance shipping,21-09-2021,O_ID_3000322,23-09-2021,Standard Class,4,2,0.0,120.0,1,84.40000153
C_ID_45526,Mary,Maxwell,Technology,AT&T CL82213,Corporate,Lancaster,Pennsylvania,United States,East,Advance shipping,14-11-2021,O_ID_3000323,16-11-2021,Standard Class,4,2,0.0,129.9900055,1,65.0
C_ID_49881,Mary,Yotov,Furniture,Tenex B1-RE Series Chair Mats for Low Pile Carpets,Corporate,Los Angeles,California,United States,West,Advance shipping,26-09-2021,O_ID_3000324,28-09-2021,Standard Class,4,2,0.0,129.9900055,1,42.90000153
C_ID_50116,Mary,Yotov,Furniture,C-Line Cubicle Keepers Polyproplyene Holder With Velcro Backings,Corporate,Los Angeles,California,United States,West,Advance shipping,14-11-2021,O_ID_3000325,16-11-2021,Standard Class,4,2,1.299999952,129.9900055,1,61.77000046
C_ID_41681,Mary,Cohen,Furniture,"Chromcraft Bull-Nose Wood Round Conference Table Top, Wood Base",Corporate,Philadelphia,Pennsylvania,United States,East,Advance shipping,26-09-2021,O_ID_3000326,28-09-2021,Standard Class,4,2,1.0,99.98999786,1,46.52999878
C_ID_41436,Mary,Daniels,Furniture,KI Adjustable-Height Table,Home Office,Seattle,Washington,United States,West,Advance shipping,12/10/2021,O_ID_3000327,12/12/2021,Standard Class,4,2,2.599999905,129.9900055,1,14.39999962
C_ID_43196,Robert,Hawley,Office Supplies,Boston Home & Office Model 2000 Electric Pencil Sharpeners,Corporate,Los Angeles,California,United States,West,Advance shipping,14-11-2021,O_ID_3000328,16-11-2021,Standard Class,4,2,8.0,120.0,1,29.39999962
C_ID_42901,Angela,Hawley,Office Supplies,"Avery Trapezoid Ring Binder, 3"" Capacity, Black, 1040 sheets",Corporate,Philadelphia,Pennsylvania,United States,East,Advance shipping,16-09-2021,O_ID_3000329,18-09-2021,Standard Class,4,2,4.0,199.9900055,1,73.5
C_ID_46591,Mary,Phonely,Office Supplies,Large Capacity Hanging Post Binders,Corporate,Mobile,Alabama,United States,South,Advance shipping,18-12-2021,O_ID_3000330,20-12-2021,Standard Class,4,2,1.0,49.97999954,1,16.55999947
C_ID_43241,Richard,Yotov,Office Supplies,Xerox 194,Corporate,Columbia,South Carolina,United States,South,Advance shipping,24-09-2021,O_ID_3000331,26-09-2021,Standard Class,4,2,1.200000048,59.99000168,1,-13.22999954
C_ID_46591,Mary,Yotov,Office Supplies,Xerox 211,Corporate,Marietta,Georgia,United States,South,Advance shipping,31-12-2021,O_ID_3000332,2/1/2022,Standard Class,4,2,4.0,199.9900055,1,15.68000031
C_ID_43241,Joseph,Daniels,Office Supplies,Martin-Yale Premier Letter Opener,Home Office,Columbia,South Carolina,United States,South,Advance shipping,19-12-2021,O_ID_3000333,21-12-2021,Standard Class,4,2,2.599999905,129.9900055,1,-14.39999962
C_ID_42361,Cheryl,Cohen,Technology,Kingston Digital DataTraveler 32GB USB 2.0,Corporate,Marietta,Georgia,United States,South,Advance shipping,30-11-2021,O_ID_3000334,2/12/2021,Standard Class,4,2,1.200000048,59.99000168,1,-13.22999954
C_ID_46596,Raymond,Hawley,Technology,Razer Kraken 7.1 Surround Sound Over Ear USB Gaming Headset,Corporate,Decatur,Alabama,United States,South,Advance shipping,14-09-2021,O_ID_3000335,14-11-2021,Standard Class,4,2,2.599999905,129.9900055,1,-15.92000008
C_ID_42551,Robert,Daniels,Technology,Imation Secure+ Hardware Encrypted USB 2.0 Flash Drive; 16GB,Home Office,Concord,California,United States,West,Advance shipping,14-11-2021,O_ID_3000336,16-11-2021,Standard Class,4,2,12.0,120.0,1,-1047.550049
C_ID_48941,John,Johnson,Furniture,"Stacking Tray, Side-Loading, Legal, Smoke",Consumer,Toledo,Ohio,United States,East,Advance shipping,3/9/2021,O_ID_3000337,12/2/2021,Standard Class,4,2,1.649999976,54.97000122,1,6.670000076
C_ID_43141,Daniel,Schwarz,Office Supplies,Xerox 1945,Corporate,Glendale,Arizona,United States,West,Advance shipping,16-01-2022,O_ID_3000338,18-01-2022,Standard Class,4,2,6.0,199.9900055,1,60.72000122
C_ID_49856,Kimberly,Mitchum,Office Supplies,Xerox 226,Home Office,Chandler,Arizona,United States,West,Advance shipping,28-11-2021,O_ID_3000339,30-11-2021,Standard Class,4,2,1.5,49.97999954,1,13.5699997
C_ID_49026,Mary,Schwarz,Technology,AT&T TR1909W,Corporate,Glendale,Arizona,United States,West,Advance shipping,31-12-2021,O_ID_3000340,2/1/2022,Standard Class,4,2,3.900000095,129.9900055,1,63.04999924
C_ID_47746,Robert,Mitchum,Technology,RCA Visys Integrated PBX 8-Line Router,Home Office,Concord,California,United States,West,Advance shipping,21-09-2021,O_ID_3000341,23-09-2021,Standard Class,4,2,6.0,199.9900055,1,13.0
C_ID_46501,Mary,Ausman,Furniture,"SAFCO PlanMaster Boards, 60w x 37-1/2d, White Melamine",Corporate,Lewiston,Idaho,United States,West,Advance shipping,12/1/2021,O_ID_3000342,12/3/2021,Standard Class,4,2,3.900000095,129.9900055,1,60.52000046
C_ID_46596,Rebecca,Mautz,Furniture,Bevis 36 x 72 Conference Tables,Home Office,Miami,Florida,United States,South,Advance shipping,15-12-2021,O_ID_3000343,17-12-2021,Standard Class,4,2,1.5,50.0,1,8.729999542
C_ID_41666,Judy,Stevenson,Furniture,Riverside Furniture Stanwyck Manor Table Series,Consumer,Miami,Florida,United States,South,Advance shipping,1/9/2021,O_ID_3000344,3/9/2021,Standard Class,4,2,3.0,99.98999786,1,10.96000004
C_ID_50921,Raymond,Mitchum,Office Supplies,Binder Clips by OIC,Corporate,Great Falls,Montana,United States,West,Advance shipping,14-09-2021,O_ID_3000345,14-11-2021,Standard Class,4,2,12.0,120.0,1,186.2299957
C_ID_47546,Mary,Chand,Office Supplies,"Alliance Super-Size Bands, Assorted Sizes",Home Office,Miami,Florida,United States,South,Advance shipping,2/10/2021,O_ID_3000346,13-01-2021,Standard Class,4,2,5.199999809,129.9900055,1,15.60000038
C_ID_49856,Mary,Mitchum,Office Supplies,Things To Do Today Spiral Book,Corporate,Miami,Florida,United States,South,Advance shipping,22-12-2021,O_ID_3000347,24-12-2021,Standard Class,4,2,4.0,99.98999786,1,21.60000038
C_ID_42901,Amber,Mautz,Technology,Logitech Wireless Headset h800,Home Office,Great Falls,Montana,United States,West,Advance shipping,23-12-2021,O_ID_3000348,25-12-2021,Standard Class,4,2,12.0,299.980011,1,36.0
C_ID_41786,Judy,Engle,Office Supplies,GBC Personal VeloBind Strips,Consumer,Great Falls,Montana,United States,West,Advance shipping,1/9/2021,O_ID_3000349,3/9/2021,Standard Class,4,2,4.0,99.98999786,1,32.63999939
C_ID_48761,Timothy,Kimmel,Office Supplies,"Acco Banker's Clasps, 5 3/4""-Long",Consumer,Austin,Texas,United States,Central,Advance shipping,21-09-2021,O_ID_3000350,23-09-2021,Standard Class,4,2,5.199999809,129.9900055,1,58.65000153
C_ID_41541,Raymond,Kimmel,Office Supplies,Xerox 224,Consumer,Redondo Beach,California,United States,West,Advance shipping,14-09-2021,O_ID_3000351,14-11-2021,Standard Class,4,2,12.0,299.980011,1,138.2299957
C_ID_46501,Daniel,Moray,Office Supplies,Eldon Simplefile Box Office,Consumer,Lodi,California,United States,West,Advance shipping,16-01-2022,O_ID_3000352,18-01-2022,Standard Class,4,2,1.600000024,31.98999977,1,5.710000038
C_ID_43661,Amber,Kimmel,Technology,Logitech Wireless Anywhere Mouse MX for PC and Mac,Consumer,Redondo Beach,California,United States,West,Advance shipping,23-12-2021,O_ID_3000353,25-12-2021,Standard Class,4,2,15.0,299.980011,1,71.25
C_ID_49211,Mary,Kimmel,Technology,Logitech Wireless Gaming Headset G930,Consumer,Bloomington,Indiana,United States,Central,Advance shipping,31-12-2021,O_ID_3000354,2/1/2022,Standard Class,4,2,15.0,299.980011,1,82.63999939
C_ID_49311,Keith,Moray,Technology,Memorex Mini Travel Drive 64 GB USB 2.0 Flash Drive,Consumer,Redondo Beach,California,United States,West,Advance shipping,13-07-2021,O_ID_3000355,13-09-2021,Standard Class,4,2,11.0,199.9900055,1,90.72000122
C_ID_41541,Ryan,Moray,Technology,AT&T SB67148 SynJ,Consumer,Redondo Beach,California,United States,West,Advance shipping,30-08-2021,O_ID_3000356,1/9/2021,Standard Class,4,2,22.0,120.0,1,173.8699951
C_ID_42916,Jennifer,Mitchum,Technology,Jawbone JAMBOX Wireless Bluetooth Speaker,Home Office,Philadelphia,Pennsylvania,United States,East,Advance shipping,25-09-2021,O_ID_3000357,27-09-2021,Standard Class,4,2,1.370000005,24.98999977,1,7.679999828
C_ID_46501,Grace,Nguyen,Furniture,O'Sullivan Living Dimensions 2-Shelf Bookcases,Corporate,Philadelphia,Pennsylvania,United States,East,Advance shipping,3/1/2022,O_ID_3000358,4/2/2022,Standard Class,4,2,16.5,299.980011,1,99.22000122
C_ID_50921,Rebecca,Hooks,Office Supplies,Prismacolor Color Pencil Set,Corporate,Philadelphia,Pennsylvania,United States,East,Advance shipping,21-12-2021,O_ID_3000359,23-12-2021,Standard Class,4,2,16.5,299.980011,1,28.35000038
C_ID_49311,Arthur,Nguyen,Office Supplies,Recycled Pressboard Report Cover with Reinforced Top Hinge,Corporate,Baltimore,Maryland,United States,East,Advance shipping,12/5/2021,O_ID_3000360,12/7/2021,Standard Class,4,2,22.0,120.0,1,170.0899963
C_ID_49856,Mary,Visinsky,Office Supplies,Xerox 213,Consumer,Philadelphia,Pennsylvania,United States,East,Advance shipping,30-09-2021,O_ID_3000361,2/10/2021,Standard Class,4,2,4.199999809,59.99000168,1,27.34000015
C_ID_44191,Mary,Nguyen,Technology,AT&T 1080 Corded phone,Corporate,Los Angeles,California,United States,West,Advance shipping,29-10-2021,O_ID_3000362,31-10-2021,Standard Class,4,2,9.100000381,129.9900055,1,-48.36000061
C_ID_41436,James,Nguyen,Technology,Pyle PMP37LED,Corporate,Los Angeles,California,United States,West,Shipping on time,30-04-2021,O_ID_3000363,30-04-2021,Same Day,0,0,48.0,120.0,1,-246.3800049
C_ID_43196,Emily,Doherty,Office Supplies,Newell 314,Corporate,Wilmington,North Carolina,United States,South,Shipping on time,4/8/2022,O_ID_3000364,4/8/2022,Same Day,0,0,39.97999954,249.8999939,5,102.8600006
C_ID_50046,Elizabeth,Doherty,Office Supplies,Fellowes PB200 Plastic Comb Binding Machine,Corporate,Houston,Texas,United States,Central,Shipping on time,28-08-2021,O_ID_3000365,28-08-2021,Same Day,0,0,8.489999771,49.95000076,1,6.760000229
C_ID_49171,Rachel,Doherty,Office Supplies,Staples,Corporate,Los Angeles,California,United States,West,Shipping on time,7/11/2021,O_ID_3000366,7/11/2021,Same Day,0,0,0.0,250.0,1,120.0
C_ID_42021,Mary,Ferrer,Office Supplies,Avery 479,Home Office,Houston,Texas,United States,Central,Shipping on time,19-07-2021,O_ID_3000367,19-07-2021,Same Day,0,0,5.0,120.0,1,173.2299957
C_ID_43531,Linda,Doherty,Technology,"Square Credit Card Reader, 4 1/2"" x 4 1/2"" x 1"", White",Corporate,Los Angeles,California,United States,West,Shipping on time,30-04-2021,O_ID_3000368,30-04-2021,Same Day,0,0,2.700000048,89.94999695,1,-2.180000067
C_ID_45506,Joseph,Stevenson,Furniture,"Howard Miller 13"" Diameter Goldtone Round Wall Clock",Home Office,Houston,Texas,United States,Central,Shipping on time,20-08-2021,O_ID_3000369,20-08-2021,Same Day,0,0,3.75,124.9499969,1,12.11999989
C_ID_33035,Justin,Stevenson,Office Supplies,Belkin F9G930V10-GRY 9 Outlet Surge,Home Office,Los Angeles,California,United States,West,Shipping on time,16-05-2021,O_ID_3000370,16-05-2021,Same Day,0,0,8.0,199.9499969,1,57.59000015
C_ID_50570,Daniel,Phelps,Office Supplies,"Avery Hi-Liter EverBold Pen Style Fluorescent Highlighters, 4/Pack",Corporate,Houston,Texas,United States,Central,Shipping on time,27-07-2021,O_ID_3000371,27-07-2021,Same Day,0,0,16.5,120.0,1,133.2200012
C_ID_41273,Alan,Miller,Furniture,DMI Arturo Collection Mission-style Design Wood Chair,Consumer,Los Angeles,California,United States,West,Shipping on time,30-04-2021,O_ID_3000372,30-04-2021,Same Day,0,0,21.0,120.0,1,101.2600021
C_ID_31940,Rachel,Lee,Office Supplies,"Binney & Smith inkTank Desk Highlighter, Chisel Tip, Yellow, 12/Box",Consumer,San Jose,California,United States,West,Shipping on time,7/11/2021,O_ID_3000373,7/11/2021,Same Day,0,0,22.48999977,249.8999939,1,56.84999847
C_ID_38518,Barbara,Miller,Office Supplies,Prang Dustless Chalk Sticks,Consumer,Arlington,Virginia,United States,South,Shipping on time,19-07-2021,O_ID_3000374,19-07-2021,Same Day,0,0,7.199999809,79.94999695,1,22.77000046
C_ID_33027,Mary,Lee,Office Supplies,Newell 351,Consumer,Arlington,Virginia,United States,South,Shipping on time,18-11-2021,O_ID_3000375,18-11-2021,Same Day,0,0,44.99000168,120.0,1,63.74000168
C_ID_40720,Joseph,Miller,Office Supplies,Cameo Buff Policy Envelopes,Consumer,Los Angeles,California,United States,West,Shipping on time,20-08-2021,O_ID_3000376,20-08-2021,Same Day,0,0,29.98999977,199.9499969,1,45.88999939
C_ID_34144,Kathy,Lee,Office Supplies,"Advantus Push Pins, Aluminum Head",Consumer,Houston,Texas,United States,Central,Shipping on time,30-06-2021,O_ID_3000377,30-06-2021,Same Day,0,0,50.0,250.0,1,98.0
C_ID_39052,Mary,Miller,Technology,Kensington Expert Mouse Optical USB Trackball for PC or Mac,Consumer,Houston,Texas,United States,Central,Shipping on time,18-05-2021,O_ID_3000378,18-05-2021,Same Day,0,0,124.9899979,120.0,1,121.8600006
C_ID_33028,Christine,Lee,Technology,Ativa MDM8000 8-Sheet Micro-Cut Shredder,Consumer,Houston,Texas,United States,Central,Shipping on time,30-07-2021,O_ID_3000379,30-07-2021,Same Day,0,0,12.0,239.9499969,1,71.34999847
C_ID_31940,Lauren,Fjeld,Furniture,"Executive Impressions 13"" Chairman Wall Clock",Home Office,Los Angeles,California,United States,West,Shipping on time,24-05-2021,O_ID_3000380,24-05-2021,Same Day,0,0,22.5,250.0,1,29.35000038
C_ID_38507,Lauren,Goldenen,Office Supplies,GBC Durable Plastic Covers,Consumer,Henderson,Kentucky,United States,South,Shipping on time,24-05-2021,O_ID_3000381,24-05-2021,Same Day,0,0,53.99000168,120.0,1,83.12999725
C_ID_46871,Christine,Goldenen,Office Supplies,Xerox 232,Consumer,Troy,New York,United States,East,Shipping on time,30-07-2021,O_ID_3000382,30-07-2021,Same Day,0,0,17.98999977,99.94999695,1,10.89999962
C_ID_40720,Mary,Patterson,Furniture,"GE 4 Foot Flourescent Tube, 40 Watt",Consumer,Troy,New York,United States,East,Shipping on time,17-07-2021,O_ID_3000383,17-07-2021,Same Day,0,0,35.0,120.0,1,-170.6399994
C_ID_37230,Mary,Vernon,Furniture,Bush Advantage Collection Round Conference Table,Consumer,Columbus,Ohio,United States,East,Shipping on time,17-07-2021,O_ID_3000384,17-07-2021,Same Day,0,0,45.0,120.0,1,-796.1699829
C_ID_34287,Ann,Vernon,Furniture,Riverside Furniture Stanwyck Manor Table Series,Consumer,Columbus,Ohio,United States,East,Shipping on time,25-05-2021,O_ID_3000385,25-05-2021,Same Day,0,0,44.99000168,120.0,1,-374.019989
C_ID_39287,Mary,Vernon,Office Supplies,"Personal Folder Holder, Ebony",Consumer,Columbus,Ohio,United States,East,Shipping canceled,25-12-2021,O_ID_3000386,27-12-2021,First Class,1,2,5.0,50.0,1,14.63000011
C_ID_34697,Mary,Armold,Office Supplies,ACCOHIDE Binder by Acco,Consumer,Columbus,Ohio,United States,East,Shipping canceled,12/9/2021,O_ID_3000387,12/11/2021,First Class,1,2,36.0,299.980011,1,92.38999939
C_ID_34697,Mary,Badders,Office Supplies,"SAFCO Commercial Wire Shelving, Black",Corporate,Philadelphia,Pennsylvania,United States,East,Shipping canceled,29-09-2021,O_ID_3000388,1/10/2021,First Class,1,2,22.10000038,129.9900055,1,12.18999958
C_ID_39287,Mary,Hawkins,Office Supplies,"ACCOHIDE 3-Ring Binder, Blue, 1""",Corporate,San Francisco,California,United States,West,Shipping canceled,4/10/2022,O_ID_3000389,4/12/2022,First Class,1,2,0.0,199.9900055,3,-249.9900055
C_ID_38364,Harry,Hawkins,Office Supplies,Staple envelope,Corporate,San Gabriel,California,United States,West,Shipping canceled,27-11-2021,O_ID_3000390,29-11-2021,First Class,1,2,6.0,299.980011,1,-69.97000122
C_ID_38364,Harry,Beltran,Furniture,"Global Leather Highback Executive Chair with Pneumatic Height Adjustment, Black",Home Office,San Gabriel,California,United States,West,Shipping canceled,27-11-2021,O_ID_3000391,29-11-2021,First Class,1,2,5.199999809,129.9900055,1,57.40000153
C_ID_34735,Mary,Beltran,Furniture,"Global Leather Highback Executive Chair with Pneumatic Height Adjustment, Black",Home Office,San Gabriel,California,United States,West,Shipping canceled,4/10/2022,O_ID_3000392,4/12/2022,First Class,1,2,20.0,399.980011,3,-82.45999908
C_ID_49454,Harry,Beltran,Furniture,G.E. Halogen Desk Lamp Bulbs,Home Office,Houston,Texas,United States,Central,Shipping canceled,27-11-2021,O_ID_3000393,29-11-2021,First Class,1,2,6.5,129.9900055,1,55.5699997
C_ID_42319,Susan,Beltran,Office Supplies,Zipper Ring Binder Pockets,Home Office,Houston,Texas,United States,Central,Shipping canceled,14-02-2021,O_ID_3000394,14-04-2021,First Class,1,2,10.0,199.9900055,1,40.09000015
C_ID_43450,Harry,Swint,Office Supplies,Wilson Jones Suede Grain Vinyl Binders,Corporate,Wilmington,North Carolina,United States,South,Shipping canceled,27-11-2021,O_ID_3000395,29-11-2021,First Class,1,2,7.150000095,129.9900055,1,-1.720000029
C_ID_50724,Susan,Mautz,Office Supplies,Xerox 1891,Home Office,Los Angeles,California,United States,West,Shipping canceled,14-02-2021,O_ID_3000396,14-04-2021,First Class,1,2,9.100000381,129.9900055,1,33.84999847
C_ID_47520,Harry,Thompson,Furniture,GuestStacker Chair with Chrome Finish Legs,Home Office,Los Angeles,California,United States,West,Shipping canceled,3/10/2021,O_ID_3000397,13-02-2021,First Class,1,2,48.0,120.0,1,118.9700012
C_ID_47520,Susan,Thompson,Furniture,"Tenex Traditional Chairmats for Medium Pile Carpet, Standard Lip, 36"" x 48""",Home Office,Los Angeles,California,United States,West,Shipping canceled,14-02-2021,O_ID_3000398,14-04-2021,First Class,1,2,6.5,49.97999954,1,21.30999947
C_ID_50724,Carl,Thompson,Office Supplies,Kensington 6 Outlet MasterPiece HOMEOFFICE Power Control Center,Home Office,Los Angeles,California,United States,West,Shipping canceled,15-05-2021,O_ID_3000399,15-07-2021,First Class,1,2,26.0,129.9900055,1,49.91999817
C_ID_47520,Carl,Arnett,Office Supplies,12 Colored Short Pencils,Home Office,Baltimore,Maryland,United States,East,Shipping canceled,15-05-2021,O_ID_3000400,15-07-2021,First Class,1,2,100.0,120.0,1,26.39999962
C_ID_45983,Mary,Arnett,Office Supplies,Xerox 1985,Home Office,Baltimore,Maryland,United States,East,Shipping canceled,12/9/2021,O_ID_3000401,12/11/2021,First Class,1,2,0.0,119.9700012,1,53.99000168
C_ID_47520,Mary,Creighton,Technology,AT&T CL2909,Consumer,Baltimore,Maryland,United States,East,Shipping canceled,29-09-2021,O_ID_3000402,1/10/2021,First Class,1,2,27.0,150.0,1,44.65000153
C_ID_45983,Mary,Gannaway,Furniture,Bevis Steel Folding Chairs,Corporate,Newark,Ohio,United States,East,Shipping canceled,12/9/2021,O_ID_3000403,12/11/2021,First Class,1,2,29.98999977,199.9199982,1,55.22999954
C_ID_43729,Mary,Harrigan,Office Supplies,Newell 347,Home Office,Baltimore,Maryland,United States,East,Shipping canceled,4/10/2022,O_ID_3000404,4/12/2022,First Class,1,2,24.0,239.9600067,4,62.20000076
C_ID_45983,Mary,Gannaway,Office Supplies,"Acco Pressboard Covers with Storage Hooks, 14 7/8"" x 11"", Executive Red",Corporate,Newark,Ohio,United States,East,Shipping canceled,3/10/2022,O_ID_3000405,13-02-2022,First Class,1,2,0.0,199.9900055,3,17.60000038
C_ID_48279,Mary,Harrigan,Office Supplies,Avery 495,Home Office,Newark,Ohio,United States,East,Shipping canceled,3/10/2022,O_ID_3000406,13-02-2022,First Class,1,2,2.0,199.9900055,3,57.41999817
C_ID_48279,Mary,Yedwab,Office Supplies,Blackstonian Pencils,Corporate,Jamestown,New York,United States,East,Shipping canceled,19-07-2022,O_ID_3000407,21-07-2022,First Class,1,2,6.0,500.0,3,138.1699982
C_ID_42319,Karen,Yedwab,Office Supplies,"Acco Data Flex Cable Posts For Top & Bottom Load Binders, 6"" Capacity",Corporate,San Francisco,California,United States,West,Shipping canceled,22-08-2022,O_ID_3000408,24-08-2022,First Class,1,2,7.5,249.9900055,1,118.8199997
C_ID_43450,Mary,Yedwab,Office Supplies,Avery 488,Corporate,Memphis,Tennessee,United States,South,Shipping canceled,27-07-2022,O_ID_3000409,29-07-2022,First Class,1,2,6.0,500.0,3,63.04999924
C_ID_42319,Mary,Bell,Office Supplies,Avery File Folder Labels,Corporate,Lake Charles,Louisiana,United States,South,Shipping canceled,3/10/2022,O_ID_3000410,13-02-2022,First Class,1,2,2.0,50.0,3,18.0
C_ID_50724,Mary,Yedwab,Office Supplies,Recycled Steel Personal File for Standard File Folders,Corporate,Rochester,New York,United States,East,Shipping canceled,27-07-2022,O_ID_3000411,29-07-2022,First Class,1,2,8.0,500.0,3,69.69000244
C_ID_70777,Mary,Latchford,Office Supplies,"Memo Book, 100 Message Capacity, 5 3/8” x 11”",Consumer,Gastonia,North Carolina,United States,South,Shipping on time,2/5/2022,O_ID_3004518,8/1/2022,Second Class,2,2,84.98999786,499.9500122,5,186.7299957
C_ID_68754,Daryl,Bell,Office Supplies,X-Rack File for Hanging Folders,Corporate,Memphis,Tennessee,United States,South,Shipping canceled,13-10-2022,O_ID_3000413,13-12-2022,First Class,1,2,24.86000061,452.0400085,3,48.27000046
C_ID_63528,Josephine,Smith,Technology,Logitech G600 MMO Gaming Mouse,Corporate,Dover,Delaware,United States,East,Shipping canceled,14-10-2022,O_ID_3000414,14-12-2022,First Class,1,2,11.51000023,164.3800049,3,-267.5299988
C_ID_65844,Mary,Irving,Technology,Samsung Galaxy Mega 6.3,Consumer,Louisville,Kentucky,United States,South,Shipping canceled,3/10/2022,O_ID_3000415,13-02-2022,First Class,1,2,13.0,129.9900055,3,5.849999905
C_ID_64079,Mary,Armstrong,Furniture,Global Leather Executive Chair,Corporate,Louisville,Kentucky,United States,South,Shipping canceled,19-08-2022,O_ID_3000416,21-08-2022,First Class,1,2,24.0,199.9900055,1,8.800000191
C_ID_68754,Karen,Greene,Furniture,"Global Stack Chair without Arms, Black",Consumer,Jackson,Mississippi,United States,South,Shipping canceled,22-08-2022,O_ID_3000417,24-08-2022,First Class,1,2,15.60000038,129.9900055,1,33.16999817
C_ID_61041,Mary,Ducich,Technology,Jabra BIZ 2300 Duo QD Duo Corded Headset,Home Office,Gastonia,North Carolina,United States,South,Shipping on time,2/4/2022,O_ID_3004521,7/1/2022,Second Class,2,2,74.98999786,499.9500122,5,53.11999893
C_ID_61952,Mary,Greene,Office Supplies,Avery Non-Stick Heavy Duty View Round Locking Ring Binders,Consumer,Lakeland,Florida,United States,South,Shipping canceled,19-08-2022,O_ID_3000419,21-08-2022,First Class,1,2,22.10000038,129.9900055,1,10.78999996
C_ID_69446,Mary,Armstrong,Office Supplies,2300 Heavy-Duty Transfer File Systems by Perma,Corporate,Yonkers,New York,United States,East,Shipping canceled,19-07-2022,O_ID_3000420,21-07-2022,First Class,1,2,10.19999981,500.0,3,22.89999962
C_ID_71546,Amber,Hughes,Technology,Square Credit Card Reader,Consumer,Yonkers,New York,United States,East,Shipping canceled,11/12/2022,O_ID_3000421,17-08-2022,First Class,1,2,54.0,299.980011,1,118.0699997
C_ID_68754,Simone,MacKendrick,Office Supplies,Hunt Boston Vacuum Mount KS Pencil Sharpener,Consumer,Appleton,Wisconsin,United States,Central,Shipping canceled,14-01-2022,O_ID_3000422,14-03-2022,First Class,1,2,50.58000183,252.8800049,1,99.12999725
C_ID_65672,Brandon,MacKendrick,Office Supplies,Economy Rollaway Files,Consumer,Middletown,Connecticut,United States,East,Shipping canceled,3/7/2022,O_ID_3000423,10/2/2022,First Class,1,2,0.0,500.0,3,28.79999924
C_ID_65844,Mary,Manning,Technology,Maxell 4.7GB DVD-RW 3/Pack,Consumer,Seattle,Washington,United States,West,Shipping canceled,19-08-2022,O_ID_3000424,21-08-2022,First Class,1,2,0.5,50.0,1,13.85999966
C_ID_61952,Shelby,Roberts,Office Supplies,Belkin 6 Outlet Metallic Surge Strip,Consumer,Seattle,Washington,United States,West,Shipping canceled,21-10-2022,O_ID_3000425,23-10-2022,First Class,1,2,10.71000004,357.1000061,3,145.4799957
C_ID_65672,Mary,Schnelling,Technology,Brother DCP1000 Digital 3 in 1 Multifunction Machine,Consumer,Houston,Texas,United States,Central,Shipping canceled,23-09-2022,O_ID_3000426,25-09-2022,First Class,1,2,8.0,199.9900055,1,64.88999939
C_ID_63528,Oprah,Cano,Office Supplies,"Avery Durable Plastic 1"" Binders",Consumer,Jackson,Michigan,United States,Central,Shipping canceled,13-10-2022,O_ID_3000427,13-12-2022,First Class,1,2,18.07999992,452.0400085,3,135.8300018
C_ID_65389,Mary,Cano,Office Supplies,GBC Poly Designer Binding Covers,Consumer,Houston,Texas,United States,Central,Shipping canceled,19-08-2022,O_ID_3000428,21-08-2022,First Class,1,2,5.199999809,129.9900055,1,2.5
C_ID_70935,Brandon,Sundaresam,Office Supplies,Avery 481,Home Office,San Antonio,Texas,United States,Central,Shipping canceled,3/7/2022,O_ID_3000429,10/2/2022,First Class,1,2,8.0,500.0,3,-24.0
C_ID_62434,Carolyn,Allen,Furniture,DAX Wood Document Frame,Consumer,Richmond,Kentucky,United States,South,Shipping canceled,18-09-2022,O_ID_3000430,20-09-2022,First Class,1,2,10.0,199.9900055,1,-9.5
C_ID_65652,Hedwig,Shonely,Furniture,"Eldon Regeneration Recycled Desk Accessories, Smoke",Corporate,Arlington,Virginia,United States,South,Shipping canceled,21-10-2022,O_ID_3000431,23-10-2022,First Class,1,2,22.60000038,452.0400085,3,-286.4400024
C_ID_69999,Maia,Shonely,Office Supplies,Holmes Odor Grabber,Corporate,Arlington,Virginia,United States,South,Shipping canceled,31-10-2022,O_ID_3000432,2/11/2022,First Class,1,2,82.5,1500.0,3,106.3099976
C_ID_68053,Mary,Carroll,Office Supplies,Boston Home & Office Model 2000 Electric Pencil Sharpeners,Consumer,Richmond,Kentucky,United States,South,Shipping canceled,30-09-2022,O_ID_3000433,2/10/2022,First Class,1,2,16.5,299.9899902,1,35.43999863
C_ID_69430,Brandon,MacIntyre,Office Supplies,Fellowes Binding Cases,Consumer,Richmond,Kentucky,United States,South,Shipping canceled,3/7/2022,O_ID_3000434,10/2/2022,First Class,1,2,21.0,500.0,3,-31.52000046
C_ID_65652,Mary,Carroll,Office Supplies,OIC Thumb-Tacks,Consumer,Freeport,Illinois,United States,Central,Shipping canceled,30-09-2022,O_ID_3000435,2/10/2022,First Class,1,2,21.0,299.9899902,1,-195.2899933
C_ID_62434,Lesley,Burns,Furniture,"Global Value Mid-Back Manager's Chair, Gray",Consumer,Los Angeles,California,United States,West,Shipping canceled,23-10-2022,O_ID_3000436,25-10-2022,First Class,1,2,35.70999908,357.1000061,3,151.0500031
C_ID_67687,Jacob,Fuller,Office Supplies,Newell 350,Consumer,Los Angeles,California,United States,West,Shipping canceled,11/8/2022,O_ID_3000437,11/10/2022,First Class,1,2,36.0,299.980011,1,-176.0800018
C_ID_69951,Robert,Dortch,Office Supplies,Storex Dura Pro Binders,Corporate,Los Angeles,California,United States,West,Shipping canceled,11/9/2022,O_ID_3000438,11/11/2022,First Class,1,2,24.0,199.9900055,1,45.75999832
C_ID_70644,Jacob,Dortch,Office Supplies,Easy-staple paper,Corporate,Lawrence,Massachusetts,United States,East,Shipping canceled,11/8/2022,O_ID_3000439,11/10/2022,First Class,1,2,39.0,299.980011,1,122.6600037
C_ID_68534,Avye,Fuller,Office Supplies,Xerox 1933,Consumer,Lawrence,Massachusetts,United States,East,Shipping canceled,28-10-2022,O_ID_3000440,30-10-2022,First Class,1,2,53.5699997,357.1000061,3,-222.4900055
C_ID_62434,Carolyn,Fuller,Office Supplies,"Adams ""While You Were Out"" Message Pads",Consumer,Lawrence,Massachusetts,United States,East,Shipping canceled,18-09-2022,O_ID_3000441,20-09-2022,First Class,1,2,20.79999924,129.9900055,1,-12.34000015
C_ID_68534,Denise,Harms,Office Supplies,Eldon Portable Mobile Manager,Corporate,Lawrence,Massachusetts,United States,East,Shipping canceled,31-07-2022,O_ID_3000442,2/8/2022,First Class,1,2,6.800000191,500.0,3,7.96999979
C_ID_70083,Karen,Nguyen,Office Supplies,Model L Table or Wall-Mount Pencil Sharpener,Home Office,Philadelphia,Pennsylvania,United States,East,Shipping canceled,22-08-2022,O_ID_3000443,24-08-2022,First Class,1,2,9.0,299.9700012,3,-164.9799957
C_ID_65136,Mary,Pawlan,Office Supplies,Wilson Jones Legal Size Ring Binders,Home Office,Henderson,Kentucky,United States,South,Shipping canceled,19-07-2022,O_ID_3000444,21-07-2022,First Class,1,2,15.60000038,500.0,3,11.78999996
C_ID_65210,Mary,Nguyen,Office Supplies,Staple-on labels,Home Office,Henderson,Kentucky,United States,South,Shipping canceled,27-07-2022,O_ID_3000445,29-07-2022,First Class,1,2,35.99000168,500.0,3,47.50999832
C_ID_65136,Brandon,Triggs,Furniture,"Lifetime Advantage Folding Chairs, 4/Carton",Consumer,Henderson,Kentucky,United States,South,Shipping canceled,3/7/2022,O_ID_3000446,10/2/2022,First Class,1,2,5.400000095,500.0,3,61.09999847
C_ID_70440,Mary,Triggs,Furniture,Balt Split Level Computer Training Table,Consumer,Henderson,Kentucky,United States,South,Shipping canceled,23-09-2022,O_ID_3000447,25-09-2022,First Class,1,2,15.60000038,119.9700012,3,35.27999878
C_ID_67687,Mary,Triggs,Office Supplies,Newell 335,Consumer,San Francisco,California,United States,West,Shipping canceled,30-09-2022,O_ID_3000448,2/10/2022,First Class,1,2,19.20000076,119.9700012,3,-23.68000031
C_ID_57256,Patricia,Kinney,Furniture,"Global Value Steno Chair, Gray",Consumer,Gastonia,North Carolina,United States,South,Shipping on time,18-05-2022,O_ID_3004523,20-05-2022,Second Class,2,2,124.9899979,499.9500122,5,-299.9700012
C_ID_65136,Mary,Triggs,Furniture,"Lifetime Advantage Folding Chairs, 4/Carton",Consumer,Philadelphia,Pennsylvania,United States,East,Shipping canceled,3/10/2022,O_ID_3000450,13-02-2022,First Class,1,2,2.400000095,239.9600067,4,86.23000336
C_ID_68534,George,Triggs,Furniture,Balt Split Level Computer Training Table,Consumer,San Jose,California,United States,West,Shipping canceled,18-07-2022,O_ID_3000451,20-07-2022,First Class,1,2,12.0,500.0,3,-77.58999634
C_ID_68053,Mary,Triggs,Office Supplies,Newell 335,Consumer,Philadelphia,Pennsylvania,United States,East,Shipping on time,27-10-2021,O_ID_3000452,29-10-2021,Second Class,2,2,22.5,150.0,1,15.93999958
C_ID_49543,Maria,Dahlen,Furniture,36X48 HARDFLOOR CHAIRMAT,Corporate,Wilmington,Delaware,United States,East,Advance shipping,19-05-2022,O_ID_3004897,22-05-2022,Standard Class,4,3,89.98999786,499.9500122,5,30.75
C_ID_65844,Mary,Thornton,Technology,Hewlett Packard LaserJet 3310 Copier,Consumer,San Jose,California,United States,West,Shipping on time,11/11/2022,O_ID_3000454,16-08-2022,Second Class,2,2,1.5,150.0,3,69.80000305
C_ID_63528,Lawrence,Braxton,Office Supplies,Avery 518,Corporate,San Jose,California,United States,West,Shipping on time,12/9/2022,O_ID_3000455,12/11/2022,Second Class,2,2,3.0,149.9400024,3,57.31000137
C_ID_64079,Mary,Braxton,Office Supplies,Avery 506,Corporate,San Jose,California,United States,West,Shipping on time,30-10-2021,O_ID_3000456,1/11/2021,Second Class,2,2,4.949999809,164.9100037,1,-271.9400024
C_ID_62434,Nicole,Braxton,Office Supplies,Weyerhaeuser First Choice Laser/Copy Paper (20Lb. and 88 Bright),Corporate,Kent,Washington,United States,West,Shipping on time,12/7/2022,O_ID_3000457,12/9/2022,Second Class,2,2,9.0,500.0,3,105.6200027
C_ID_68053,Eric,Braxton,Office Supplies,Fellowes Super Stor/Drawer,Corporate,Huntsville,Texas,United States,Central,Shipping on time,20-09-2022,O_ID_3000458,22-09-2022,Second Class,2,2,7.199999809,179.9700012,3,48.38000107
C_ID_47078,Ralph,Thornton,Office Supplies,Newell 333,Home Office,Pasadena,California,United States,West,Shipping on time,18-04-2022,O_ID_3004902,22-04-2022,Standard Class,4,4,10.0,499.9500122,5,244.9799957
C_ID_61952,Eric,Gardner,Technology,Kingston Digital DataTraveler 32GB USB 2.0,Consumer,Watertown,New York,United States,East,Shipping on time,20-09-2022,O_ID_3000460,22-09-2022,Second Class,2,2,36.0,299.9700012,3,52.79000092
C_ID_68754,Cheryl,Foster,Furniture,Bestar Classic Bookcase,Consumer,Chicago,Illinois,United States,Central,Shipping on time,19-09-2021,O_ID_3000461,21-09-2021,Second Class,2,2,19.48999977,149.9400024,1,48.91999817
C_ID_44443,William,Chapman,Office Supplies,Xerox 228,Home Office,Wichita,Kansas,United States,Central,Advance shipping,3/5/2022,O_ID_3004911,8/3/2022,Standard Class,4,3,45.0,499.9500122,5,218.3800049
C_ID_45391,Sara,Foster,Office Supplies,DIXON Ticonderoga Erasable Checking Pencils,Consumer,Houston,Texas,United States,Central,Shipping on time,28-08-2022,O_ID_3000463,30-08-2022,Second Class,2,2,28.79999924,179.9700012,3,1.50999999
C_ID_49501,Mary,Seite,Office Supplies,SpineVue Locking Slant-D Ring Binders by Cardinal,Consumer,Arlington,Texas,United States,Central,Late delivery,4/6/2022,O_ID_3005073,4/8/2022,First Class,1,2,45.0,499.9500122,5,136.4900055
C_ID_62528,Diane,Lichtenstein,Office Supplies,"Tyvek  Top-Opening Peel & Seel Envelopes, Plain White",Consumer,Waco,Texas,United States,Central,Shipping on time,12/5/2022,O_ID_3006858,12/9/2022,Standard Class,4,4,15.0,499.9500122,5,-115.4199982
C_ID_67316,Kathleen,Matthias,Office Supplies,Acme Design Stainless Steel Bent Scissors,Consumer,Milwaukee,Wisconsin,United States,Central,Shipping on time,11/12/2022,O_ID_3000466,17-08-2022,Second Class,2,2,27.0,150.0,3,54.11999893
C_ID_67533,Mary,Lichtenstein,Office Supplies,Bagged Rubber Bands,Home Office,Torrance,California,United States,West,Shipping on time,12/5/2022,O_ID_3006859,12/9/2022,Standard Class,4,4,20.0,499.9500122,5,230.3800049
C_ID_58838,Judith,Ashbrook,Furniture,Sauder Cornerstone Collection Library,Corporate,San Francisco,California,United States,West,Shipping on time,17-06-2022,O_ID_3007406,21-06-2022,Standard Class,4,4,50.0,499.9500122,5,202.4799957
C_ID_67851,Michael,Wilson,Furniture,Hon Multipurpose Stacking Arm Chairs,Corporate,Hialeah,Florida,United States,South,Shipping on time,17-12-2021,O_ID_3000469,19-12-2021,Second Class,2,2,3.0,120.0,1,22.27000046
C_ID_62071,Joe,Gonzalez,Furniture,"Deflect-o EconoMat Studded, No Bevel Mat for Low Pile Carpeting",Consumer,Hialeah,Florida,United States,South,Shipping on time,4/7/2022,O_ID_3000470,4/9/2022,Second Class,2,2,9.899999619,500.0,3,44.22000122
C_ID_67851,Ethan,Gillingham,Office Supplies,Staple holder,Corporate,Los Angeles,California,United States,West,Shipping on time,24-12-2021,O_ID_3000471,26-12-2021,Second Class,2,2,5.880000114,83.97000122,1,32.79999924
C_ID_42786,Ashley,Dahlen,Office Supplies,Avery Arch Ring Binders,Home Office,West Jordan,Utah,United States,West,Shipping on time,31-07-2022,O_ID_3000472,2/8/2022,Second Class,2,2,36.0,500.0,3,126.7099991
C_ID_62006,Joe,Dahlen,Office Supplies,"Black Print Carbonless 8 1/2"" x 8 1/4"" Rapid Memo Book",Home Office,Oakland,California,United States,West,Shipping on time,4/7/2022,O_ID_3000473,4/9/2022,Second Class,2,2,24.0,500.0,3,13.35999966
C_ID_66286,Mary,Messe,Technology,Logitech ClearChat Comfort/USB Headset H390,Consumer,Saint Petersburg,Florida,United States,South,Shipping on time,2/10/2022,O_ID_3000474,13-01-2022,Second Class,2,2,53.99000168,299.9700012,3,83.13999939
C_ID_62041,Denise,Gonzalez,Technology,SanDisk Cruzer 64 GB USB Flash Drive,Consumer,Los Angeles,California,United States,West,Shipping on time,16-07-2022,O_ID_3000475,18-07-2022,Second Class,2,2,0.0,500.0,3,80.98999786
C_ID_67041,Stephanie,Gonzalez,Technology,Xblue XB-1670-86 X16 Small Office Telephone - Titanium,Consumer,San Francisco,California,United States,West,Shipping on time,21-08-2022,O_ID_3000476,23-08-2022,Second Class,2,2,7.199999809,179.9700012,3,43.18999863
C_ID_65381,Mary,Lopez,Furniture,"DAX Value U-Channel Document Frames, Easel Back",Consumer,Eau Claire,Wisconsin,United States,Central,Shipping on time,12/7/2022,O_ID_3000477,12/9/2022,Second Class,2,2,8.25,500.0,3,49.59000015
C_ID_62071,Mary,Thornton,Furniture,"Bevis Traditional Conference Table Top, Plinth Base",Consumer,Akron,Ohio,United States,East,Shipping on time,31-07-2022,O_ID_3000478,2/8/2022,Second Class,2,2,13.48999977,500.0,3,44.34000015
C_ID_53613,Mary,Norvell,Office Supplies,Avery Non-Stick Binders,Consumer,Newport News,Virginia,United States,South,Shipping on time,20-04-2022,O_ID_3007411,24-04-2022,Standard Class,4,4,79.98999786,499.9500122,5,125.9899979
C_ID_48871,Denise,Hernandez,Office Supplies,GBC DocuBind P100 Manual Binding Machine,Home Office,Dallas,Texas,United States,Central,Shipping on time,16-07-2022,O_ID_3000480,18-07-2022,Second Class,2,2,27.0,500.0,3,35.66999817
C_ID_50496,Mary,Hernandez,Office Supplies,Staples,Home Office,Cleveland,Ohio,United States,East,Shipping on time,25-08-2022,O_ID_3000481,27-08-2022,Second Class,2,2,27.0,299.9700012,3,106.4599991
C_ID_49361,Mary,Hawkins,Office Supplies,EcoTones Memo Sheets,Corporate,Midland,Michigan,United States,Central,Shipping on time,25-10-2021,O_ID_3000482,27-10-2021,Second Class,2,2,14.98999977,149.9400024,1,35.09000015
C_ID_64366,Mary,Grove,Office Supplies,Fellowes Super Stor/Drawer,Consumer,Virginia Beach,Virginia,United States,South,Shipping on time,25-10-2021,O_ID_3000483,27-10-2021,Second Class,2,2,17.98999977,149.9400024,1,-39.58000183
C_ID_50496,Mary,Patel,Technology,Plantronics Audio 478 Stereo USB Headset,Consumer,Dover,New Hampshire,United States,East,Shipping on time,3/10/2022,O_ID_3000484,13-02-2022,Second Class,2,2,21.60000038,179.9700012,3,45.93000031
C_ID_61363,Ashley,Hernandez,Office Supplies,Hoover Commercial SteamVac,Home Office,San Francisco,California,United States,West,Shipping on time,19-04-2022,O_ID_3007421,23-04-2022,Standard Class,4,4,5.0,499.9500122,5,242.5299988
C_ID_63351,David,Webber,Furniture,"Iceberg Nesting Folding Chair, 19w x 6d x 43h",Corporate,Dover,New Hampshire,United States,East,Shipping on time,22-08-2022,O_ID_3000486,24-08-2022,Second Class,2,2,28.79999924,179.9700012,3,15.11999989
C_ID_65766,Mary,Chapman,Technology,Imation Clip USB flash drive - 8 GB,Consumer,Dover,New Hampshire,United States,East,Shipping on time,10/2/2022,O_ID_3000487,10/4/2022,Second Class,2,2,25.48999977,149.9400024,3,57.25
C_ID_67186,Mary,Armstrong,Office Supplies,Surelock Post Binders,Home Office,San Marcos,Texas,United States,Central,Shipping on time,27-09-2022,O_ID_3000488,29-09-2022,Second Class,2,2,2.0,200.0,4,71.27999878
C_ID_64346,Mary,Trevino,Furniture,Deflect-o Glass Clear Studded Chair Mats,Consumer,San Marcos,Texas,United States,Central,Shipping on time,30-09-2022,O_ID_3000489,2/10/2022,Second Class,2,2,2.400000095,239.9600067,4,111.6500015
C_ID_62731,Jacob,Trevino,Office Supplies,Xerox 1949,Consumer,San Marcos,Texas,United States,Central,Shipping on time,21-09-2022,O_ID_3000490,23-09-2022,Second Class,2,2,2.0,199.9199982,4,3.960000038
C_ID_63351,Mary,Ashbrook,Office Supplies,Xerox 1949,Consumer,Houston,Texas,United States,Central,Shipping on time,30-10-2021,O_ID_3000491,1/11/2021,Second Class,2,2,48.0,120.0,1,127.7600021
C_ID_66086,Cheryl,Stewart,Technology,Apple iPhone 5,Consumer,Lawrence,Massachusetts,United States,East,Shipping on time,19-09-2021,O_ID_3000492,21-09-2021,Second Class,2,2,31.19000053,239.9600067,1,13.14999962
C_ID_60228,Mary,Myrick,Furniture,"Global Wood Trimmed Manager's Task Chair, Khaki",Consumer,New York City,New York,United States,East,Shipping on time,19-04-2022,O_ID_3007430,23-04-2022,Standard Class,4,4,0.0,499.9500122,5,156.4799957
C_ID_45276,Mary,Dahlen,Office Supplies,Acme Design Stainless Steel Bent Scissors,Consumer,Houston,Texas,United States,Central,Shipping on time,3/10/2022,O_ID_3000494,13-02-2022,Second Class,2,2,23.98999977,159.9600067,4,8.159999847
C_ID_53868,Mary,Martin,Office Supplies,Cardinal Holdit Business Card Pockets,Home Office,Chicago,Illinois,United States,Central,Shipping on time,30-05-2022,O_ID_3007434,3/6/2022,Standard Class,4,4,35.0,499.9500122,5,55.79000092
C_ID_57063,Dorothy,Braxton,Furniture,"Bush Westfield Collection Bookcases, Fully Assembled",Consumer,Columbus,Ohio,United States,East,Shipping on time,1/6/2022,O_ID_3007443,9/2/2022,Standard Class,4,4,99.98999786,499.9500122,5,99.98999786
C_ID_65891,Christina,Ferguson,Office Supplies,Acco 6 Outlet Guardian Basic Surge Suppressor,Corporate,Houston,Texas,United States,Central,Advance shipping,9/1/2022,O_ID_3000497,9/4/2022,Standard Class,4,3,2.599999905,129.9900055,1,35.02999878
C_ID_62591,Mary,Ferguson,Office Supplies,"Sanford Colorific Scented Colored Pencils, 12/Pack",Corporate,Houston,Texas,United States,Central,Advance shipping,18-02-2022,O_ID_3000498,21-02-2022,Standard Class,4,3,2.599999905,129.9900055,1,50.95999908
C_ID_67307,Amber,Grove,Technology,Jackery Bar Premium Fast-charging Portable Charger,Consumer,Springfield,Missouri,United States,Central,Shipping on time,9/5/2022,O_ID_3015119,9/5/2022,Same Day,0,0,79.98999786,499.9500122,5,138.5899963
C_ID_68561,Mary,Collister,Office Supplies,Rogers Profile Extra Capacity Storage Tub,Corporate,Virginia Beach,Virginia,United States,South,Advance shipping,27-02-2022,O_ID_3000500,2/3/2022,Standard Class,4,3,3.900000095,129.9900055,1,-50.43999863
C_ID_71890,Mary,Abelman,Office Supplies,GBC VeloBind Cover Sets,Home Office,Wheeling,Illinois,United States,Central,Advance shipping,4/4/2022,O_ID_3015522,4/7/2022,Standard Class,4,3,79.98999786,499.9500122,5,52.49000168
C_ID_43986,Mary,Clark,Furniture,"Global Geo Office Task Chair, Gray",Home Office,Decatur,Alabama,United States,South,Advance shipping,5/8/2022,O_ID_3000502,5/11/2022,Standard Class,4,3,10.0,199.9900055,1,66.5
C_ID_64256,David,Clark,Furniture,G.E. Halogen Desk Lamp Bulbs,Home Office,New York City,New York,United States,East,Advance shipping,28-03-2022,O_ID_3000503,31-03-2022,Standard Class,4,3,22.0,399.980011,1,118.3099976
C_ID_55922,Mary,Lichtenstein,Office Supplies,Xerox 1945,Consumer,Phoenix,Arizona,United States,West,Advance shipping,8/6/2022,O_ID_3016618,8/8/2022,Standard Class,4,2,64.98999786,499.9500122,5,117.4400024
C_ID_55417,Mary,Tom,Office Supplies,Xerox 215,Consumer,New York City,New York,United States,East,Advance shipping,7/4/2022,O_ID_3016619,7/6/2022,Standard Class,4,2,74.98999786,499.9500122,5,154.2599945
C_ID_56217,Linda,Redmond,Furniture,Hon Every-Day Series Multi-Task Chairs,Consumer,Port Arthur,Texas,United States,Central,Advance shipping,18-04-2022,O_ID_3016647,20-04-2022,Standard Class,4,2,25.0,300.0,5,227.9799957
C_ID_59541,Michael,Molinari,Office Supplies,Satellite Sectional Post Binders,Corporate,Reno,Nevada,United States,West,Advance shipping,25-05-2022,O_ID_3016671,27-05-2022,Standard Class,4,2,0.0,300.0,5,239.9799957
C_ID_71118,John,Burns,Furniture,"Master Caster Door Stop, Large Neon Orange",Corporate,Cranston,Rhode Island,United States,East,Advance shipping,4/6/2022,O_ID_3021367,4/9/2022,Standard Class,4,3,27.5,300.0,2,35.43000031
C_ID_41296,Donald,Thompson,Technology,Logitech G602 Wireless Gaming Mouse,Consumer,Laredo,Texas,United States,Central,Shipping on time,11/5/2022,O_ID_3021961,11/9/2022,Standard Class,4,4,0.0,300.0,2,239.9799957
C_ID_58067,Lawrence,Willingham,Office Supplies,Fellowes PB300 Plastic Comb Binding Machine,Corporate,Baltimore,Maryland,United States,East,Advance shipping,6/9/2022,O_ID_3000510,6/12/2022,Standard Class,4,3,48.0,399.980011,1,35.20000076
C_ID_60422,Mary,Hughes,Office Supplies,Staple envelope,Consumer,Chicago,Illinois,United States,Central,Advance shipping,5/8/2022,O_ID_3000511,5/11/2022,Standard Class,4,3,15.60000038,129.9900055,1,57.20000076
C_ID_53197,Mary,Hughes,Office Supplies,"Adams Telephone Message Books, 5 1/4” x 11”",Consumer,Chicago,Illinois,United States,Central,Advance shipping,19-03-2022,O_ID_3000512,22-03-2022,Standard Class,4,3,7.199999809,59.99000168,1,11.09000015
C_ID_59188,Charles,Dowd,Office Supplies,"Wirebound Service Call Books, 5 1/2"" x 4""",Home Office,Columbia,South Carolina,United States,South,Shipping on time,21-05-2022,O_ID_3022490,25-05-2022,Standard Class,4,4,64.98999786,300.0,5,-81.76999664
C_ID_53792,Arthur,Willingham,Technology,Plantronics Voyager Pro Legend,Corporate,Los Angeles,California,United States,West,Advance shipping,7/7/2022,O_ID_3000514,7/10/2022,Standard Class,4,3,7.800000191,500.0,3,24.01000023
C_ID_58707,Lisa,Gastineau,Office Supplies,Belkin 8 Outlet Surge Protector,Home Office,Los Angeles,California,United States,West,Advance shipping,29-01-2022,O_ID_3000515,1/2/2022,Standard Class,4,3,16.89999962,129.9900055,1,39.58000183
C_ID_51923,Mary,Hawkins,Furniture,Global Deluxe Steno Chair,Consumer,Taylor,Michigan,United States,Central,Shipping on time,11/6/2022,O_ID_3022674,11/8/2022,Second Class,2,2,79.98999786,300.0,5,52.49000168
C_ID_58707,Mary,Gastineau,Office Supplies,Xerox 1992,Home Office,Chicago,Illinois,United States,Central,Advance shipping,2/3/2022,O_ID_3000517,6/2/2022,Standard Class,4,3,39.0,299.980011,1,127.8799973
C_ID_35908,Mary,D'Ascenzo,Furniture,"Eldon Expressions Wood Desk Accessories, Oak",Home Office,Longview,Washington,United States,West,Shipping on time,28-06-2022,O_ID_3024109,28-06-2022,Same Day,0,0,124.9899979,300.0,5,179.9799957
C_ID_34463,Jennifer,Kamberova,Office Supplies,Tennsco Double-Tier Lockers,Consumer,Richmond,Indiana,United States,Central,Advance shipping,22-06-2022,O_ID_3024440,25-06-2022,Standard Class,4,3,99.98999786,300.0,5,145.1900024
C_ID_55812,Lisa,Tran,Office Supplies,"1.7 Cubic Foot Compact ""Cube"" Office Refrigerators",Consumer,Los Angeles,California,United States,West,Advance shipping,29-01-2022,O_ID_3000520,1/2/2022,Standard Class,4,3,19.5,129.9900055,1,28.72999954
C_ID_56457,Lisa,Roberts,Office Supplies,Newell 317,Consumer,Los Angeles,California,United States,West,Advance shipping,29-01-2022,O_ID_3000521,1/2/2022,Standard Class,4,3,30.0,199.9900055,1,54.40000153
C_ID_43403,Mary,Wener,Office Supplies,Self-Adhesive Ring Binder Labels,Corporate,New York City,New York,United States,East,Advance shipping,4/5/2022,O_ID_3024453,4/8/2022,Standard Class,4,3,64.98999786,300.0,5,113.0899963
C_ID_26492,Jean,Sorensen,Technology,SanDisk Ultra 32 GB MicroSDHC Class 10 Memory Card,Consumer,Great Falls,Montana,United States,West,Shipping on time,8/6/2022,O_ID_3026772,8/10/2022,Standard Class,4,4,59.99000168,300.0,5,114.3899994
C_ID_57532,Mary,Hackney,Office Supplies,Xerox 1999,Consumer,San Diego,California,United States,West,Advance shipping,3/2/2022,O_ID_3000524,5/3/2022,Standard Class,4,3,20.79999924,129.9900055,1,52.40999985
C_ID_28882,Shirley,Meade,Office Supplies,Wilson Jones International Size A4 Ring Binders,Corporate,Seattle,Washington,United States,West,Shipping on time,28-05-2022,O_ID_3026781,1/6/2022,Standard Class,4,4,50.0,300.0,5,179.9799957
C_ID_60657,Mary,Roberts,Technology,Motorola L804,Consumer,San Francisco,California,United States,West,Advance shipping,5/8/2022,O_ID_3000526,5/11/2022,Standard Class,4,3,51.0,299.980011,1,114.5299988
C_ID_47192,Julie,Norris,Technology,"Maxell Pro 80 Minute CD-R, 10/Pack",Consumer,Seattle,Washington,United States,West,Advance shipping,10/6/2022,O_ID_3030301,10/8/2022,Standard Class,4,2,25.0,300.0,5,85.48999786
C_ID_49937,Mary,Webber,Technology,"Logitech Wireless Boombox Speaker - portable - wireless, wired",Corporate,Pleasant Grove,Utah,United States,West,Advance shipping,22-04-2022,O_ID_3030816,24-04-2022,Standard Class,4,2,25.0,499.9500122,5,59.36999893
C_ID_64572,Charles,Avila,Furniture,Office Star - Mesh Screen back chair with Vinyl seat,Corporate,New York City,New York,United States,East,Advance shipping,26-05-2022,O_ID_3030829,28-05-2022,Standard Class,4,2,84.98999786,499.9500122,5,199.1799927
C_ID_56072,Mary,Weirich,Office Supplies,Strathmore Photo Frame Cards,Consumer,Buffalo Grove,Illinois,United States,Central,Advance shipping,19-03-2022,O_ID_3000530,22-03-2022,Standard Class,4,3,60.0,299.980011,1,110.3899994
C_ID_56697,Lawrence,Lichtenstein,Furniture,Sauder Inglewood Library Bookcases,Corporate,New York City,New York,United States,East,Advance shipping,6/9/2022,O_ID_3000531,6/12/2022,Standard Class,4,3,75.0,299.980011,1,78.73999786
C_ID_51842,Mary,Flentye,Furniture,Hon Olson Stacker Stools,Consumer,New York City,New York,United States,East,Advance shipping,19-03-2022,O_ID_3000532,22-03-2022,Standard Class,4,3,75.0,299.980011,1,-89.98999786
C_ID_44512,Matthew,Airdo,Furniture,Nu-Dell Executive Frame,Home Office,Brentwood,California,United States,West,Shipping on time,25-06-2022,O_ID_3031650,25-06-2022,Same Day,0,0,35.0,499.9500122,5,134.8399963
C_ID_54007,Mary,Moray,Office Supplies,DIXON Ticonderoga Erasable Checking Pencils,Consumer,Richmond,Virginia,United States,South,Advance shipping,2/3/2022,O_ID_3000534,6/2/2022,Standard Class,4,3,50.0,199.9900055,1,46.95000076
C_ID_39846,Mary,Hudgings,Office Supplies,Satellite Sectional Post Binders,Corporate,Leominster,Massachusetts,United States,East,Shipping canceled,22-06-2022,O_ID_3032090,24-06-2022,First Class,1,2,0.0,499.9500122,5,-662.4299927
C_ID_57112,Nicholas,Moray,Office Supplies,"SAFCO Mobile Desk Side File, Wire Frame",Consumer,Chicago,Illinois,United States,Central,Advance shipping,8/9/2022,O_ID_3000536,8/12/2022,Standard Class,4,3,0.0,399.980011,1,-679.9699707
C_ID_51842,Nicholas,Lichtenstein,Technology,VTech DS6151,Corporate,New York City,New York,United States,East,Advance shipping,8/9/2022,O_ID_3000537,8/12/2022,Standard Class,4,3,0.0,129.9900055,1,62.40000153
C_ID_51842,Sarah,Lichtenstein,Technology,netTALK DUO VoIP Telephone Service,Corporate,Jackson,Mississippi,United States,South,Advance shipping,8/2/2022,O_ID_3000538,8/4/2022,Standard Class,4,2,19.98999977,199.9199982,2,20.32999992
C_ID_60657,Nicholas,Herman,Furniture,KI Conference Tables,Corporate,Jackson,Mississippi,United States,South,Advance shipping,5/3/2022,O_ID_3000539,5/5/2022,Standard Class,4,2,31.98999977,199.9199982,2,70.52999878
C_ID_34112,Patricia,Anderson,Office Supplies,"Universal Recycled Hanging Pressboard Report Binders, Letter Size",Consumer,Kenosha,Wisconsin,United States,Central,Shipping canceled,24-05-2022,O_ID_3032131,26-05-2022,First Class,1,2,5.0,499.9500122,5,118.7900009
C_ID_52172,Mary,Herman,Office Supplies,Fellowes Officeware Wire Shelving,Corporate,Little Rock,Arkansas,United States,South,Advance shipping,2/3/2022,O_ID_3000541,6/2/2022,Standard Class,4,3,0.0,239.9600067,2,81.11000061
C_ID_59127,Joseph,Creighton,Technology,Logitech Wireless Performance Mouse MX for PC and Mac,Consumer,Lakeville,Minnesota,United States,Central,Advance shipping,22-01-2022,O_ID_3000542,25-01-2022,Standard Class,4,3,1.0,99.95999908,2,-7.03000021
C_ID_52687,Gary,Creighton,Technology,Plantronics HL10 Handset Lifter,Consumer,Detroit,Michigan,United States,Central,Advance shipping,9/8/2022,O_ID_3000543,9/11/2022,Standard Class,4,3,2.400000095,239.9600067,2,2.380000114
C_ID_39812,Grace,Epp,Furniture,"Howard Miller 13-1/2"" Diameter Rosebrook Wall Clock",Corporate,San Diego,California,United States,West,Shipping on time,7/5/2022,O_ID_3032200,7/9/2022,Standard Class,4,4,50.0,499.9500122,5,215.9799957
C_ID_33817,Mary,Blume,Office Supplies,Fellowes Desktop Hanging File Manager,Corporate,Miami,Florida,United States,South,Shipping on time,28-04-2022,O_ID_3032212,2/5/2022,Standard Class,4,4,45.0,499.9500122,5,-36.40000153
C_ID_58707,Jason,Jones,Technology,I Need's 3d Hello Kitty Hybrid Silicone Case Cover for HTC One X 4g with 3d Hello Kitty Stylus Pen Green/pink,Corporate,Detroit,Michigan,United States,Central,Advance shipping,6/12/2022,O_ID_3000546,18-03-2022,Standard Class,4,3,11.0,199.9199982,4,61.40000153
C_ID_55192,Gary,Shariari,Furniture,Chromcraft Rectangular Conference Tables,Consumer,Lakeville,Minnesota,United States,Central,Advance shipping,9/8/2022,O_ID_3000547,9/11/2022,Standard Class,4,3,20.0,200.0,2,9.0
C_ID_34527,Christina,Blume,Office Supplies,"Premier Elliptical Ring Binder, Black",Corporate,New York City,New York,United States,East,Shipping on time,26-04-2022,O_ID_3032217,30-04-2022,Standard Class,4,4,74.98999786,499.9500122,5,114.7399979
C_ID_55192,Lawrence,Galang,Office Supplies,Wilson Jones Legal Size Ring Binders,Consumer,Lakeville,Minnesota,United States,Central,Advance shipping,6/9/2022,O_ID_3000549,6/12/2022,Standard Class,4,3,12.0,99.95999908,4,31.93000031
C_ID_58067,Mary,Workman,Office Supplies,"GBC Pre-Punched Binding Paper, Plastic, White, 8-1/2"" x 11""",Corporate,Little Rock,Arkansas,United States,South,Advance shipping,18-03-2022,O_ID_3000550,21-03-2022,Standard Class,4,3,26.0,200.0,2,-269.7000122
C_ID_54007,Benjamin,Ballard,Office Supplies,"Ampad Poly Cover Wirebound Steno Book, 6"" x 9"" Assorted Colors, Gregg Ruled",Corporate,Orem,Utah,United States,West,Advance shipping,9/11/2022,O_ID_3000551,17-06-2022,Standard Class,4,3,63.99000168,399.9599915,4,161.2599945
C_ID_60312,Christina,Workman,Office Supplies,Xerox 1948,Corporate,Roswell,Georgia,United States,South,Advance shipping,9/1/2022,O_ID_3000552,9/4/2022,Standard Class,4,3,35.99000168,199.9199982,2,40.97999954
C_ID_58852,Albert,Cousins,Technology,Brother DCP1000 Digital 3 in 1 Multifunction Machine,Corporate,Orem,Utah,United States,West,Advance shipping,5/8/2022,O_ID_3000553,5/11/2022,Standard Class,4,3,2.400000095,239.9600067,2,14.97000027
C_ID_58852,Mark,Workman,Technology,Geemarc AmpliPOWER60,Corporate,Roswell,Georgia,United States,South,Advance shipping,6/11/2022,O_ID_3000554,17-03-2022,Standard Class,4,3,2.400000095,239.9600067,4,61.77000046
C_ID_58396,Jacob,Karlsson,Technology,Grandstream GXP1160 VoIP phone,Consumer,Roswell,Georgia,United States,South,Advance shipping,6/11/2022,O_ID_3000555,17-03-2022,Standard Class,4,3,1.600000024,159.9600067,4,19.79999924
C_ID_52396,Gloria,Karlsson,Technology,Samsung Galaxy Note 3,Consumer,Decatur,Illinois,United States,Central,Advance shipping,7/7/2022,O_ID_3000556,7/10/2022,Standard Class,4,3,3.200000048,500.0,3,40.75999832
C_ID_73768,James,Boeckenhauer,Office Supplies,"Bravo II Megaboss 12-Amp Hard Body Upright, Replacement Belts, 2 Belts per Pack",Consumer,Anaheim,California,United States,West,Advance shipping,18-04-2022,O_ID_3033075,21-04-2022,Standard Class,4,3,20.0,499.9500122,5,134.3899994
C_ID_54007,Albert,Thompson,Furniture,3M Hangers With Command Adhesive,Consumer,Midland,Michigan,United States,Central,Advance shipping,5/8/2022,O_ID_3000558,5/11/2022,Standard Class,4,3,4.800000191,159.9600067,2,45.0
C_ID_51332,Frank,Wilson,Office Supplies,Honeywell Enviracaire Portable HEPA Air Cleaner for 17' x 22' Room,Home Office,Decatur,Illinois,United States,Central,Advance shipping,7/2/2022,O_ID_3000559,7/5/2022,Standard Class,4,3,12.0,399.9599915,2,-22.88999939
C_ID_26178,Mary,Adams,Furniture,Electrix 20W Halogen Replacement Bulb for Zoom-In Desk Lamp,Corporate,Atlanta,Georgia,United States,South,Advance shipping,2/6/2022,O_ID_3033086,9/2/2022,Standard Class,4,3,89.98999786,499.9500122,1,41.0
C_ID_57202,Linda,Roper,Office Supplies,Boston Heavy-Duty Trimline Electric Pencil Sharpeners,Home Office,New York City,New York,United States,East,Advance shipping,6/3/2022,O_ID_3000561,6/6/2022,Standard Class,4,3,6.0,199.9199982,2,21.90999985
C_ID_29493,Thomas,Jacobs,Office Supplies,Newell 335,Consumer,New York City,New York,United States,East,Advance shipping,6/5/2022,O_ID_3033094,6/8/2022,Standard Class,4,3,10.0,499.9500122,1,225.3800049
C_ID_54882,Ethan,Jones,Office Supplies,Wilson Jones Heavy-Duty Casebound Ring Binders with Metal Hinges,Corporate,New York City,New York,United States,East,Advance shipping,6/3/2022,O_ID_3000563,6/6/2022,Standard Class,4,3,10.0,200.0,2,-23.75
C_ID_60907,Mary,Wilson,Office Supplies,Xerox 205,Home Office,New York City,New York,United States,East,Advance shipping,8/7/2022,O_ID_3000564,8/10/2022,Standard Class,4,3,11.0,500.0,3,83.12999725
C_ID_57112,Mary,Wilson,Office Supplies,"Adams Telephone Message Book w/Frequently-Called Numbers Space, 400 Messages per Book",Home Office,Columbus,Ohio,United States,East,Advance shipping,8/8/2022,O_ID_3000565,8/11/2022,Standard Class,4,3,13.19999981,239.9600067,2,73.69999695
C_ID_54692,Mary,Wilson,Office Supplies,Safco Steel Mobile File Cart,Home Office,Long Beach,New York,United States,East,Advance shipping,6/7/2022,O_ID_3000566,6/10/2022,Standard Class,4,3,14.0,500.0,3,24.18000031
C_ID_55082,Mary,Thompson,Technology,Adtran 1202752G1,Consumer,Rochester,New York,United States,East,Advance shipping,8/3/2022,O_ID_3000567,8/6/2022,Standard Class,4,3,14.0,200.0,2,67.51999664
C_ID_61152,Mary,Kargatis,Furniture,Aluminum Document Frame,Home Office,Jacksonville,Florida,United States,South,Advance shipping,8/7/2022,O_ID_3000568,8/10/2022,Standard Class,4,3,18.0,500.0,3,0.0
C_ID_60422,Mary,Visinsky,Office Supplies,"Sanford Colorific Scented Colored Pencils, 12/Pack",Consumer,Chicago,Illinois,United States,Central,Advance shipping,5/9/2022,O_ID_3000569,5/12/2022,Standard Class,4,3,19.98999977,199.9199982,4,88.16000366
C_ID_28803,Mary,Vittorini,Furniture,"Deflect-o EconoMat Studded, No Bevel Mat for Low Pile Carpeting",Consumer,Coral Springs,Florida,United States,South,Advance shipping,28-04-2022,O_ID_3033097,1/5/2022,Standard Class,4,3,35.0,499.9500122,1,130.1900024
C_ID_28803,Janet,Boeckenhauer,Office Supplies,Compact Automatic Electric Letter Opener,Consumer,New York City,New York,United States,East,Advance shipping,19-05-2022,O_ID_3033104,22-05-2022,Standard Class,4,3,99.98999786,499.9500122,1,99.98999786
C_ID_54872,Albert,Visinsky,Technology,Mophie Juice Pack Helium for iPhone,Consumer,Houston,Texas,United States,Central,Advance shipping,5/8/2022,O_ID_3000572,5/11/2022,Standard Class,4,3,25.98999977,199.9199982,2,38.25999832
C_ID_56662,Gloria,Eichhorn,Furniture,"Contract Clock, 14"", Brown",Consumer,Jacksonville,Florida,United States,South,Advance shipping,7/7/2022,O_ID_3000573,7/10/2022,Standard Class,4,3,15.0,500.0,3,26.61000061
C_ID_61352,Joseph,Cartwright,Furniture,KI Adjustable-Height Table,Consumer,Long Beach,New York,United States,East,Advance shipping,23-02-2022,O_ID_3000574,26-02-2022,Standard Class,4,3,63.99000168,399.9599915,2,94.0699997
C_ID_30828,Michelle,Armstrong,Technology,Digium D40 VoIP phone,Consumer,Houston,Texas,United States,Central,Advance shipping,5/5/2022,O_ID_3033119,5/8/2022,Standard Class,4,3,45.0,499.9500122,1,122.8399963
C_ID_56312,Mary,Eichhorn,Office Supplies,Avery 513,Consumer,Peoria,Illinois,United States,Central,Advance shipping,8/9/2022,O_ID_3000576,8/12/2022,Standard Class,4,3,33.99000168,199.9199982,4,46.45999908
C_ID_56177,Jeffrey,Eichhorn,Office Supplies,Recycled Steel Personal File for Standard File Folders,Consumer,Bristol,Tennessee,United States,South,Advance shipping,28-02-2022,O_ID_3000577,3/3/2022,Standard Class,4,3,28.79000092,159.9600067,2,42.63000107
C_ID_54277,Thomas,Trafton,Furniture,O'Sullivan Living Dimensions 5-Shelf Bookcases,Consumer,Seattle,Washington,United States,West,Advance shipping,24-02-2022,O_ID_3000578,27-02-2022,Standard Class,4,3,35.99000168,199.9199982,2,-131.1499939
C_ID_45063,Matthew,Burns,Office Supplies,Avery Durable Binders,Consumer,San Diego,California,United States,West,Shipping on time,29-06-2022,O_ID_3033450,29-06-2022,Same Day,0,0,64.98999786,499.9500122,1,-333.6099854
C_ID_29928,Richard,Karlsson,Office Supplies,Xerox 1891,Consumer,Newark,Delaware,United States,East,Shipping on time,27-05-2022,O_ID_3033570,27-05-2022,Same Day,0,0,74.98999786,499.9500122,1,-16.14999962
C_ID_50244,Michael,Hawley,Technology,Imation 8gb Micro Traveldrive Usb 2.0 Flash Drive,Consumer,Arlington,Virginia,United States,South,Shipping canceled,20-06-2022,O_ID_3033974,22-06-2022,First Class,1,2,10.0,499.9500122,1,171.4799957
C_ID_58797,Donna,Packer,Office Supplies,Easy-staple paper,Home Office,North Las Vegas,Nevada,United States,West,Advance shipping,7/3/2022,O_ID_3000582,7/6/2022,Standard Class,4,3,50.0,200.0,4,-27.45000076
C_ID_38514,Barbara,Bergman,Furniture,GuestStacker Chair with Chrome Finish Legs,Home Office,Springfield,Virginia,United States,South,Shipping on time,25-06-2022,O_ID_3034440,27-06-2022,Second Class,2,2,27.5,499.9500122,5,165.3600006
C_ID_58452,Mary,Mills,Office Supplies,Sanford Liquid Accent Highlighters,Consumer,Harrisonburg,Virginia,United States,South,Shipping canceled,12/3/2021,O_ID_3000584,12/5/2021,Standard Class,4,2,19.98999977,99.95999908,1,3.039999962
C_ID_58747,Mary,Visinsky,Office Supplies,Presstex Flexible Ring Binders,Consumer,Los Angeles,California,United States,West,Advance shipping,19-09-2021,O_ID_3000585,21-09-2021,Standard Class,4,2,36.0,120.0,1,-266.7900085
C_ID_52777,Mark,Bern,Office Supplies,"Avery Trapezoid Ring Binder, 3"" Capacity, Black, 1040 sheets",Consumer,Huntsville,Texas,United States,Central,Shipping on time,23-10-2021,O_ID_3000586,27-10-2021,Standard Class,4,4,0.0,239.9600067,1,64.79000092
C_ID_59812,Mary,Thornton,Office Supplies,Wilson Jones Century Plastic Molded Ring Binders,Corporate,North Las Vegas,Nevada,United States,West,Late delivery,4/7/2022,O_ID_3000587,4/12/2022,Standard Class,4,5,9.600000381,500.0,4,83.62000275
C_ID_56122,Paul,Bern,Office Supplies,"#10- 4 1/8"" x 9 1/2"" Recycled Envelopes",Consumer,Los Angeles,California,United States,West,Late delivery,13-10-2021,O_ID_3000588,18-10-2021,Standard Class,4,5,12.0,239.9600067,1,74.08999634
C_ID_52717,Walter,Takahito,Office Supplies,Round Specialty Laser Printer Labels,Home Office,San Francisco,California,United States,West,Advance shipping,12/6/2021,O_ID_3000589,12/8/2021,Standard Class,4,2,13.19999981,239.9600067,1,92.97000122
C_ID_32414,Mary,Molinari,Furniture,Bush Advantage Collection Round Conference Table,Home Office,Philadelphia,Pennsylvania,United States,East,Shipping on time,11/5/2022,O_ID_3034442,11/7/2022,Second Class,2,2,89.98999786,499.9500122,5,106.5899963
C_ID_53517,Daniel,Thornton,Office Supplies,Acme Office Executive Series Stainless Steel Trimmers,Corporate,North Las Vegas,Nevada,United States,West,Late delivery,31-12-2021,O_ID_3000591,4/3/2022,Standard Class,4,6,0.0,200.0,1,96.0
C_ID_58697,Mary,Radford,Furniture,"Bevis Round Conference Table Top, X-Base",Consumer,San Francisco,California,United States,West,Late delivery,28-08-2021,O_ID_3000592,2/9/2021,Standard Class,4,5,2.0,200.0,1,-145.1300049
C_ID_58897,Pamela,Pistole,Office Supplies,Wilson Jones Century Plastic Molded Ring Binders,Corporate,Huntsville,Texas,United States,Central,Shipping on time,12/5/2021,O_ID_3000593,12/9/2021,Standard Class,4,4,4.800000191,159.9600067,1,45.0
C_ID_53902,Betty,Edelman,Furniture,"Situations Contoured Folding Chairs, 4/Set",Corporate,Huntsville,Texas,United States,Central,Late delivery,1/12/2021,O_ID_3000594,15-03-2021,Standard Class,4,5,8.800000191,159.9600067,1,51.09000015
C_ID_53597,Mary,Soltero,Furniture,"Hon Deluxe Fabric Upholstered Stacking Chairs, Squared Back",Consumer,Los Angeles,California,United States,West,Advance shipping,12/2/2021,O_ID_3000595,12/5/2021,Standard Class,4,3,8.399999619,120.0,1,31.25
C_ID_56122,Christian,Duston,Office Supplies,"Green Canvas Binder for 8-1/2"" x 14"" Sheets",Consumer,Los Angeles,California,United States,West,Shipping on time,22-11-2021,O_ID_3000596,26-11-2021,Standard Class,4,4,30.0,200.0,1,-459.0
C_ID_58647,Mary,Duston,Office Supplies,"Tennsco Snap-Together Open Shelving Units, Starter Sets and Add-On Units",Consumer,Detroit,Michigan,United States,Central,Advance shipping,17-09-2021,O_ID_3000597,19-09-2021,Standard Class,4,2,40.0,200.0,1,-248.0
C_ID_59977,Mary,Hoffman,Furniture,"Eldon Expressions Wood and Plastic Desk Accessories, Cherry Wood",Consumer,Los Angeles,California,United States,West,Late delivery,14-05-2021,O_ID_3000598,14-10-2021,Standard Class,4,5,50.0,200.0,1,13.19999981
C_ID_56432,Mary,Seio,Furniture,"Executive Impressions 13-1/2"" Indoor/Outdoor Wall Clock",Corporate,Detroit,Michigan,United States,Central,Shipping on time,15-08-2021,O_ID_3000599,15-12-2021,Standard Class,4,4,5.5,99.95999908,1,46.29000092
C_ID_60642,Mary,Hoffman,Furniture,Chromcraft Rectangular Conference Tables,Consumer,San Antonio,Texas,United States,Central,Late delivery,17-01-2022,O_ID_3000600,22-01-2022,Standard Class,4,5,4.0,399.9599915,4,182.1399994
C_ID_41901,Tiffany,Olsen,Furniture,Bevis 44 x 96 Conference Tables,Consumer,San Antonio,Texas,United States,Central,Late delivery,14-05-2021,O_ID_3000601,14-10-2021,Standard Class,4,5,8.0,120.0,1,-261.4400024
C_ID_42751,Paul,Hoffman,Office Supplies,Belkin F5C206VTEL 6 Outlet Surge,Consumer,San Antonio,Texas,United States,Central,Advance shipping,20-09-2021,O_ID_3000602,23-09-2021,Standard Class,4,3,20.0,120.0,1,178.5800018
C_ID_45088,Stephen,Weiss,Office Supplies,Boston 1645 Deluxe Heavier-Duty Electric Pencil Sharpener,Home Office,El Paso,Texas,United States,Central,Advance shipping,17-11-2021,O_ID_3000603,20-11-2021,Standard Class,4,3,36.0,120.0,1,167.4199982
C_ID_50489,George,Seio,Office Supplies,DIXON Oriole Pencils,Corporate,Mishawaka,Indiana,United States,Central,Late delivery,15-11-2021,O_ID_3000604,19-12-2021,Standard Class,4,5,40.0,120.0,1,-76.66999817
C_ID_41968,Michael,Roberts,Furniture,BPI Conference Tables,Corporate,San Francisco,California,United States,West,Advance shipping,11/4/2022,O_ID_3036697,11/6/2022,Standard Class,4,2,10.0,499.9500122,5,165.6000061
C_ID_42101,William,Magee,Office Supplies,Deluxe Chalkboard Eraser Cleaner,Consumer,Hempstead,New York,United States,East,Shipping on time,7/8/2022,O_ID_3000606,7/12/2022,Standard Class,4,4,51.0,299.980011,1,15.43999958
C_ID_50424,Brenda,Hoffman,Office Supplies,DXL Angle-View Binders with Locking Rings by Samsill,Consumer,Hempstead,New York,United States,East,Shipping on time,8/10/2022,O_ID_3000607,17-05-2022,Standard Class,4,4,51.0,299.980011,3,-80.91999817
C_ID_41606,Elizabeth,Ober,Office Supplies,Bagged Rubber Bands,Home Office,Seattle,Washington,United States,West,Advance shipping,24-04-2022,O_ID_3037441,26-04-2022,Standard Class,4,2,0.0,499.9500122,5,229.9799957
C_ID_41294,Daniel,Magee,Office Supplies,Staple remover,Consumer,Seattle,Washington,United States,West,Late delivery,9/3/2022,O_ID_3000609,9/9/2022,Standard Class,4,6,54.0,299.980011,1,46.74000168
C_ID_44416,Mary,Sundaresam,Office Supplies,Belkin F9M820V08 8 Outlet Surge,Consumer,Houston,Texas,United States,Central,Advance shipping,5/6/2022,O_ID_3037454,5/9/2022,Standard Class,4,3,27.5,300.0,5,222.0500031
C_ID_47774,Kenneth,Weiss,Technology,Square Credit Card Reader,Home Office,Chicago,Illinois,United States,Central,Advance shipping,27-01-2022,O_ID_3000611,29-01-2022,Standard Class,4,2,54.0,299.980011,1,-21.64999962
C_ID_41827,Mary,Hoffman,Technology,Konftel 250 Conference phone - Charcoal black,Consumer,Newark,Delaware,United States,East,Shipping on time,8/1/2022,O_ID_3000612,8/5/2022,Standard Class,4,4,54.0,299.980011,1,68.87999725
C_ID_47193,Alexander,Hoffman,Technology,Mitel 5320 IP Phone VoIP phone,Consumer,Los Angeles,California,United States,West,Late delivery,7/2/2022,O_ID_3000613,7/7/2022,Standard Class,4,5,54.0,299.980011,1,200.0
C_ID_42626,Madison,Kirkland,Office Supplies,"Dot Matrix Printer Tape Reel Labels, White, 5000/Box",Corporate,Plano,Texas,United States,Central,Advance shipping,6/6/2021,O_ID_3000614,6/8/2021,Standard Class,4,2,4.0,99.98999786,1,20.15999985
C_ID_46199,Linda,McAdams,Office Supplies,Staples in misc. colors,Corporate,Lawton,Oklahoma,United States,Central,Late delivery,30-03-2021,O_ID_3000615,7/2/2021,Standard Class,4,6,10.0,99.98999786,1,31.5
C_ID_48468,Cheryl,Roach,Furniture,"Hon Metal Bookcases, Gray",Home Office,Lawton,Oklahoma,United States,Central,Late delivery,5/4/2021,O_ID_3000616,5/10/2021,Standard Class,4,6,17.0,99.98999786,1,31.12000084
C_ID_51009,Victoria,Lampkin,Furniture,Global Commerce Series High-Back Swivel/Tilt Chairs,Corporate,Plano,Texas,United States,Central,Advance shipping,31-01-2021,O_ID_3000617,2/2/2021,Standard Class,4,2,17.0,99.98999786,1,0.0
C_ID_46229,Mary,Lampkin,Furniture,"Lesro Sheffield Collection Coffee Table, End Table, Center Table, Corner Table",Corporate,Plano,Texas,United States,Central,Advance shipping,24-02-2021,O_ID_3000618,27-02-2021,Standard Class,4,3,17.0,99.98999786,1,22.40999985
C_ID_42882,Kelly,Lampkin,Office Supplies,Avery Premier Heavy-Duty Binder with Round Locking Rings,Corporate,Plano,Texas,United States,Central,Shipping on time,31-01-2021,O_ID_3000619,5/1/2021,Standard Class,4,4,20.0,99.98999786,1,32.79999924
C_ID_46827,Mary,Stobb,Office Supplies,Xerox 1902,Consumer,Plano,Texas,United States,Central,Advance shipping,27-03-2021,O_ID_3000620,29-03-2021,Standard Class,4,2,0.0,129.9900055,1,48.75
C_ID_48684,Mary,Cooley,Furniture,"Global Geo Office Task Chair, Gray",Consumer,Plano,Texas,United States,Central,Advance shipping,12/6/2021,O_ID_3000621,12/8/2021,Standard Class,4,2,0.0,129.9900055,1,59.79999924
C_ID_59203,Petra,Kastensmidt,Office Supplies,Boston 16750 Black Compact Battery Pencil Sharpener,Consumer,Plano,Texas,United States,Central,Late delivery,15-12-2022,O_ID_3000622,21-12-2022,Standard Class,4,6,0.0,215.8200073,1,32.36999893
C_ID_56778,Amber,Kastensmidt,Office Supplies,Ibico Standard Transparent Covers,Consumer,Philadelphia,Pennsylvania,United States,East,Advance shipping,27-01-2021,O_ID_3000623,30-01-2021,Standard Class,4,3,0.0,129.9900055,1,23.39999962
C_ID_58948,Patricia,Kastensmidt,Office Supplies,Staple envelope,Consumer,Waynesboro,Virginia,United States,South,Late delivery,19-01-2022,O_ID_3000624,24-01-2022,Standard Class,4,5,0.0,129.9900055,1,13.0
C_ID_58643,Mary,Hwang,Furniture,Eldon Wave Desk Accessories,Consumer,New York City,New York,United States,East,Advance shipping,28-02-2021,O_ID_3000625,2/3/2021,Standard Class,4,2,1.299999952,129.9900055,1,1.289999962
C_ID_60560,Mary,Hwang,Office Supplies,GBC DocuBind P400 Electric Binding System,Consumer,Philadelphia,Pennsylvania,United States,East,Shipping on time,16-03-2021,O_ID_3000626,20-03-2021,Standard Class,4,4,1.299999952,129.9900055,1,45.04000092
C_ID_58184,Destiny,Hwang,Office Supplies,OIC Binder Clips,Consumer,Lakewood,New Jersey,United States,East,Late delivery,24-12-2022,O_ID_3000627,29-12-2022,Standard Class,4,5,3.569999933,357.1000061,1,102.5199966
C_ID_51721,Mary,Ferguson,Office Supplies,Xerox 1892,Consumer,Meriden,Connecticut,United States,East,Late delivery,13-06-2021,O_ID_3000628,13-12-2021,Standard Class,4,6,1.299999952,129.9900055,1,63.06000137
C_ID_58348,Nicole,Benoit,Technology,Texas Instruments TI-34 Scientific Calculator,Consumer,Philadelphia,Pennsylvania,United States,East,Shipping on time,5/1/2021,O_ID_3000629,5/5/2021,Standard Class,4,4,2.599999905,129.9900055,1,50.95999908
C_ID_56329,Clio,Crebagga,Technology,Plantronics Cordless Phone Headset with In-line Volume - M214C,Consumer,Pueblo,Colorado,United States,West,Shipping on time,15-12-2022,O_ID_3000630,19-12-2022,Standard Class,4,4,4.320000172,215.8200073,1,99.41000366
C_ID_55978,Nicole,Cohen,Office Supplies,Xerox 1925,Home Office,Pueblo,Colorado,United States,West,Shipping on time,5/1/2021,O_ID_3000631,5/5/2021,Standard Class,4,4,3.900000095,129.9900055,1,2.769999981
C_ID_29476,Mary,Craven,Furniture,"Hon Metal Bookcases, Black",Consumer,Philadelphia,Pennsylvania,United States,East,Advance shipping,6/4/2021,O_ID_3000632,6/7/2021,Standard Class,4,3,3.900000095,129.9900055,1,59.25999832
C_ID_30910,Raya,Powers,Office Supplies,Honeywell Quietcare HEPA Air Cleaner,Consumer,New York City,New York,United States,East,Shipping on time,27-11-2022,O_ID_3000633,1/12/2022,Standard Class,4,4,6.329999924,210.8500061,4,40.90000153
C_ID_27335,Mary,Ober,Office Supplies,Nontoxic Chalk,Consumer,Waynesboro,Virginia,United States,South,Advance shipping,6/1/2021,O_ID_3000634,6/4/2021,Standard Class,4,3,3.900000095,129.9900055,1,39.47000122
C_ID_26901,Richard,Ober,Office Supplies,Storex DuraTech Recycled Plastic Frosted Binders,Consumer,Philadelphia,Pennsylvania,United States,East,Late delivery,28-01-2021,O_ID_3000635,2/2/2021,Standard Class,4,5,1.799999952,59.99000168,1,13.09000015
C_ID_28537,Hillary,Ober,Office Supplies,"Array Parchment Paper, Assorted Colors",Consumer,Philadelphia,Pennsylvania,United States,East,Late delivery,27-11-2022,O_ID_3000636,3/12/2022,Standard Class,4,6,6.329999924,210.8500061,4,98.16999817
C_ID_26868,Mary,Brown,Office Supplies,Xerox 2,Consumer,Long Beach,New York,United States,East,Advance shipping,6/1/2021,O_ID_3000637,6/4/2021,Standard Class,4,3,5.199999809,129.9900055,1,2.5
C_ID_30751,Rebecca,Etezadi,Office Supplies,Safco Industrial Wire Shelving System,Consumer,Waynesboro,Virginia,United States,South,Advance shipping,6/10/2021,O_ID_3000638,16-03-2021,Standard Class,4,3,5.199999809,129.9900055,1,41.18000031
C_ID_42121,Timothy,Etezadi,Technology,Okidata C331dn Printer,Consumer,New York City,New York,United States,East,Advance shipping,29-01-2021,O_ID_3000639,1/2/2021,Standard Class,4,3,5.199999809,129.9900055,1,-218.3800049
C_ID_73720,Mary,O'Briant,Technology,HTC One Mini,Consumer,Lakewood,New Jersey,United States,East,Advance shipping,22-11-2021,O_ID_3000640,25-11-2021,Standard Class,4,3,2.400000095,59.99000168,1,27.63999939
C_ID_26647,Robert,Etezadi,Furniture,Stacking Trays by OIC,Consumer,Chester,Pennsylvania,United States,East,Late delivery,14-04-2021,O_ID_3000641,14-10-2021,Standard Class,4,6,5.199999809,129.9900055,1,-5.489999771
C_ID_51144,Joe,Etezadi,Furniture,Luxo Professional Magnifying Clamp-On Fluorescent Lamps,Consumer,Chester,Pennsylvania,United States,East,Late delivery,22-02-2021,O_ID_3000642,27-02-2021,Standard Class,4,5,3.0,59.99000168,1,27.36000061
C_ID_29968,Rina,Saunders,Office Supplies,Fellowes Advanced 8 Outlet Surge Suppressor with Phone/Fax Protection,Consumer,Minneapolis,Minnesota,United States,Central,Advance shipping,31-12-2022,O_ID_3000644,2/1/2023,Standard Class,4,2,23.0699997,461.480011,1,214.8200073
C_ID_74389,Chantale,Etezadi,Office Supplies,"OIC #2 Pencils, Medium Soft",Consumer,Minneapolis,Minnesota,United States,Central,Late delivery,25-12-2022,O_ID_3000645,30-12-2022,Standard Class,4,5,17.86000061,357.1000061,1,-373.1700134
C_ID_44180,Freya,Etezadi,Office Supplies,Newell 341,Consumer,Louisville,Colorado,United States,West,Advance shipping,30-12-2022,O_ID_3000646,2/1/2023,Standard Class,4,3,23.0699997,461.480011,1,137.2200012
C_ID_27173,Lenore,Sundaresam,Office Supplies,"GBC Prepunched Paper, 19-Hole, for Binding Systems, 24-lb",Consumer,Chester,Pennsylvania,United States,East,Advance shipping,15-12-2022,O_ID_3000647,17-12-2022,Standard Class,4,2,10.78999996,215.8200073,1,59.45999908
C_ID_73718,Oprah,Sundaresam,Office Supplies,"Wilson Jones 1"" Hanging DublLock Ring Binders",Consumer,Concord,North Carolina,United States,South,Late delivery,17-12-2022,O_ID_3000648,23-12-2022,Standard Class,4,6,10.78999996,215.8200073,1,100.4599991
C_ID_27173,Hannah,Seite,Office Supplies,"Avery Trapezoid Extra Heavy Duty 4"" Binders",Consumer,Concord,North Carolina,United States,South,Shipping on time,17-12-2022,O_ID_3000649,21-12-2022,Standard Class,4,4,10.78999996,215.8200073,1,41.00999832
C_ID_29337,Joan,Seite,Office Supplies,Staple envelope,Consumer,Philadelphia,Pennsylvania,United States,East,Shipping on time,2/11/2021,O_ID_3000650,14-03-2021,Standard Class,4,4,6.5,129.9900055,1,61.75
C_ID_72538,Keith,Jacobs,Office Supplies,"Message Book, Phone, Wirebound Standard Line Memo, 2 3/4"" X 5""",Consumer,Tucson,Arizona,United States,West,Late delivery,14-11-2021,O_ID_3000651,20-11-2021,Standard Class,4,6,6.5,129.9900055,1,55.5699997
C_ID_29162,Mary,Jacobs,Office Supplies,Recycled Eldon Regeneration Jumbo File,Consumer,Los Angeles,California,United States,West,Advance shipping,4/11/2021,O_ID_3000652,17-01-2021,Standard Class,4,3,7.150000095,129.9900055,1,41.52000046
C_ID_26714,Mary,Vernon,Technology,Logitech 910-002974 M325 Wireless Mouse for Web Scrolling,Consumer,Salem,Oregon,United States,West,Advance shipping,29-01-2021,O_ID_3000653,31-01-2021,Standard Class,4,2,7.150000095,129.9900055,1,34.40000153
C_ID_72520,Jessica,Dahlen,Technology,Epson Perfection V600 Photo Scanner,Consumer,Salem,Oregon,United States,West,Late delivery,12/4/2021,O_ID_3000654,12/9/2021,Standard Class,4,5,7.150000095,129.9900055,1,-55.88999939
C_ID_29162,Angela,DeCherney,Technology,Polycom SoundStation2 EX Conference phone,Consumer,Salem,Oregon,United States,West,Advance shipping,30-12-2022,O_ID_3000655,1/1/2023,Standard Class,4,2,32.29999924,461.480011,1,5.150000095
C_ID_29772,Olivia,Dahlen,Technology,Konftel 250 Conference phone - Charcoal black,Consumer,Southaven,Mississippi,United States,South,Advance shipping,2/2/2021,O_ID_3000656,5/2/2021,Standard Class,4,3,9.100000381,129.9900055,1,52.34999847
C_ID_26727,Sarah,Moore,Technology,GE 2-Jack Phone Line Splitter,Consumer,Southaven,Mississippi,United States,South,Late delivery,26-02-2021,O_ID_3000657,4/3/2021,Standard Class,4,6,9.100000381,129.9900055,1,58.02999878
C_ID_47197,Rowan,Selesnick,Technology,Wireless Extenders zBoost YX545 SOHO Signal Booster,Consumer,Southaven,Mississippi,United States,South,Advance shipping,25-12-2022,O_ID_3000658,28-12-2022,Standard Class,4,3,25.0,357.1000061,1,159.4100037
C_ID_46150,Mikayla,Selesnick,Furniture,"Hon Deluxe Fabric Upholstered Stacking Chairs, Rounded Back",Consumer,Philadelphia,Pennsylvania,United States,East,Shipping on time,25-11-2022,O_ID_3000659,29-11-2022,Standard Class,4,4,14.76000023,210.8500061,4,-29.40999985
C_ID_28379,Hiroko,Selesnick,Furniture,"Padded Folding Chairs, Black, 4/Carton",Consumer,Philadelphia,Pennsylvania,United States,East,Late delivery,25-12-2022,O_ID_3000660,31-12-2022,Standard Class,4,6,25.0,357.1000061,1,124.5400009
C_ID_74923,Amber,Moore,Office Supplies,SpineVue Locking Slant-D Ring Binders by Cardinal,Consumer,Philadelphia,Pennsylvania,United States,East,Advance shipping,27-01-2021,O_ID_3000661,30-01-2021,Standard Class,4,3,4.199999809,59.99000168,1,27.34000015
C_ID_74851,Mary,Selesnick,Office Supplies,Office Impressions Heavy Duty Welded Shelving & Multimedia Storage Drawers,Consumer,Detroit,Michigan,United States,Central,Advance shipping,31-08-2021,O_ID_3000662,3/9/2021,Standard Class,4,3,9.100000381,129.9900055,1,-181.3399963
C_ID_62092,Philip,Sweed,Office Supplies,Poly String Tie Envelopes,Consumer,Baltimore,Maryland,United States,East,Advance shipping,7/4/2022,O_ID_3037471,7/7/2022,Standard Class,4,3,84.98999786,499.9500122,5,-165.9799957
C_ID_34492,Mary,McAdams,Furniture,Flat Face Poster Frame,Corporate,Philadelphia,Pennsylvania,United States,East,Late delivery,30-06-2022,O_ID_3038248,2/7/2022,First Class,1,2,50.0,300.0,5,163.3300018
C_ID_73751,Kathy,Sweed,Technology,Panasonic Kx-TS550,Consumer,Cincinnati,Ohio,United States,East,Shipping on time,29-01-2022,O_ID_3000665,2/2/2022,Standard Class,4,4,50.99000168,299.9500122,5,69.70999908
C_ID_32427,Mary,Fortune-,Office Supplies,"Avery Framed View Binder, EZD Ring (Locking), Navy, 1 1/2""",Corporate,Detroit,Michigan,United States,Central,Late delivery,23-06-2022,O_ID_3038254,25-06-2022,First Class,1,2,79.98999786,300.0,5,52.49000168
C_ID_38177,Matthew,Kiefer,Office Supplies,Boston 1645 Deluxe Heavier-Duty Electric Pencil Sharpener,Consumer,Spokane,Washington,United States,West,Late delivery,10/5/2022,O_ID_3038288,10/7/2022,First Class,1,2,45.0,499.9500122,5,1200.0
C_ID_45798,Mary,Latchford,Technology,Sony 64GB Class 10 Micro SDHC R40 Memory Card,Consumer,Los Angeles,California,United States,West,Advance shipping,29-01-2022,O_ID_3000668,31-01-2022,Standard Class,4,2,0.0,250.0,5,122.5
C_ID_46585,David,Latchford,Furniture,Acrylic Self-Standing Desk Frames,Consumer,Chicago,Illinois,United States,Central,Shipping canceled,9/12/2022,O_ID_3000669,19-06-2022,Standard Class,4,4,47.99000168,239.9600067,4,69.68000031
C_ID_40922,Catherine,McGarr,Office Supplies,Recycled Easel Ring Binders,Home Office,New York City,New York,United States,East,Late delivery,11/4/2022,O_ID_3038313,11/6/2022,First Class,1,2,5.0,499.9500122,5,178.1799927
C_ID_37712,Frank,Mathis,Office Supplies,Belkin 8-Outlet Premiere SurgeMaster II Surge Protectors,Corporate,Bakersfield,California,United States,West,Late delivery,11/5/2022,O_ID_3038318,11/7/2022,First Class,1,2,99.98999786,499.9500122,5,115.9899979
C_ID_41974,Debra,Swindell,Office Supplies,"Avery Hi-Liter EverBold Pen Style Fluorescent Highlighters, 4/Pack",Corporate,Houston,Texas,United States,Central,Shipping canceled,7/7/2022,O_ID_3000672,7/10/2022,Standard Class,4,3,1.600000024,500.0,4,4.75
C_ID_74741,Samuel,Swindell,Technology,Plantronics 81402,Corporate,Wilmington,North Carolina,United States,South,Shipping canceled,19-03-2022,O_ID_3000673,21-03-2022,Standard Class,4,2,8.0,200.0,4,5.760000229
C_ID_27047,Gary,Swindell,Furniture,KI Adjustable-Height Table,Consumer,Houston,Texas,United States,Central,Shipping canceled,8/12/2022,O_ID_3000674,18-05-2022,Standard Class,4,3,20.0,200.0,4,88.19999695
C_ID_54773,Victoria,liebe,Technology,Logitech G19 Programmable Gaming Keyboard,Consumer,Los Angeles,California,United States,West,Advance shipping,19-04-2022,O_ID_3039614,21-04-2022,Standard Class,4,2,124.9899979,200.0,5,97.48999786
C_ID_55325,Mary,Cohen,Office Supplies,Avery 52,Consumer,San Francisco,California,United States,West,Advance shipping,17-06-2022,O_ID_3039661,20-06-2022,Standard Class,4,3,59.99000168,300.0,5,202.3800049
C_ID_72408,Mary,Preis,Furniture,Global Leather Executive Chair,Consumer,Deltona,Florida,United States,South,Advance shipping,26-02-2022,O_ID_3000677,28-02-2022,Standard Class,4,2,1.799999952,179.9600067,4,76.61000061
C_ID_55325,Mary,Mitchum,Furniture,"Executive Impressions 14"" Two-Color Numerals Wall Clock",Corporate,San Francisco,California,United States,West,Advance shipping,23-04-2022,O_ID_3039676,26-04-2022,Standard Class,4,3,10.0,200.0,5,61.24000168
C_ID_59787,Mary,Kimmel,Office Supplies,Large Capacity Hanging Post Binders,Consumer,Los Angeles,California,United States,West,Advance shipping,16-06-2022,O_ID_3039686,19-06-2022,Standard Class,4,3,79.98999786,300.0,5,188.9799957
C_ID_41507,Mary,Van,Office Supplies,Staples,Corporate,Aurora,Colorado,United States,West,Late delivery,7/8/2022,O_ID_3000680,16-04-2022,Standard Class,4,5,36.0,399.9599915,4,59.33000183
C_ID_59862,Stephen,Preis,Office Supplies,Xerox 1995,Consumer,Richmond,Virginia,United States,South,Advance shipping,6/8/2022,O_ID_3000681,6/11/2022,Standard Class,4,3,51.99000168,399.9599915,4,163.5399933
C_ID_42895,Michael,Willman,Office Supplies,Wilson Jones Active Use Binders,Home Office,San Diego,California,United States,West,Shipping canceled,1/6/2022,O_ID_3042369,9/4/2022,Standard Class,4,6,124.9899979,300.0,5,126.7399979
C_ID_51798,Dylan,Lopez,Office Supplies,"Dixon My First Ticonderoga Pencil, #2",Consumer,Richmond,Virginia,United States,South,Shipping on time,6/11/2022,O_ID_3000683,18-03-2022,Standard Class,4,4,0.0,239.9600067,4,-15.11999989
C_ID_61530,Gary,Preis,Office Supplies,"Wilson Jones Clip & Carry Folder Binder Tool for Ring Binders, Clear",Consumer,Palm Coast,Florida,United States,South,Shipping on time,26-03-2022,O_ID_3000684,30-03-2022,Standard Class,4,4,2.400000095,239.9600067,4,-249.4400024
C_ID_59995,Crystal,Preis,Office Supplies,"Sanford Uni-Blazer View Highlighters, Chisel Tip, Yellow",Consumer,Palm Coast,Florida,United States,South,Late delivery,7/3/2022,O_ID_3000685,7/8/2022,Standard Class,4,5,2.400000095,239.9600067,4,-197.8899994
C_ID_31336,Mary,Armstrong,Technology,Sony 32GB Class 10 Micro SDHC R40 Memory Card,Corporate,Detroit,Michigan,United States,Central,Shipping canceled,1/6/2022,O_ID_3043533,9/4/2022,Standard Class,4,6,5.0,300.0,2,1477.0
C_ID_53345,Robert,Sunley,Office Supplies,"Acco Pressboard Covers with Storage Hooks, 14 7/8"" x 11"", Light Blue",Corporate,Englewood,Colorado,United States,West,Shipping on time,10/4/2022,O_ID_3045360,10/8/2022,Standard Class,4,4,50.0,200.0,2,134.9900055
C_ID_59913,Scott,Lopez,Office Supplies,GBC Recycled Regency Composition Covers,Consumer,Palm Coast,Florida,United States,South,Advance shipping,8/2/2022,O_ID_3000688,8/4/2022,Standard Class,4,2,9.600000381,239.9600067,4,78.3199997
C_ID_52470,Doris,Van,Office Supplies,Cardinal Poly Pocket Divider Pockets for Ring Binders,Consumer,Jackson,Mississippi,United States,South,Late delivery,9/10/2022,O_ID_3000689,19-06-2022,Standard Class,4,6,13.19999981,239.9600067,4,73.69999695
C_ID_56667,Virginia,Preis,Office Supplies,Staples,Corporate,Jackson,Mississippi,United States,South,Advance shipping,6/1/2022,O_ID_3000690,6/3/2022,Standard Class,4,2,21.60000038,239.9600067,4,102.6299973
C_ID_60400,Robert,Wilson,Office Supplies,3M Replacement Filter for Office Air Cleaner for 20' x 33' Room,Consumer,Philadelphia,Pennsylvania,United States,East,Shipping on time,10/4/2022,O_ID_3045362,10/8/2022,Standard Class,4,4,59.99000168,200.0,2,137.7100067
C_ID_59072,Dennis,Lopez,Office Supplies,Xerox 225,Corporate,Houston,Texas,United States,Central,Shipping on time,6/12/2022,O_ID_3000692,19-03-2022,Standard Class,4,4,24.0,239.9600067,4,64.79000092
C_ID_48708,David,Hane,Office Supplies,"Eldon Base for stackable storage shelf, platinum",Corporate,Los Angeles,California,United States,West,Shipping on time,18-04-2022,O_ID_3046014,22-04-2022,Standard Class,4,4,27.5,200.0,5,9.449999809
C_ID_46972,Vincent,Ashbrook,Office Supplies,Newell 31,Corporate,Concord,New Hampshire,United States,East,Late delivery,11/5/2022,O_ID_3047578,11/10/2022,Standard Class,4,5,124.9899979,499.9500122,5,168.7299957
C_ID_53721,Mary,Waco,Technology,Wilson SignalBoost 841262 DB PRO Amplifier Kit,Corporate,New York City,New York,United States,East,Late delivery,8/3/2022,O_ID_3000695,8/8/2022,Standard Class,4,5,43.18999863,239.9600067,4,92.48000336
C_ID_63402,Ruth,Thurman,Office Supplies,"GBC Pre-Punched Binding Paper, Plastic, White, 8-1/2"" x 11""",Consumer,Columbus,Indiana,United States,Central,Late delivery,12/6/2022,O_ID_3047588,12/11/2022,Standard Class,4,5,10.0,300.0,5,97.98999786
C_ID_60299,Anna,Waco,Technology,"Logitech B530 USB Headset - headset - Full size, Binaural",Consumer,Philadelphia,Pennsylvania,United States,East,Late delivery,16-03-2022,O_ID_3000697,21-03-2022,Standard Class,4,5,0.0,200.0,4,62.59999847
C_ID_64731,Roger,Chapman,Office Supplies,"#10- 4 1/8"" x 9 1/2"" Security-Tint Envelopes",Consumer,Los Angeles,California,United States,West,Late delivery,10/6/2022,O_ID_3047633,10/12/2022,Standard Class,4,6,20.0,300.0,5,9.600000381
C_ID_63271,Mary,Kaydos,Technology,iHome FM Clock Radio with Lightning Dock,Consumer,Orlando,Florida,United States,South,Late delivery,24-06-2022,O_ID_3047646,30-06-2022,Standard Class,4,6,45.0,300.0,5,153.7700043
C_ID_57698,Maria,McGrath,Office Supplies,Xerox 194,Corporate,San Francisco,California,United States,West,Late delivery,6/7/2022,O_ID_3000700,16-03-2022,Standard Class,4,6,6.0,500.0,4,-504.3999939
C_ID_31017,Larry,Moss,Office Supplies,"Message Book, Phone, Wirebound Standard Line Memo, 2 3/4"" X 5""",Consumer,Dallas,Texas,United States,Central,Advance shipping,30-06-2022,O_ID_3048999,3/7/2022,Standard Class,4,3,27.5,300.0,1,-129.9199982
C_ID_55688,Marie,Daniels,Furniture,Advantus Panel Wall Certificate Holder - 8.5x11,Corporate,San Francisco,California,United States,West,Late delivery,30-01-2022,O_ID_3000702,5/2/2022,Standard Class,4,6,8.0,200.0,4,-235.1999969
C_ID_56439,Katherine,Daniels,Furniture,Luxo Adjustable Task Clamp Lamp,Corporate,San Francisco,California,United States,West,Shipping on time,25-03-2022,O_ID_3000703,29-03-2022,Standard Class,4,4,10.0,200.0,4,66.5
C_ID_58582,Matthew,Adams,Office Supplies,Newell 322,Corporate,Los Angeles,California,United States,West,Shipping on time,8/7/2022,O_ID_3000704,8/11/2022,Standard Class,4,4,11.19999981,500.0,4,40.16999817
C_ID_25072,Jennifer,Kendrick,Technology,Canon PC-428 Personal Copier,Corporate,New York City,New York,United States,East,Advance shipping,2/5/2022,O_ID_3049378,8/1/2022,Standard Class,4,2,74.98999786,499.9500122,5,-155.9600067
C_ID_58411,Nancy,Daniels,Office Supplies,Wilson Jones Four-Pocket Poly Binders,Corporate,Dallas,Texas,United States,Central,Late delivery,7/11/2022,O_ID_3000706,20-04-2022,Standard Class,4,6,19.20000076,159.9600067,4,64.75
C_ID_61105,Virginia,Daniels,Office Supplies,Avery 516,Consumer,San Francisco,California,United States,West,Advance shipping,6/1/2022,O_ID_3000707,6/3/2022,Standard Class,4,2,30.0,200.0,4,81.59999847
C_ID_30186,Lawrence,Gross,Office Supplies,"Eberhard Faber 3 1/2"" Golf Pencils",Corporate,New York City,New York,United States,East,Advance shipping,2/5/2022,O_ID_3049413,8/2/2022,Standard Class,4,3,79.98999786,499.9500122,5,-60.04999924
C_ID_60299,Mary,Daniels,Office Supplies,Fellowes Bankers Box Stor/Drawer Steel Plus,Consumer,Los Angeles,California,United States,West,Advance shipping,7/9/2022,O_ID_3000709,7/12/2022,Standard Class,4,3,32.0,200.0,4,80.63999939
C_ID_54923,Lauren,Jacobs,Office Supplies,"Gould Plastics 18-Pocket Panel Bin, 34w x 5-1/4d x 20-1/2h",Consumer,Hackensack,New Jersey,United States,East,Advance shipping,21-02-2022,O_ID_3000710,24-02-2022,Standard Class,4,3,32.0,200.0,4,21.0
C_ID_28301,Mary,Lebron,Office Supplies,3M Organizer Strips,Consumer,Los Angeles,California,United States,West,Advance shipping,8/4/2022,O_ID_3049416,8/7/2022,Standard Class,4,3,84.98999786,200.0,5,-46.88999939
C_ID_30571,Angela,Koutras,Office Supplies,Xerox 1906,Corporate,Memphis,Tennessee,United States,South,Advance shipping,8/6/2022,O_ID_3049420,8/9/2022,Standard Class,4,3,74.98999786,300.0,5,110.4899979
C_ID_38422,Elizabeth,Moray,Office Supplies,"Dot Matrix Printer Tape Reel Labels, White, 5000/Box",Consumer,Bayonne,New Jersey,United States,East,Shipping on time,23-05-2022,O_ID_3053215,27-05-2022,Standard Class,4,4,25.0,499.9500122,2,118.7399979
C_ID_58247,Elizabeth,Vittorini,Furniture,"Global High-Back Leather Tilter, Burgundy",Consumer,Hackensack,New Jersey,United States,East,Late delivery,6/1/2022,O_ID_3000714,6/6/2022,Standard Class,4,5,36.0,200.0,4,109.3899994
C_ID_54989,Mary,Vittorini,Furniture,"Howard Miller 11-1/2"" Diameter Grantwood Wall Clock",Consumer,El Paso,Texas,United States,Central,Shipping on time,23-01-2022,O_ID_3000715,27-01-2022,Standard Class,4,4,40.0,200.0,4,56.0
C_ID_61244,Dennis,Carlisle,Furniture,"Situations Contoured Folding Chairs, 4/Set",Consumer,New York City,New York,United States,East,Shipping on time,6/12/2022,O_ID_3000716,19-03-2022,Standard Class,4,4,31.98999977,159.9600067,4,46.45000076
C_ID_59426,Robert,Drucker,Furniture,Hon 2111 Invitation Series Corner Table,Corporate,El Paso,Texas,United States,Central,Late delivery,7/7/2022,O_ID_3000717,7/12/2022,Standard Class,4,5,39.99000168,500.0,4,55.18999863
C_ID_54570,Gerald,Barreto,Office Supplies,"Wilson Jones Ledger-Size, Piano-Hinge Binder, 2"", Blue",Corporate,Hackensack,New Jersey,United States,East,Late delivery,5/10/2022,O_ID_3000718,19-02-2022,Standard Class,4,6,5.119999886,127.9599991,4,12.27999973
C_ID_59849,Kyle,Delaney,Furniture,"Bush Heritage Pine Collection 5-Shelf Bookcase, Albany Pine Finish, *Special Order",Home Office,Niagara Falls,New York,United States,East,Advance shipping,6/9/2022,O_ID_3000719,6/12/2022,Standard Class,4,3,5.5,99.95999908,4,8.5
C_ID_51885,Mary,Barreto,Office Supplies,Prang Drawing Pencil Set,Home Office,Seattle,Washington,United States,West,Shipping on time,6/2/2022,O_ID_3000720,6/6/2022,Standard Class,4,4,16.62999916,127.9599991,4,3.339999914
C_ID_55583,Betty,Boeckenhauer,Office Supplies,Avery Hidden Tab Dividers for Binding Systems,Home Office,League City,Texas,United States,Central,Shipping on time,6/1/2022,O_ID_3000721,6/5/2022,Standard Class,4,4,20.46999931,127.9599991,4,52.66999817
C_ID_58728,Mary,Boeckenhauer,Office Supplies,Wilson Jones Leather-Like Binders with DublLock Round Rings,Home Office,San Francisco,California,United States,West,Shipping on time,6/3/2022,O_ID_3000722,6/7/2022,Standard Class,4,4,17.98999977,99.95999908,4,-65.5699997
C_ID_60320,Mary,Haberlin,Office Supplies,Avery 49,Home Office,League City,Texas,United States,Central,Late delivery,21-01-2022,O_ID_3000723,27-01-2022,Standard Class,4,6,16.20000076,179.9600067,4,67.13999939
C_ID_56965,Mary,Brumfield,Office Supplies,Xerox 1895,Corporate,Seattle,Washington,United States,West,Late delivery,29-01-2022,O_ID_3000724,5/1/2022,Standard Class,4,6,20.98999977,139.9600067,4,-83.27999878
C_ID_54166,Mary,Brumfield,Office Supplies,Xerox 1967,Home Office,San Francisco,California,United States,West,Late delivery,5/10/2022,O_ID_3000725,18-02-2022,Standard Class,4,5,8.0,399.9599915,4,152.8600006
C_ID_38314,Mary,percer,Office Supplies,Personal File Boxes with Fold-Down Carry Handle,Consumer,Seattle,Washington,United States,West,Shipping on time,22-04-2022,O_ID_3053216,26-04-2022,Standard Class,4,4,27.5,200.0,2,222.0500031
C_ID_32404,Mary,Bern,Furniture,Hon Deluxe Fabric Upholstered Stacking Chairs,Corporate,Franklin,Tennessee,United States,South,Late delivery,5/4/2022,O_ID_3056430,5/6/2022,First Class,1,2,74.98999786,200.0,5,143.6399994
C_ID_32520,Mary,Hoffman,Technology,Logitech Trackman Marble Mouse,Corporate,Watertown,New York,United States,East,Late delivery,29-04-2022,O_ID_3056442,1/5/2022,First Class,1,2,15.0,200.0,5,-60.61999893
C_ID_54406,Mary,Ducich,Furniture,9-3/4 Diameter Round Wall Clock,Corporate,Los Angeles,California,United States,West,Advance shipping,1/3/2022,O_ID_3000729,6/1/2022,Standard Class,4,3,59.99000168,399.9599915,4,-883.9099731
C_ID_39220,Mary,Kastensmidt,Office Supplies,GBC VeloBinder Strips,Corporate,Columbus,Ohio,United States,East,Late delivery,21-04-2022,O_ID_3056465,23-04-2022,First Class,1,2,50.0,200.0,5,220.4799957
C_ID_37295,Nicholas,Benoit,Office Supplies,Avery Hidden Tab Dividers for Binding Systems,Home Office,Aurora,Colorado,United States,West,Late delivery,26-04-2022,O_ID_3056471,28-04-2022,First Class,1,2,59.99000168,200.0,5,202.3800049
C_ID_54129,Dylan,Mautz,Office Supplies,Easy-staple paper,Corporate,Los Angeles,California,United States,West,Shipping on time,1/2/2022,O_ID_3000732,5/2/2022,Standard Class,4,4,67.98999786,399.9599915,4,221.4199982
C_ID_51443,James,Armstrong,Office Supplies,Xerox 200,Consumer,Philadelphia,Pennsylvania,United States,East,Advance shipping,23-02-2022,O_ID_3000733,26-02-2022,Standard Class,4,3,25.59000015,127.9599991,4,-179.1399994
C_ID_54923,Mary,Armstrong,Office Supplies,Xerox 1881,Consumer,Newark,Delaware,United States,East,Advance shipping,26-02-2022,O_ID_3000734,1/3/2022,Standard Class,4,3,2.400000095,239.9600067,4,73.63999939
C_ID_56694,Mary,Fritzler,Technology,Polycom VVX 310 VoIP phone,Consumer,Philadelphia,Pennsylvania,United States,East,Late delivery,5/8/2022,O_ID_3000735,16-02-2022,Standard Class,4,5,7.199999809,239.9600067,4,79.13999939
C_ID_52855,Mary,Fritzler,Technology,Cisco SPA508G,Corporate,New York City,New York,United States,East,Late delivery,5/8/2022,O_ID_3000736,16-02-2022,Standard Class,4,5,9.600000381,239.9600067,4,-17.28000069
C_ID_54732,Emma,Armstrong,Technology,Cisco SPA112 2 Port Phone Adapter,Consumer,Aurora,Illinois,United States,Central,Advance shipping,20-03-2022,O_ID_3000737,22-03-2022,Standard Class,4,2,9.600000381,239.9600067,4,89.83999634
C_ID_54253,Kyle,Armstrong,Furniture,"Safco Chair Connectors, 6/Carton",Consumer,Phoenix,Arizona,United States,West,Late delivery,5/1/2022,O_ID_3000738,5/6/2022,Standard Class,4,5,12.0,239.9600067,4,93.45999908
C_ID_35415,Judith,Craven,Technology,SanDisk Ultra 64 GB MicroSDHC Class 10 Memory Card,Home Office,Pasadena,California,United States,West,Late delivery,16-04-2022,O_ID_3056475,18-04-2022,First Class,1,2,64.98999786,200.0,5,32.61999893
C_ID_33690,James,Brooks,Furniture,"Howard Miller 14-1/2"" Diameter Chrome Round Wall Clock",Consumer,Lorain,Ohio,United States,East,Late delivery,18-04-2022,O_ID_3056485,20-04-2022,First Class,1,2,15.0,200.0,5,189.1300049
C_ID_39730,Karen,Braunhardt,Technology,Enermax Aurora Lite Keyboard,Consumer,Detroit,Michigan,United States,Central,Late delivery,2/6/2022,O_ID_3056501,9/1/2022,First Class,1,2,64.98999786,300.0,5,0.0
C_ID_44295,Nicholas,Chen,Office Supplies,Nontoxic Chalk,Consumer,Moreno Valley,California,United States,West,Late delivery,25-04-2022,O_ID_3056551,27-04-2022,First Class,1,2,124.9899979,200.0,5,26.25
C_ID_45191,Mary,Lee,Office Supplies,Xerox 1886,Consumer,Redmond,Oregon,United States,West,Late delivery,5/6/2022,O_ID_3056555,5/8/2022,First Class,1,2,20.0,300.0,5,-639.7800293
C_ID_49586,Madison,Braxton,Office Supplies,"Hot File 7-Pocket, Floor Stand",Corporate,New York City,New York,United States,East,Late delivery,29-04-2022,O_ID_3056557,1/5/2022,First Class,1,2,25.0,200.0,5,-364.2900085
C_ID_57810,Mary,Lichtenstein,Office Supplies,Xerox 1949,Consumer,New Rochelle,New York,United States,East,Shipping on time,7/12/2022,O_ID_3000745,19-04-2022,Standard Class,4,4,28.79999924,239.9600067,4,-57.22999954
C_ID_56056,Nicholas,Lichtenstein,Office Supplies,Xerox 195,Home Office,Bristol,Connecticut,United States,East,Advance shipping,5/3/2022,O_ID_3000746,5/5/2022,Standard Class,4,2,31.19000053,239.9600067,4,75.77999878
C_ID_55844,Carolyn,Prescott,Office Supplies,"OIC Colored Binder Clips, Assorted Sizes",Consumer,Spokane,Washington,United States,West,Late delivery,16-05-2022,O_ID_3057625,21-05-2022,Standard Class,4,5,10.0,499.9500122,5,165.6000061
C_ID_56056,Pamela,Nguyen,Technology,"Verbatim 25 GB 6x Blu-ray Single Layer Recordable Disc, 1/Pack",Consumer,Bristol,Connecticut,United States,East,Advance shipping,24-01-2022,O_ID_3000748,27-01-2022,Standard Class,4,3,40.79000092,239.9600067,4,-44.81000137
C_ID_59762,Catherine,Nguyen,Technology,GE DSL Phone Line Filter,Home Office,Bristol,Connecticut,United States,East,Late delivery,26-01-2022,O_ID_3000749,1/2/2022,Standard Class,4,6,47.99000168,239.9600067,4,9.600000381
C_ID_55137,William,Lucas,Office Supplies,Xerox 1958,Home Office,Jonesboro,Arkansas,United States,South,Late delivery,7/5/2022,O_ID_3057635,7/10/2022,Standard Class,4,5,59.99000168,499.9500122,5,114.3899994
C_ID_56723,Mary,Gonzalez,Technology,WD My Passport Ultra 1TB Portable External Hard Drive,Corporate,Glendale,Arizona,United States,West,Late delivery,6/6/2022,O_ID_3057650,6/11/2022,Standard Class,4,5,99.98999786,300.0,5,-266.769989
C_ID_61248,Mary,Brockman,Office Supplies,Tennsco Double-Tier Lockers,Home Office,New York City,New York,United States,East,Late delivery,31-05-2022,O_ID_3057664,9/2/2022,Standard Class,4,5,15.0,499.9500122,5,-727.4299927
C_ID_52699,Mary,Cazamias,Office Supplies,"BOSTON Ranger #55 Pencil Sharpener, Black",Consumer,Dallas,Texas,United States,Central,Late delivery,5/10/2022,O_ID_3000753,18-02-2022,Standard Class,4,5,3.200000048,159.9600067,4,42.33000183
C_ID_52699,Harry,Roelle,Office Supplies,Newell 315,Corporate,Riverside,California,United States,West,Advance shipping,23-03-2022,O_ID_3000754,25-03-2022,Standard Class,4,2,6.0,200.0,4,54.3199997
C_ID_54814,Kyle,Pisteka,Office Supplies,Wilson Jones Easy Flow II Sheet Lifters,Corporate,Peoria,Arizona,United States,West,Late delivery,17-05-2022,O_ID_3057677,22-05-2022,Standard Class,4,5,5.0,499.9500122,5,173.2299957
C_ID_52209,Paul,Manning,Office Supplies,Eldon Fold 'N Roll Cart System,Consumer,San Diego,California,United States,West,Advance shipping,25-01-2022,O_ID_3000756,28-01-2022,Standard Class,4,3,8.399999619,120.0,4,-167.3999939
C_ID_54433,Karen,Ann,Technology,I Need's 3d Hello Kitty Hybrid Silicone Case Cover for HTC One X 4g with 3d Hello Kitty Stylus Pen Green/pink,Home Office,San Francisco,California,United States,West,Late delivery,29-03-2022,O_ID_3000757,3/4/2022,Standard Class,4,5,18.0,200.0,4,49.13999939
C_ID_58540,David,Preis,Technology,Texas Instrument TI-15 Fraction Calculator,Home Office,Columbus,Georgia,United States,South,Late delivery,16-06-2022,O_ID_3057690,21-06-2022,Standard Class,4,5,74.98999786,300.0,5,154.2599945
C_ID_61401,Mary,Grace,Technology,iOttie HLCRIO102 Car Mount,Consumer,San Diego,California,United States,West,Advance shipping,8/11/2022,O_ID_3000759,17-05-2022,Standard Class,4,3,30.0,200.0,4,-46.0699997
C_ID_58530,Mary,Halladay,Office Supplies,Advantus Push Pins,Corporate,Riverside,California,United States,West,Late delivery,6/8/2022,O_ID_3000760,16-03-2022,Standard Class,4,5,30.0,200.0,4,83.30000305
C_ID_59461,Dorothy,Halladay,Technology,Maxell 4.7GB DVD-R 5/Pack,Corporate,San Francisco,California,United States,West,Advance shipping,23-01-2022,O_ID_3000761,26-01-2022,Standard Class,4,3,23.98999977,159.9600067,4,39.43000031
C_ID_25115,Deborah,Kennedy,Office Supplies,Model L Table or Wall-Mount Pencil Sharpener,Corporate,Newark,Ohio,United States,East,Late delivery,20-04-2022,O_ID_3057744,26-04-2022,Standard Class,4,6,89.98999786,200.0,5,128.3200073
C_ID_57058,Mary,Freymann,Office Supplies,"Cardinal Slant-D Ring Binder, Heavy Gauge Vinyl",Consumer,Springfield,Ohio,United States,East,Advance shipping,8/11/2022,O_ID_3000763,17-05-2022,Standard Class,4,3,32.0,200.0,4,12.60000038
C_ID_52396,Joe,Collister,Furniture,"Barricks 18"" x 48"" Non-Folding Utility Table with Bottom Storage Shelf",Corporate,Dallas,Texas,United States,Central,Late delivery,6/8/2022,O_ID_3000764,17-03-2022,Standard Class,4,6,32.0,200.0,4,45.36000061
C_ID_59686,Amy,Brooks,Office Supplies,"Acco Pressboard Covers with Storage Hooks, 14 7/8"" x 11"", Dark Blue",Home Office,Riverside,California,United States,West,Shipping on time,17-03-2022,O_ID_3000765,21-03-2022,Standard Class,4,4,32.0,200.0,4,44.18000031
C_ID_51457,Mary,Collister,Office Supplies,Acco Hanging Data Binders,Corporate,San Francisco,California,United States,West,Shipping on time,24-03-2022,O_ID_3000766,28-03-2022,Standard Class,4,4,32.0,200.0,4,82.3199997
C_ID_47015,Rose,Creighton,Office Supplies,GBC Instant Report Kit,Consumer,Springfield,Oregon,United States,West,Late delivery,6/4/2022,O_ID_3057792,6/10/2022,Standard Class,4,6,25.0,200.0,5,41.79999924
C_ID_59320,Mary,Collister,Technology,Polycom VVX 310 VoIP phone,Corporate,San Francisco,California,United States,West,Advance shipping,8/11/2022,O_ID_3000768,17-05-2022,Standard Class,4,3,34.0,200.0,4,60.25999832
C_ID_27937,Mary,Lampkin,Office Supplies,Xerox 1905,Consumer,New York City,New York,United States,East,Late delivery,8/5/2022,O_ID_3057806,8/11/2022,Standard Class,4,6,79.98999786,499.9500122,5,83.98999786
C_ID_59399,Mary,Collister,Furniture,Nu-Dell Leatherette Frames,Consumer,San Francisco,California,United States,West,Advance shipping,20-07-2022,O_ID_3000770,22-07-2022,Standard Class,4,2,39.0,500.0,3,125.2699966
C_ID_52844,Mary,Weimer,Furniture,Westinghouse Clip-On Gooseneck Lamps,Home Office,Dallas,Texas,United States,Central,Advance shipping,2/8/2022,O_ID_3000771,11/1/2022,Standard Class,4,2,39.0,299.980011,1,39.15000153
C_ID_55426,Candice,Redmond,Office Supplies,Newell 348,Corporate,Dallas,Texas,United States,Central,Advance shipping,29-10-2022,O_ID_3000772,31-10-2022,Standard Class,4,2,195.0,1500.0,4,417.6000061
C_ID_58530,Mary,Nunn,Office Supplies,Ibico Plastic Spiral Binding Combs,Consumer,Omaha,Nebraska,United States,Central,Advance shipping,18-08-2022,O_ID_3000773,20-08-2022,Standard Class,4,2,52.0,399.980011,1,-4.519999981
C_ID_51552,Mary,Hansen,Office Supplies,Wilson Jones Custom Binder Spines & Labels,Consumer,San Francisco,California,United States,West,Advance shipping,18-07-2022,O_ID_3000774,20-07-2022,Standard Class,4,2,16.89999962,500.0,3,-24.09000015
C_ID_55864,Mary,Nunn,Office Supplies,Clear Mylar Reinforcing Strips,Consumer,San Francisco,California,United States,West,Advance shipping,16-09-2022,O_ID_3000775,18-09-2022,Standard Class,4,2,6.5,50.0,1,18.70999908
C_ID_58678,Mary,Hansen,Office Supplies,Xerox 189,Consumer,New York City,New York,United States,East,Advance shipping,24-09-2022,O_ID_3000776,26-09-2022,Standard Class,4,2,26.0,199.9900055,1,41.40999985
C_ID_58997,Mary,Stevenson,Office Supplies,Xerox 1897,Consumer,San Francisco,California,United States,West,Advance shipping,16-07-2022,O_ID_3000777,18-07-2022,Standard Class,4,2,16.89999962,500.0,3,5.320000172
C_ID_54654,Delilah,Jacobs,Office Supplies,Xerox 1965,Corporate,Los Angeles,California,United States,West,Advance shipping,14-09-2022,O_ID_3000778,14-11-2022,Standard Class,4,2,24.65999985,164.3800049,1,68.45999908
C_ID_51437,Joshua,Craven,Office Supplies,"Wirebound Message Books, Two 4 1/4"" x 5"" Forms per Page",Consumer,San Francisco,California,United States,West,Advance shipping,15-04-2021,O_ID_3000779,15-06-2021,Standard Class,4,2,30.0,199.9900055,1,10.71000004
C_ID_59722,Linda,Jarboe,Office Supplies,"Hot File 7-Pocket, Floor Stand",Corporate,Houston,Texas,United States,Central,Advance shipping,22-09-2022,O_ID_3000780,24-09-2022,Standard Class,4,2,15.0,99.98999786,1,6.369999886
C_ID_58997,Beverly,Pryor,Office Supplies,Fellowes Neat Ideas Storage Cubes,Consumer,New York City,New York,United States,East,Advance shipping,3/11/2022,O_ID_3000781,14-02-2022,Standard Class,4,2,225.0,1500.0,4,624.75
C_ID_57645,Mary,Sorensen,Furniture,"Advantus Employee of the Month Certificate Frame, 11 x 13-1/2",Corporate,Los Angeles,California,United States,West,Late delivery,26-04-2022,O_ID_3058724,29-04-2022,Second Class,2,3,84.98999786,200.0,5,26.13999939
C_ID_55078,Mary,Stevenson,Technology,"Maxell 74 Minute CD-R Spindle, 50/Pack",Corporate,Tucson,Arizona,United States,West,Advance shipping,1/10/2021,O_ID_3000783,3/10/2021,Standard Class,4,2,20.79999924,129.9900055,1,9.609999657
C_ID_55508,Raymond,Stevenson,Furniture,Global Troy Executive Leather Low-Back Tilter,Corporate,San Francisco,California,United States,West,Advance shipping,1/12/2021,O_ID_3000784,3/12/2021,Standard Class,4,2,32.0,199.9900055,1,80.63999939
C_ID_59133,Cynthia,Pryor,Furniture,Hon Every-Day Series Multi-Task Chairs,Corporate,New York City,New York,United States,East,Advance shipping,19-10-2021,O_ID_3000785,21-10-2021,Standard Class,4,2,48.0,299.980011,1,18.89999962
C_ID_58997,Michelle,Chand,Furniture,"Hon 30"" x 60"" Table with Locking Drawer",Corporate,Tucson,Arizona,United States,West,Advance shipping,28-10-2021,O_ID_3000786,30-10-2021,Standard Class,4,2,20.79999924,129.9900055,1,8.18999958
C_ID_59480,Irma,Ludtke,Office Supplies,Acco 6 Outlet Guardian Basic Surge Suppressor,Corporate,San Francisco,California,United States,West,Advance shipping,14-09-2022,O_ID_3000787,14-11-2022,Standard Class,4,2,26.29999924,164.3800049,1,10.35999966
C_ID_59185,Mary,Catlett,Office Supplies,"Adams Telephone Message Book w/Frequently-Called Numbers Space, 400 Messages per Book",Consumer,Seattle,Washington,United States,West,Late delivery,26-05-2022,O_ID_3058739,30-05-2022,Second Class,2,4,79.98999786,499.9500122,5,201.5800018
C_ID_51610,Mary,Rosenblatt,Office Supplies,"Dixon My First Ticonderoga Pencil, #2",Consumer,Los Angeles,California,United States,West,Late delivery,22-05-2022,O_ID_3058745,26-05-2022,Second Class,2,4,27.5,499.9500122,5,89.76999664
C_ID_70531,Joshua,Bixby,Office Supplies,"Inter-Office Recycled Envelopes, Brown Kraft, Button-String,10"" x 13"" , 100/Box",Corporate,San Francisco,California,United States,West,Advance shipping,15-04-2021,O_ID_3000790,15-06-2021,Standard Class,4,2,64.0,120.0,1,96.76000214
C_ID_65591,Robert,Bixby,Technology,Griffin GC17055 Auxiliary Audio Cable,Consumer,San Francisco,California,United States,West,Advance shipping,25-08-2022,O_ID_3000791,27-08-2022,Standard Class,4,2,32.0,199.9900055,1,42.0
C_ID_63461,Janet,Bixby,Furniture,Global Comet Stacking Armless Chair,Consumer,Los Angeles,California,United States,West,Advance shipping,12/7/2022,O_ID_3000792,12/9/2022,Standard Class,4,2,40.0,500.0,3,-32.97000122
C_ID_67586,Mary,Molinari,Furniture,Safco Drafting Table,Consumer,San Francisco,California,United States,West,Advance shipping,16-09-2022,O_ID_3000793,18-09-2022,Standard Class,4,2,20.79999924,129.9900055,1,53.5
C_ID_68141,Mary,Bergman,Office Supplies,"Premium Writing Pencils, Soft, #2 by Central Association for the Blind",Consumer,San Francisco,California,United States,West,Advance shipping,17-08-2022,O_ID_3000794,19-08-2022,Standard Class,4,2,64.0,399.980011,1,109.1900024
C_ID_63306,Mary,Molinari,Office Supplies,Newell 32,Consumer,Los Angeles,California,United States,West,Advance shipping,10/9/2022,O_ID_3000795,10/11/2022,Standard Class,4,2,64.0,399.980011,1,134.3899994
C_ID_71451,Mary,Molinari,Office Supplies,Crayola Colored Pencils,Home Office,Atlanta,Georgia,United States,South,Advance shipping,24-10-2021,O_ID_3000796,26-10-2021,Standard Class,4,2,5.119999886,31.98999977,1,13.17000008
C_ID_48206,Joshua,Bergman,Office Supplies,Eldon Mobile Mega Data Cart  Mega Stackable  Add-On Trays,Consumer,North Las Vegas,Nevada,United States,West,Advance shipping,15-04-2021,O_ID_3000797,15-06-2021,Standard Class,4,2,68.0,120.0,1,-24.89999962
C_ID_53045,Mary,Chand,Office Supplies,"Rediform S.O.S. 1-Up Phone Message Bk, 4-1/4x3-1/16 Bk, 1 Form/Pg, 40 Messages/Bk, 3/Pk",Corporate,Seattle,Washington,United States,West,Late delivery,21-05-2022,O_ID_3058747,25-05-2022,Second Class,2,4,45.0,499.9500122,5,-22.75
C_ID_60934,Angela,Smith,Furniture,Nu-Dell Executive Frame,Consumer,Pasadena,California,United States,West,Late delivery,21-04-2022,O_ID_3058785,27-04-2022,Second Class,2,6,35.0,200.0,5,-340.8099976
C_ID_55684,Pamela,Smith,Office Supplies,Newell 346,Consumer,Hialeah,Florida,United States,South,Late delivery,21-05-2022,O_ID_3058786,27-05-2022,Second Class,2,6,50.0,499.9500122,5,-719.9299927
C_ID_43581,Mary,Thornton,Office Supplies,Wilson Jones Custom Binder Spines & Labels,Consumer,San Antonio,Texas,United States,Central,Advance shipping,18-07-2022,O_ID_3000801,20-07-2022,Standard Class,4,2,51.0,500.0,3,53.02999878
C_ID_47801,Mary,Williamson,Office Supplies,Acme Softgrip Scissors,Corporate,San Antonio,Texas,United States,Central,Advance shipping,16-09-2022,O_ID_3000802,18-09-2022,Standard Class,4,2,22.10000038,129.9900055,1,51.79000092
C_ID_71599,Teresa,Dana,Furniture,"Tenex Traditional Chairmats for Medium Pile Carpet, Standard Lip, 36"" x 48""",Consumer,Dallas,Texas,United States,Central,Late delivery,4/4/2022,O_ID_3059003,4/7/2022,Second Class,2,3,74.98999786,200.0,5,-371.8399963
C_ID_45471,Megan,Kastensmidt,Technology,Microsoft Natural Keyboard Elite,Consumer,San Antonio,Texas,United States,Central,Advance shipping,10/10/2022,O_ID_3000804,10/12/2022,Standard Class,4,2,34.0,199.9900055,4,43.15999985
C_ID_71486,Gary,McAdams,Technology,Imation 8gb Micro Traveldrive Usb 2.0 Flash Drive,Corporate,Atlanta,Georgia,United States,South,Advance shipping,18-08-2022,O_ID_3000805,20-08-2022,Standard Class,4,2,72.0,399.980011,1,6.559999943
C_ID_71151,Anastasia,Bierner,Technology,NETGEAR AC1750 Dual Band Gigabit Smart WiFi Router,Consumer,Chicago,Illinois,United States,Central,Advance shipping,19-10-2022,O_ID_3000806,21-10-2022,Standard Class,4,2,81.37000275,452.0400085,4,4.079999924
C_ID_69066,Matthew,Kastensmidt,Technology,VTech DS6151,Corporate,Draper,Utah,United States,West,Advance shipping,1/8/2022,O_ID_3000807,3/8/2022,Standard Class,4,2,9.0,49.97999954,1,-15.69999981
C_ID_48206,Mary,McAdams,Technology,AT&T CL2909,Corporate,San Antonio,Texas,United States,Central,Advance shipping,24-10-2021,O_ID_3000808,26-10-2021,Standard Class,4,2,18.0,99.98999786,1,39.36000061
C_ID_66071,Raymond,Andreada,Furniture,Staple-based wall hangings,Consumer,North Las Vegas,Nevada,United States,West,Advance shipping,1/12/2021,O_ID_3000809,3/12/2021,Standard Class,4,2,10.0,50.0,1,-18.20000076
C_ID_67191,Mary,McAdams,Office Supplies,Xerox 1966,Home Office,North Las Vegas,Nevada,United States,West,Advance shipping,17-09-2021,O_ID_3000810,19-09-2021,Standard Class,4,2,26.0,129.9900055,1,-7.380000114
C_ID_67586,Amanda,McAdams,Office Supplies,"Fellowes Personal Hanging Folder Files, Navy",Consumer,New York City,New York,United States,East,Advance shipping,12/12/2022,O_ID_3000811,17-09-2022,Standard Class,4,2,10.0,50.0,1,2.799999952
C_ID_62473,Betty,Magee,Office Supplies,"1.7 Cubic Foot Compact ""Cube"" Office Refrigerators",Consumer,San Francisco,California,United States,West,Late delivery,17-06-2022,O_ID_3061684,21-06-2022,Second Class,2,4,45.0,300.0,5,28.65999985
C_ID_63061,Mary,Fjeld,Office Supplies,Acme Kleen Earth Office Shears,Home Office,San Francisco,California,United States,West,Advance shipping,20-07-2022,O_ID_3000813,22-07-2022,Standard Class,4,2,26.0,500.0,3,7.800000191
C_ID_45196,Ria,Kargatis,Furniture,"Metal Folding Chairs, Beige, 4/Carton",Consumer,Apopka,Florida,United States,South,Advance shipping,26-10-2022,O_ID_3000814,28-10-2022,Standard Class,4,2,71.41999817,357.1000061,4,28.5699997
C_ID_48206,Mary,Katz,Furniture,Hon 2090 “Pillow Soft” Series Mid Back Swivel/Tilt Chairs,Consumer,Apopka,Florida,United States,South,Advance shipping,11/7/2022,O_ID_3000815,11/9/2022,Standard Class,4,2,12.0,500.0,3,-6.0
C_ID_71186,Mary,Fortune-,Furniture,"DAX Cubicle Frames, 8-1/2 x 11",Consumer,Apopka,Florida,United States,South,Advance shipping,24-10-2021,O_ID_3000816,26-10-2021,Standard Class,4,2,60.0,299.980011,1,77.98999786
C_ID_61801,John,Fortune-,Furniture,Tensor Computer Mounted Lamp,Consumer,Seattle,Washington,United States,West,Advance shipping,10/7/2022,O_ID_3000817,10/9/2022,Standard Class,4,2,80.0,500.0,3,100.1500015
C_ID_71276,Mary,Französisch,Furniture,DAX Clear Channel Poster Frame,Consumer,Charlotte,North Carolina,United States,South,Advance shipping,2/12/2021,O_ID_3000818,15-01-2021,Standard Class,4,2,50.0,199.9900055,1,15.0
C_ID_63461,Mary,Katz,Office Supplies,Acco 6 Outlet Guardian Standard Surge Suppressor,Consumer,Charlotte,North Carolina,United States,South,Advance shipping,10/12/2022,O_ID_3000819,17-07-2022,Standard Class,4,2,15.0,59.99000168,1,6.75
C_ID_67586,Tiffany,Bensley,Office Supplies,GBC Premium Transparent Covers with Diagonal Lined Pattern,Consumer,San Francisco,California,United States,West,Advance shipping,12/3/2022,O_ID_3000820,12/5/2022,Standard Class,4,2,32.5,129.9900055,1,28.27000046
C_ID_62161,Quynn,Fortune-,Office Supplies,GBC Instant Index System for Binding Systems,Consumer,Philadelphia,Pennsylvania,United States,East,Advance shipping,24-10-2022,O_ID_3000821,26-10-2022,Standard Class,4,2,89.27999878,357.1000061,4,-138.4700012
C_ID_63141,Amanda,Fortune-,Office Supplies,GBC DocuBind P400 Electric Binding System,Consumer,Charlotte,North Carolina,United States,South,Advance shipping,12/12/2022,O_ID_3000822,17-09-2022,Standard Class,4,2,50.0,199.9900055,1,39.0
C_ID_65576,Anna,Fortune-,Office Supplies,Avery 485,Consumer,Charlotte,North Carolina,United States,South,Advance shipping,25-09-2022,O_ID_3000823,27-09-2022,Standard Class,4,2,100.0,399.980011,1,84.0
C_ID_64084,Sarah,Jordon,Office Supplies,"GBC Pre-Punched Binding Paper, Plastic, White, 8-1/2"" x 11""",Corporate,Los Angeles,California,United States,West,Late delivery,2/6/2022,O_ID_3061714,9/4/2022,Second Class,2,5,84.98999786,300.0,5,190.8800049
C_ID_64451,Mary,Shonely,Technology,Memorex Micro Travel Drive 16 GB,Corporate,Springfield,Missouri,United States,Central,Advance shipping,24-08-2022,O_ID_3000825,26-08-2022,Standard Class,4,2,32.5,129.9900055,1,26.3199997
C_ID_45196,Douglas,Shonely,Technology,Microsoft Natural Keyboard Elite,Consumer,Springfield,Missouri,United States,Central,Advance shipping,20-09-2022,O_ID_3000826,22-09-2022,Standard Class,4,2,75.0,299.980011,1,-14.17000008
C_ID_47801,Mary,Shonely,Technology,Logitech Illuminated Ultrathin Keyboard with Backlighting,Consumer,Denver,Colorado,United States,West,Advance shipping,20-08-2022,O_ID_3000827,22-08-2022,Standard Class,4,2,0.0,129.9900055,1,-29.25
C_ID_42676,Joshua,Shonely,Technology,Apple iPhone 5S,Consumer,Denver,Colorado,United States,West,Advance shipping,1/8/2022,O_ID_3000828,3/8/2022,Standard Class,4,2,0.0,99.98999786,1,49.0
C_ID_67541,Joshua,Shonely,Office Supplies,Xerox 1956,Corporate,New York City,New York,United States,East,Advance shipping,1/8/2022,O_ID_3000829,3/8/2022,Standard Class,4,2,0.0,199.9900055,1,37.59999847
C_ID_64821,Hiroko,Nunn,Office Supplies,"SAFCO Commercial Wire Shelving, Black",Corporate,Glendale,Arizona,United States,West,Advance shipping,13-03-2022,O_ID_3000830,13-05-2022,Standard Class,4,2,0.0,31.07999992,1,4.659999847
C_ID_63576,Bobby,Phan,Technology,WD My Passport Ultra 2TB Portable External Hard Drive,Consumer,New York City,New York,United States,East,Advance shipping,27-07-2022,O_ID_3000831,29-07-2022,Standard Class,4,2,4.0,500.0,3,-290.25
C_ID_70346,William,Phan,Furniture,"DataProducts Ampli Magnifier Task Lamp, Black,",Consumer,New York City,New York,United States,East,Advance shipping,3/7/2022,O_ID_3000832,10/2/2022,Standard Class,4,2,1.200000048,500.0,3,5.039999962
C_ID_65051,Kathleen,Phan,Office Supplies,"#10- 4 1/8"" x 9 1/2"" Recycled Envelopes",Consumer,Bangor,Maine,United States,East,Advance shipping,19-10-2022,O_ID_3000833,21-10-2022,Standard Class,4,2,18.07999992,452.0400085,4,195.2799988
C_ID_45196,Amanda,Nguyen,Office Supplies,"OIC Colored Binder Clips, Assorted Sizes",Consumer,Pleasant Grove,Utah,United States,West,Advance shipping,10/3/2022,O_ID_3000834,10/5/2022,Standard Class,4,2,6.5,129.9900055,1,34.58000183
C_ID_56677,Jacob,Daly,Technology,Razer Kraken 7.1 Surround Sound Over Ear USB Gaming Headset,Home Office,Deltona,Florida,United States,South,Late delivery,27-05-2022,O_ID_3062624,1/6/2022,Standard Class,4,5,64.98999786,499.9500122,5,104.3899994
C_ID_47871,Mary,Zypern,Furniture,9-3/4 Diameter Round Wall Clock,Corporate,Pleasant Grove,Utah,United States,West,Advance shipping,20-08-2022,O_ID_3000836,22-08-2022,Standard Class,4,2,11.0,199.9900055,1,14.17000008
C_ID_63256,Danielle,Nguyen,Office Supplies,Honeywell Quietcare HEPA Air Cleaner,Corporate,Pleasant Grove,Utah,United States,West,Advance shipping,12/11/2022,O_ID_3000837,16-09-2022,Standard Class,4,2,22.0,399.980011,4,-85.05000305
C_ID_66866,Mary,Nguyen,Office Supplies,Wilson Jones data.warehouse D-Ring Binders with DublLock,Consumer,Bangor,Maine,United States,East,Advance shipping,11/3/2022,O_ID_3000838,11/5/2022,Standard Class,4,2,7.150000095,129.9900055,1,23.09000015
C_ID_53878,Mary,Lampkin,Furniture,DMI Arturo Collection Mission-style Design Wood Chair,Home Office,Philadelphia,Pennsylvania,United States,East,Late delivery,26-04-2022,O_ID_3062644,1/5/2022,Standard Class,4,5,79.98999786,200.0,5,15.53999996
C_ID_67541,Mary,Haberlin,Office Supplies,Self-Adhesive Address Labels for Typewriters by Universal,Corporate,Bangor,Maine,United States,East,Advance shipping,20-08-2022,O_ID_3000840,22-08-2022,Standard Class,4,2,14.0,199.9900055,1,65.09999847
C_ID_68186,Amanda,Nguyen,Office Supplies,Xerox 1916,Corporate,Pleasant Grove,Utah,United States,West,Advance shipping,10/3/2022,O_ID_3000841,10/5/2022,Standard Class,4,2,14.0,199.9900055,1,66.95999908
C_ID_54298,Mary,Schmidt,Technology,Maxell 4.7GB DVD-RW 3/Pack,Home Office,Houston,Texas,United States,Central,Late delivery,20-04-2022,O_ID_3062665,25-04-2022,Standard Class,4,5,84.98999786,200.0,5,51.86999893
C_ID_65976,Mary,Phan,Office Supplies,Smead Adjustable Mobile File Trolley with Lockable Top,Home Office,Los Angeles,California,United States,West,Advance shipping,11/3/2022,O_ID_3000843,11/5/2022,Standard Class,4,2,21.0,299.980011,1,131.1199951
C_ID_67881,Mary,Zypern,Technology,Memorex Micro Travel Drive 4 GB,Home Office,Texas City,Texas,United States,Central,Advance shipping,12/4/2021,O_ID_3000844,12/6/2021,Standard Class,4,2,9.0,99.98999786,1,15.47000027
C_ID_65756,Joshua,Zypern,Furniture,BoxOffice By Design Rectangular and Half-Moon Meeting Room Tables,Consumer,Meriden,Connecticut,United States,East,Advance shipping,1/8/2022,O_ID_3000845,3/8/2022,Standard Class,4,2,36.0,399.980011,1,163.7899933
C_ID_53318,Mary,Wasserman,Technology,Memorex Micro Travel Drive 32 GB,Consumer,Raleigh,North Carolina,United States,South,Late delivery,20-04-2022,O_ID_3062666,25-04-2022,Standard Class,4,5,99.98999786,200.0,5,4.0
C_ID_64456,William,Haberlin,Office Supplies,Xerox 1884,Consumer,New York City,New York,United States,East,Advance shipping,3/7/2022,O_ID_3000847,10/2/2022,Standard Class,4,2,30.0,500.0,3,67.5
C_ID_68971,Sarah,Haberlin,Office Supplies,White Computer Printout Paper by Universal,Home Office,San Francisco,California,United States,West,Advance shipping,25-07-2022,O_ID_3000848,27-07-2022,Standard Class,4,2,15.60000038,500.0,3,-54.34000015
C_ID_64091,Mary,Jones,Office Supplies,Staple magnet,Consumer,Los Angeles,California,United States,West,Advance shipping,12/4/2021,O_ID_3000849,12/6/2021,Standard Class,4,2,60.0,120.0,1,122.3899994
C_ID_62416,Mary,Kiefer,Office Supplies,Acme Box Cutter Scissors,Consumer,Los Angeles,California,United States,West,Advance shipping,11/11/2022,O_ID_3000850,16-08-2022,Standard Class,4,2,19.5,129.9900055,4,-20.54999924
C_ID_56419,Stephanie,Redmond,Office Supplies,"Avery Hi-Liter Comfort Grip Fluorescent Highlighter, Yellow Ink",Consumer,New York City,New York,United States,East,Late delivery,5/6/2022,O_ID_3062693,5/12/2022,Standard Class,4,6,35.0,300.0,5,218.5299988
C_ID_62641,Amanda,Miller,Office Supplies,Hoover WindTunnel Plus Canister Vacuum,Consumer,San Francisco,California,United States,West,Advance shipping,10/3/2022,O_ID_3000852,10/5/2022,Standard Class,4,2,64.0,399.980011,1,109.1900024
C_ID_62026,Danielle,Company,Office Supplies,Newell 329,Consumer,New York City,New York,United States,East,Advance shipping,12/11/2022,O_ID_3000853,16-09-2022,Standard Class,4,2,10.19999981,59.99000168,4,16.18000031
C_ID_65756,Sandra,Miller,Office Supplies,Ibico Standard Transparent Covers,Consumer,Columbia,South Carolina,United States,South,Advance shipping,21-09-2022,O_ID_3000854,23-09-2022,Standard Class,4,2,68.0,399.980011,1,99.59999847
C_ID_67436,Mary,Miller,Office Supplies,Xerox 1934,Consumer,New York City,New York,United States,East,Advance shipping,12/3/2022,O_ID_3000855,12/5/2022,Standard Class,4,2,54.0,299.980011,1,86.08999634
C_ID_64801,Mary,Miller,Office Supplies,Southworth 25% Cotton Premium Laser Paper and Envelopes,Corporate,Jacksonville,Florida,United States,South,Advance shipping,11/3/2022,O_ID_3000856,11/5/2022,Standard Class,4,2,72.0,399.980011,1,-41.0
C_ID_62026,Sandra,Company,Office Supplies,"Safco Wire Cube Shelving System, For Use as 4 or 5 14"" Cubes, Black",Consumer,Glendale,Arizona,United States,West,Advance shipping,21-09-2022,O_ID_3000857,23-09-2022,Standard Class,4,2,72.0,399.980011,1,20.32999992
C_ID_65756,Dahlia,Company,Technology,Maxell 4.7GB DVD-R,Corporate,San Diego,California,United States,West,Advance shipping,24-10-2022,O_ID_3000858,26-10-2022,Standard Class,4,2,71.41999817,357.1000061,4,-64.27999878
C_ID_62641,Amanda,Miller,Technology,Panasonic KX T7731-B Digital phone,Consumer,Trenton,Michigan,United States,Central,Advance shipping,10/3/2022,O_ID_3000859,10/5/2022,Standard Class,4,2,75.0,299.980011,1,74.25
C_ID_61616,Mary,Miller,Furniture,Hon GuestStacker Chair,Corporate,Trenton,Michigan,United States,Central,Advance shipping,20-08-2022,O_ID_3000860,22-08-2022,Standard Class,4,2,32.5,129.9900055,1,34.11999893
C_ID_64801,Deborah,Connell,Furniture,"Global Value Steno Chair, Gray",Consumer,San Diego,California,United States,West,Advance shipping,27-07-2022,O_ID_3000861,29-07-2022,Standard Class,4,2,36.0,500.0,3,61.88000107
C_ID_41986,Mary,Connell,Furniture,"SAFCO PlanMaster Heigh-Adjustable Drafting Table Base, 43w x 30d x 30-37h, Black",Consumer,Trenton,Michigan,United States,Central,Advance shipping,30-08-2022,O_ID_3000862,1/9/2022,Standard Class,4,2,20.0,199.9900055,1,60.84000015
C_ID_57265,Mary,Messe,Technology,Belkin Standard 104 key USB Keyboard,Corporate,Seattle,Washington,United States,West,Late delivery,17-06-2022,O_ID_3062723,23-06-2022,Standard Class,4,6,27.5,300.0,5,47.25
C_ID_62121,Pamela,Connell,Office Supplies,"Binney & Smith inkTank Erasable Pocket Highlighter, Chisel Tip, Yellow",Corporate,Glendale,Arizona,United States,West,Advance shipping,7/3/2022,O_ID_3000864,7/6/2022,Standard Class,4,3,2.0,200.0,4,23.76000023
C_ID_62416,Phillip,Connell,Office Supplies,"Binney & Smith inkTank Erasable Pocket Highlighter, Chisel Tip, Yellow",Corporate,Trenton,Michigan,United States,Central,Advance shipping,5/10/2022,O_ID_3000865,16-02-2022,Standard Class,4,3,11.0,199.9199982,4,88.79000092
C_ID_63956,James,Connell,Office Supplies,Boston KS Multi-Size Manual Pencil Sharpener,Consumer,San Diego,California,United States,West,Advance shipping,19-03-2022,O_ID_3000866,22-03-2022,Standard Class,4,3,40.0,399.9599915,4,172.7799988
C_ID_41986,James,Connell,Office Supplies,"Adams Phone Message Book, Professional, 400 Message Capacity, 5 3/6” x 11”",Consumer,Trenton,Michigan,United States,Central,Advance shipping,19-03-2022,O_ID_3000867,22-03-2022,Standard Class,4,3,24.0,239.9600067,4,16.20000076
C_ID_57750,Grace,Schneider,Technology,Classic Ivory Antique Telephone ZL1810,Consumer,Chicago,Illinois,United States,Central,Late delivery,3/5/2022,O_ID_3062727,8/6/2022,Standard Class,4,6,64.98999786,499.9500122,5,147.0200043
C_ID_62076,Mary,McGarr,Office Supplies,Akro Stacking Bins,Consumer,Phoenix,Arizona,United States,West,Advance shipping,24-01-2022,O_ID_3000869,27-01-2022,Standard Class,4,3,35.99000168,199.9199982,4,26.71999931
C_ID_62641,Mary,Hastings,Technology,Logitech Desktop MK120 Mouse and keyboard Combo,Consumer,Seattle,Washington,United States,West,Advance shipping,24-01-2022,O_ID_3000870,27-01-2022,Standard Class,4,3,39.97999954,199.9199982,4,73.5699997
C_ID_67436,Mary,Brandow,Technology,"Plantronics CS 50-USB - headset - Convertible, Monaural",Corporate,Phoenix,Arizona,United States,West,Advance shipping,7/3/2022,O_ID_3000871,7/6/2022,Standard Class,4,3,49.97999954,199.9199982,4,68.97000122
C_ID_67891,Ryan,Brandow,Technology,"Maxell 74 Minute CD-R Spindle, 50/Pack",Consumer,San Diego,California,United States,West,Advance shipping,9/11/2022,O_ID_3000872,17-06-2022,Standard Class,4,3,0.0,239.9600067,4,112.7799988
C_ID_58674,Jeffrey,Wilson,Office Supplies,Xerox 1928,Consumer,San Francisco,California,United States,West,Late delivery,26-04-2022,O_ID_3064297,28-04-2022,First Class,1,2,64.98999786,200.0,1,43.5
C_ID_52373,Mary,Watters,Furniture,"Seth Thomas 13 1/2"" Wall Clock",Corporate,Los Angeles,California,United States,West,Late delivery,20-05-2022,O_ID_3064302,22-05-2022,First Class,1,2,79.98999786,499.9500122,1,152.4400024
C_ID_25555,Mary,Herman,Office Supplies,Kensington 6 Outlet Guardian Standard Surge Protector,Consumer,San Antonio,Texas,United States,Central,Late delivery,24-06-2022,O_ID_3070993,30-06-2022,Standard Class,4,6,64.98999786,300.0,5,191.3800049
C_ID_28470,Mary,Cartwright,Office Supplies,Staple envelope,Corporate,Freeport,New York,United States,East,Late delivery,30-04-2022,O_ID_3071658,2/5/2022,First Class,1,2,124.9899979,200.0,5,123.7399979
C_ID_62641,Mary,Seio,Furniture,Nu-Dell Float Frame 11 x 14 1/2,Home Office,Saint Petersburg,Florida,United States,South,Advance shipping,5/11/2022,O_ID_3000877,17-02-2022,Standard Class,4,3,7.199999809,239.9600067,4,65.16999817
C_ID_30814,William,Duston,Office Supplies,Martin Yale Chadless Opener Electric Letter Opener,Corporate,Lowell,Massachusetts,United States,East,Late delivery,5/4/2022,O_ID_3071680,5/6/2022,First Class,1,2,59.99000168,200.0,5,189.1799927
C_ID_64071,Mary,Fritzler,Office Supplies,Fellowes Superior 10 Outlet Split Surge Protector,Consumer,Seattle,Washington,United States,West,Advance shipping,8/8/2022,O_ID_3000879,8/11/2022,Standard Class,4,3,16.0,319.9599915,4,142.8600006
C_ID_66441,Mary,Mathis,Office Supplies,Globe Weis Peel & Seel First Class Envelopes,Home Office,Seattle,Washington,United States,West,Advance shipping,8/8/2022,O_ID_3000880,8/11/2022,Standard Class,4,3,10.0,200.0,4,89.30000305
C_ID_61527,Donald,Carroll,Office Supplies,Advantus Rolling Drawer Organizers,Consumer,New York City,New York,United States,East,Advance shipping,16-02-2022,O_ID_3000881,19-02-2022,Standard Class,4,3,11.0,199.9199982,4,39.66999817
C_ID_46424,John,House,Office Supplies,Avery 50,Corporate,San Francisco,California,United States,West,Shipping canceled,10/6/2022,O_ID_3074291,10/10/2022,Standard Class,4,4,27.5,300.0,5,-315.1300049
C_ID_47595,Jeffrey,Perrino,Office Supplies,"Avery 3 1/2"" Diskette Storage Pages, 10/Pack",Corporate,Arlington,Virginia,United States,South,Shipping canceled,25-05-2022,O_ID_3074374,29-05-2022,Standard Class,4,4,89.98999786,499.9500122,5,196.7799988
C_ID_36825,Mary,Manning,Office Supplies,Binder Posts,Consumer,Paterson,New Jersey,United States,East,Shipping on time,28-06-2022,O_ID_3074972,2/7/2022,Standard Class,4,4,79.98999786,300.0,2,209.9799957
C_ID_55177,Steven,O'Donnell,Technology,Motorola Droid Maxx,Home Office,Woodstock,Georgia,United States,South,Advance shipping,18-03-2022,O_ID_3000885,21-03-2022,Standard Class,4,3,14.0,200.0,4,21.02000046
C_ID_32453,Melissa,Edelman,Office Supplies,"OIC Binder Clips, Mini, 1/4"" Capacity, Black",Home Office,Paterson,New Jersey,United States,East,Shipping on time,22-06-2022,O_ID_3074975,26-06-2022,Standard Class,4,4,124.9899979,300.0,2,-250.1000061
C_ID_63081,Matthew,Messe,Furniture,"Iceberg OfficeWorks 42"" Round Tables",Home Office,Dallas,Texas,United States,Central,Late delivery,27-06-2022,O_ID_3079230,1/7/2022,Second Class,2,4,10.0,300.0,2,49.0
C_ID_66788,Albert,Sewall,Office Supplies,Xerox 1955,Corporate,New York City,New York,United States,East,Late delivery,24-06-2022,O_ID_3079251,30-06-2022,Second Class,2,6,74.98999786,300.0,2,-325.9400024
C_ID_35029,Henry,Ashbrook,Office Supplies,"GBC Prepunched Paper, 19-Hole, for Binding Systems, 24-lb",Corporate,Philadelphia,Pennsylvania,United States,East,Late delivery,29-05-2022,O_ID_3079689,9/1/2022,Second Class,2,6,45.0,499.9500122,5,213.8300018
C_ID_51467,Mary,Anderson,Office Supplies,Avery Hole Reinforcements,Consumer,Woodstock,Georgia,United States,South,Advance shipping,6/1/2022,O_ID_3000890,6/4/2022,Standard Class,4,3,28.79999924,239.9600067,4,13.30000019
C_ID_61482,Ashley,Witt,Office Supplies,Newell 328,Home Office,Fairfield,Connecticut,United States,East,Late delivery,27-06-2022,O_ID_3080848,1/7/2022,Second Class,2,4,0.0,300.0,5,139.9900055
C_ID_56447,Nicole,Anderson,Office Supplies,"Super Bands, 12/Pack",Consumer,San Francisco,California,United States,West,Advance shipping,28-03-2022,O_ID_3000892,31-03-2022,Standard Class,4,3,25.98999977,199.9199982,4,-133.3999939
C_ID_61167,John,Anderson,Office Supplies,Avery 494,Home Office,San Francisco,California,United States,West,Advance shipping,29-03-2022,O_ID_3000893,1/4/2022,Standard Class,4,3,31.19000053,239.9600067,4,85.58999634
C_ID_63115,Christine,Kampe,Office Supplies,Newell 325,Consumer,San Francisco,California,United States,West,Late delivery,27-06-2022,O_ID_3081434,3/7/2022,Standard Class,4,6,15.0,300.0,1,237.6300049
C_ID_64700,Mary,Stewart,Office Supplies,Fellowes Presentation Covers for Comb Binding Machines,Consumer,Philadelphia,Pennsylvania,United States,East,Late delivery,3/5/2022,O_ID_3082092,8/5/2022,Standard Class,4,5,50.0,499.9500122,5,224.9799957
C_ID_59182,Michael,Stewart,Technology,Jawbone MINI JAMBOX Wireless Bluetooth Speaker,Home Office,Fairfield,Connecticut,United States,East,Advance shipping,9/3/2022,O_ID_3000896,9/6/2022,Standard Class,4,3,67.98999786,399.9599915,4,116.1900024
C_ID_64700,Mary,Miller,Technology,Logitech Wireless Performance Mouse MX for PC and Mac,Consumer,San Francisco,California,United States,West,Late delivery,3/5/2022,O_ID_3082094,8/5/2022,Standard Class,4,5,59.99000168,499.9500122,5,105.5899963
C_ID_66775,Mary,Weimer,Technology,Grandstream GXP1160 VoIP phone,Consumer,Kenosha,Wisconsin,United States,Central,Late delivery,2/4/2022,O_ID_3082107,7/4/2022,Standard Class,4,5,64.98999786,200.0,5,113.0899963
C_ID_70215,Mary,McCarthy,Furniture,Global Deluxe High-Back Manager's Chair,Home Office,San Antonio,Texas,United States,Central,Late delivery,2/6/2022,O_ID_3082109,9/4/2022,Standard Class,4,5,79.98999786,300.0,5,47.45999908
C_ID_58837,Frank,VanderZanden,Office Supplies,Sanford 52201 APSCO Electric Pencil Sharpener,Consumer,San Francisco,California,United States,West,Advance shipping,7/10/2022,O_ID_3000900,16-04-2022,Standard Class,4,3,27.98999977,139.9600067,4,32.47000122
C_ID_58837,Mary,VanderZanden,Office Supplies,"Vinyl Coated Wire Paper Clips in Organizer Box, 800/Box",Consumer,Hollywood,Florida,United States,South,Advance shipping,8/8/2022,O_ID_3000901,8/11/2022,Standard Class,4,3,39.97999954,199.9199982,4,-127.9499969
C_ID_53032,Donald,Raglin,Office Supplies,Tennsco Single-Tier Lockers,Consumer,Philadelphia,Pennsylvania,United States,East,Advance shipping,16-02-2022,O_ID_3000902,19-02-2022,Standard Class,4,3,47.99000168,239.9600067,4,19.20000076
C_ID_57967,John,Gockenbach,Furniture,"Seth Thomas 14"" Day/Date Wall Clock",Consumer,Little Rock,Arkansas,United States,South,Advance shipping,29-03-2022,O_ID_3000903,1/4/2022,Standard Class,4,3,31.98999977,159.9600067,4,-28.79000092
C_ID_57567,Joyce,Armstrong,Office Supplies,Acco Smartsocket Color-Coded Six-Outlet AC Adapter Model Surge Protectors,Home Office,Little Rock,Arkansas,United States,South,Advance shipping,2/2/2022,O_ID_3000904,5/2/2022,Standard Class,4,3,25.0,100.0,4,34.5
C_ID_52462,Mary,Packer,Office Supplies,Bulldog Vacuum Base Pencil Sharpener,Home Office,Little Rock,Arkansas,United States,South,Advance shipping,8/2/2022,O_ID_3000905,8/5/2022,Standard Class,4,3,28.79999924,320.0,4,58.24000168
C_ID_55127,Mary,Gilcrest,Office Supplies,Acco Translucent Poly Ring Binders,Consumer,Houston,Texas,United States,Central,Advance shipping,8/2/2022,O_ID_3000906,8/5/2022,Standard Class,4,3,17.98999977,199.9199982,4,-30.37999916
C_ID_62975,Gregory,Miller,Office Supplies,Wilson Jones Heavy-Duty Casebound Ring Binders with Metal Hinges,Corporate,Plantation,Florida,United States,South,Late delivery,29-04-2022,O_ID_3082115,8/1/2022,Standard Class,4,5,20.0,200.0,5,134.3899994
C_ID_56587,Amber,Packer,Office Supplies,Avery 501,Home Office,Jonesboro,Arkansas,United States,South,Advance shipping,28-03-2022,O_ID_3000908,30-03-2022,Standard Class,4,2,9.0,299.9500122,5,104.7399979
C_ID_62980,Frank,DeCherney,Office Supplies,Round Specialty Laser Printer Labels,Home Office,North Miami,Florida,United States,South,Late delivery,30-05-2022,O_ID_3082141,9/2/2022,Standard Class,4,6,27.5,499.9500122,5,171.5
C_ID_65815,Jane,Tron,Office Supplies,Boston 1645 Deluxe Heavier-Duty Electric Pencil Sharpener,Home Office,New York City,New York,United States,East,Late delivery,1/6/2022,O_ID_3082155,9/4/2022,Standard Class,4,6,0.0,300.0,5,20.0
C_ID_49227,Tiffany,Seite,Technology,Plantronics HL10 Handset Lifter,Home Office,Mobile,Alabama,United States,South,Late delivery,26-06-2022,O_ID_3085712,1/7/2022,Standard Class,4,5,25.0,300.0,2,4.75
C_ID_40510,Judith,Kastensmidt,Office Supplies,"TOPS Money Receipt Book, Consecutively Numbered in Red,",Corporate,Providence,Rhode Island,United States,East,Late delivery,28-06-2022,O_ID_3086319,1/7/2022,Second Class,2,3,84.98999786,300.0,5,-88.38999939
C_ID_55792,Cynthia,Glocke,Technology,BlackBerry Q10,Consumer,Columbus,Georgia,United States,South,Advance shipping,26-02-2022,O_ID_3000913,28-02-2022,Standard Class,4,2,21.0,299.9500122,5,72.52999878
C_ID_34955,Mary,Selesnick,Office Supplies,"SAFCO Commercial Wire Shelving, Black",Consumer,Chicago,Illinois,United States,Central,Late delivery,28-06-2022,O_ID_3086353,3/7/2022,Second Class,2,5,99.98999786,300.0,5,-306.769989
C_ID_60812,Katherine,Glocke,Office Supplies,Tripp Lite TLP810NET Broadband Surge for Modem/Fax,Consumer,Hampton,Virginia,United States,South,Advance shipping,31-01-2022,O_ID_3000915,2/2/2022,Standard Class,4,2,30.0,250.0,5,-161.2599945
C_ID_57967,Cynthia,Bern,Office Supplies,Fellowes Superior 10 Outlet Split Surge Protector,Consumer,Chicago,Illinois,United States,Central,Advance shipping,26-02-2022,O_ID_3000916,28-02-2022,Standard Class,4,2,39.97999954,249.8999939,5,68.22000122
C_ID_60627,Mary,Glocke,Office Supplies,Premium Transparent Presentation Covers by GBC,Consumer,Hampton,Virginia,United States,South,Advance shipping,8/10/2022,O_ID_3000917,8/12/2022,Standard Class,4,2,89.98999786,499.9500122,5,118.8899994
C_ID_61582,Mary,Dickinson,Office Supplies,Avery Heavy-Duty EZD  Binder With Locking Rings,Consumer,Hampton,Virginia,United States,South,Advance shipping,3/3/2022,O_ID_3000918,6/2/2022,Standard Class,4,2,50.0,250.0,5,78.0
C_ID_62125,Richard,Powers,Technology,Nokia Lumia 521 (T-Mobile),Corporate,Philadelphia,Pennsylvania,United States,East,Late delivery,7/6/2022,O_ID_3086960,7/9/2022,Second Class,2,3,45.0,300.0,5,163.7799988
C_ID_63270,Pamela,Seite,Furniture,Bretford CR8500 Series Meeting Room Furniture,Corporate,Chicago,Illinois,United States,Central,Late delivery,29-04-2022,O_ID_3086977,2/5/2022,Second Class,2,3,5.0,200.0,5,61.86999893
C_ID_56917,Sharon,Dickinson,Office Supplies,Xerox 1925,Consumer,North Miami,Florida,United States,South,Advance shipping,8/1/2022,O_ID_3000921,8/3/2022,Standard Class,4,2,0.0,250.0,5,-41.75
C_ID_52910,Dorothy,Zypern,Office Supplies,Xerox 1896,Corporate,Seattle,Washington,United States,West,Late delivery,27-06-2022,O_ID_3087795,29-06-2022,First Class,1,2,5.0,300.0,5,133.6399994
C_ID_53032,Shirley,Harms,Furniture,Chromcraft Rectangular Conference Tables,Consumer,Los Angeles,California,United States,West,Advance shipping,30-03-2022,O_ID_3000923,1/4/2022,Standard Class,4,2,1.5,150.0,5,-83.16000366
C_ID_55842,Kevin,Miller,Office Supplies,Avery Non-Stick Binders,Corporate,Denver,Colorado,United States,West,Advance shipping,8/2/2022,O_ID_3000924,8/4/2022,Standard Class,4,2,5.0,499.9500122,5,133.6399994
C_ID_59905,Richard,Haberlin,Furniture,"Master Giant Foot Doorstop, Safety Yellow",Corporate,Seattle,Washington,United States,West,Late delivery,12/4/2022,O_ID_3087798,12/6/2022,First Class,1,2,25.0,200.0,5,47.5
C_ID_58397,Joan,Häberlin,Office Supplies,Xerox 1929,Corporate,Denver,Colorado,United States,West,Advance shipping,28-02-2022,O_ID_3000926,2/3/2022,Standard Class,4,2,5.0,250.0,5,9.800000191
C_ID_52665,Mary,Hastings,Office Supplies,Round Ring Binders,Consumer,Farmington,New Mexico,United States,West,Late delivery,30-06-2022,O_ID_3087832,2/7/2022,First Class,1,2,45.0,300.0,5,131.9400024
C_ID_60938,Robert,Powers,Office Supplies,Stockwell Gold Paper Clips,Corporate,Detroit,Michigan,United States,Central,Late delivery,9/4/2022,O_ID_3088224,9/6/2022,First Class,1,2,84.98999786,200.0,5,-115.7699966
C_ID_55826,Joan,Craven,Furniture,"Hon Metal Bookcases, Gray",Consumer,New York City,New York,United States,East,Advance shipping,28-02-2022,O_ID_3000929,2/3/2022,Standard Class,4,2,15.0,499.9500122,5,227.9299927
C_ID_52644,Mary,Tran,Technology,OtterBox Defender Series Case - iPhone 5c,Consumer,Montgomery,Alabama,United States,South,Late delivery,4/6/2022,O_ID_3088743,4/11/2022,Second Class,2,5,35.0,300.0,5,34.86999893
C_ID_63633,Benjamin,Hansen,Office Supplies,Wilson Jones Four-Pocket Poly Binders,Home Office,Rochester,Minnesota,United States,Central,Late delivery,24-05-2022,O_ID_3089581,26-05-2022,First Class,1,2,10.0,499.9500122,2,183.7299957
C_ID_62252,Bryan,Hamilton,Furniture,"Westinghouse Floor Lamp with Metal Mesh Shade, Black",Consumer,Los Angeles,California,United States,West,Late delivery,17-06-2022,O_ID_3089584,19-06-2022,First Class,1,2,35.0,300.0,2,-720.6799927
C_ID_64099,Mary,Moss,Office Supplies,Xerox 1956,Corporate,Los Angeles,California,United States,West,Late delivery,10/4/2022,O_ID_3092575,10/9/2022,Standard Class,4,5,64.98999786,200.0,2,108.7399979
C_ID_53716,Nicole,Edelman,Office Supplies,Space Solutions HD Industrial Steel Shelving.,Corporate,Billings,Montana,United States,West,Advance shipping,22-02-2022,O_ID_3000934,24-02-2022,Standard Class,4,2,25.0,499.9500122,5,-6.650000095
C_ID_49664,Mary,Preis,Furniture,"Seth Thomas 14"" Day/Date Wall Clock",Consumer,Philadelphia,Pennsylvania,United States,East,Advance shipping,25-05-2022,O_ID_3092859,28-05-2022,Standard Class,4,3,99.98999786,499.9500122,2,-279.9700012
C_ID_52516,Kevin,Satty,Office Supplies,Fellowes PB300 Plastic Comb Binding Machine,Corporate,Los Angeles,California,United States,West,Advance shipping,8/2/2022,O_ID_3000936,8/4/2022,Standard Class,4,2,13.73999977,249.8999939,5,73.20999908
C_ID_48519,Mary,percer,Office Supplies,Kensington 7 Outlet MasterPiece HOMEOFFICE Power Control Center,Corporate,Philadelphia,Pennsylvania,United States,East,Advance shipping,25-05-2022,O_ID_3092862,28-05-2022,Standard Class,4,3,124.9899979,499.9500122,2,140.6100006
C_ID_51976,Crystal,Knutson,Furniture,"Safco Chair Connectors, 6/Carton",Corporate,Columbus,Ohio,United States,East,Advance shipping,5/7/2022,O_ID_3000938,5/9/2022,Standard Class,4,2,13.73999977,500.0,5,77.93000031
C_ID_62139,Mary,Dowd,Office Supplies,Avery Poly Binder Pockets,Consumer,Peoria,Arizona,United States,West,Advance shipping,21-05-2022,O_ID_3092866,24-05-2022,Standard Class,4,3,59.99000168,499.9500122,2,118.7900009
C_ID_58946,Bobby,Black,Office Supplies,GBC DocuBind TL300 Electric Binding System,Corporate,Houston,Texas,United States,Central,Advance shipping,5/1/2022,O_ID_3000940,5/3/2022,Standard Class,4,2,16.5,299.9500122,5,70.86000061
C_ID_54071,Mary,Black,Office Supplies,Riverleaf Stik-Withit Designer Note Cubes,Corporate,Columbus,Ohio,United States,East,Advance shipping,30-01-2022,O_ID_3000941,1/2/2022,Standard Class,4,2,21.0,299.9500122,5,11.15999985
C_ID_57136,Mary,Black,Office Supplies,Faber Castell Col-Erase Pencils,Home Office,Columbus,Ohio,United States,East,Advance shipping,25-02-2022,O_ID_3000942,27-02-2022,Standard Class,4,2,8.75,124.9499969,5,9.300000191
C_ID_72305,Mary,Reiter,Office Supplies,"Dot Matrix Printer Tape Reel Labels, White, 5000/Box",Consumer,Lake Forest,California,United States,West,Late delivery,29-04-2022,O_ID_3095732,8/1/2022,Standard Class,4,5,10.0,200.0,1,127.3899994
C_ID_72970,Mary,Sewall,Office Supplies,Peel & Seel Envelopes,Consumer,Philadelphia,Pennsylvania,United States,East,Late delivery,3/6/2022,O_ID_3095755,9/5/2022,Standard Class,4,5,50.0,300.0,5,-196.1799927
C_ID_27035,Eric,Elias,Office Supplies,"Black Print Carbonless Snap-Off Rapid Letter, 8 1/2"" x 7""",Consumer,Phoenix,Arizona,United States,West,Late delivery,3/4/2022,O_ID_3095756,7/5/2022,Standard Class,4,5,50.0,200.0,5,-33.75
C_ID_55956,Nicole,Maxwell,Office Supplies,GBC Linen Binding Covers,Corporate,Los Angeles,California,United States,West,Advance shipping,22-02-2022,O_ID_3000946,24-02-2022,Standard Class,4,2,12.5,124.9499969,5,35.99000168
C_ID_26395,Mary,Sewall,Office Supplies,"Angle-D Binders with Locking Rings, Label Holders",Consumer,Troy,Ohio,United States,East,Late delivery,6/5/2022,O_ID_3095758,6/10/2022,Standard Class,4,5,0.0,499.9500122,5,69.98999786
C_ID_60261,Mary,Dartt,Office Supplies,Xerox 1988,Consumer,Los Angeles,California,United States,West,Advance shipping,7/1/2022,O_ID_3000948,7/3/2022,Standard Class,4,2,24.98999977,249.8999939,5,53.97999954
C_ID_29270,Debra,Hooks,Furniture,"Bush Andora Conference Table, Maple/Graphite Gray Finish",Corporate,Roseville,California,United States,West,Late delivery,5/4/2022,O_ID_3095769,5/9/2022,Standard Class,4,5,64.98999786,200.0,5,200.0800018
C_ID_29270,Mary,Dominguez,Office Supplies,"GBC Laser Imprintable Binding System Covers, Desert Sand",Corporate,New York City,New York,United States,East,Late delivery,9/6/2022,O_ID_3095771,9/11/2022,Standard Class,4,5,74.98999786,300.0,5,31.87000084
C_ID_57896,Karen,Dartt,Office Supplies,Xerox 1994,Consumer,Newark,Delaware,United States,East,Advance shipping,5/7/2022,O_ID_3000951,5/10/2022,Standard Class,4,3,0.0,500.0,3,83.98999786
C_ID_72060,Mary,Drucker,Furniture,Harbour Creations 67200 Series Stacking Chairs,Consumer,Jacksonville,North Carolina,United States,South,Late delivery,21-04-2022,O_ID_3095790,27-04-2022,Standard Class,4,6,59.99000168,200.0,5,33.0
C_ID_52065,Helen,Hwang,Office Supplies,Newell 329,Consumer,San Francisco,California,United States,West,Late delivery,7/5/2022,O_ID_3097349,7/10/2022,Second Class,2,5,64.98999786,499.9500122,5,117.4400024
C_ID_69484,Mary,Irving,Office Supplies,Advantus Map Pennant Flags and Round Head Tacks,Consumer,Oakland,California,United States,West,Late delivery,21-04-2022,O_ID_3098859,26-04-2022,Standard Class,4,5,64.98999786,200.0,5,70.90000153
C_ID_58581,Julia,Maxwell,Furniture,G.E. Longer-Life Indoor Recessed Floodlight Bulbs,Corporate,Newark,Delaware,United States,East,Advance shipping,8/10/2022,O_ID_3000955,16-05-2022,Standard Class,4,3,0.0,199.9900055,3,72.59999847
C_ID_57606,Jeffrey,Yotov,Office Supplies,"Wilson Jones 1"" Hanging DublLock Ring Binders",Corporate,Springfield,Virginia,United States,South,Advance shipping,28-02-2022,O_ID_3000956,3/3/2022,Standard Class,4,3,0.0,129.9900055,1,54.59999847
C_ID_53491,Tyler,Yotov,Office Supplies,"SlimView Poly Binder, 3/8""",Corporate,Springfield,Virginia,United States,South,Advance shipping,21-03-2022,O_ID_3000957,24-03-2022,Standard Class,4,3,0.0,129.9900055,1,39.0
C_ID_62774,Zachary,Thurman,Office Supplies,Xerox 1893,Home Office,Camarillo,California,United States,West,Late delivery,18-06-2022,O_ID_3098869,23-06-2022,Standard Class,4,5,25.0,300.0,5,227.9799957
C_ID_58401,Mary,Daniels,Furniture,"Eldon 200 Class Desk Accessories, Smoke",Corporate,San Francisco,California,United States,West,Advance shipping,30-01-2022,O_ID_3000959,2/2/2022,Standard Class,4,3,2.0,199.9900055,1,35.63999939
C_ID_57606,Mary,Hawley,Office Supplies,Wilson Jones Custom Binder Spines & Labels,Corporate,Springfield,Virginia,United States,South,Advance shipping,9/9/2022,O_ID_3000960,9/12/2022,Standard Class,4,3,2.0,199.9900055,1,57.41999817
C_ID_52666,Jeffrey,Hawley,Office Supplies,"Cardinal Slant-D Ring Binder, Heavy Gauge Vinyl",Corporate,Springfield,Virginia,United States,South,Advance shipping,28-02-2022,O_ID_3000961,3/3/2022,Standard Class,4,3,1.299999952,129.9900055,1,11.3199997
C_ID_57296,Danielle,Phonely,Office Supplies,"Wilson Jones Elliptical Ring 3 1/2"" Capacity Binders, 800 sheets",Consumer,San Francisco,California,United States,West,Advance shipping,22-02-2022,O_ID_3000962,25-02-2022,Standard Class,4,3,3.0,299.980011,1,89.08999634
C_ID_67489,Mary,Jacobs,Office Supplies,"Green Canvas Binder for 8-1/2"" x 14"" Sheets",Consumer,San Diego,California,United States,West,Late delivery,8/6/2022,O_ID_3098878,8/11/2022,Standard Class,4,5,50.0,499.9500122,5,168.7299957
C_ID_51886,Tyler,Yotov,Office Supplies,Insertable Tab Indexes For Data Binders,Corporate,Miami,Florida,United States,South,Advance shipping,21-03-2022,O_ID_3000964,24-03-2022,Standard Class,4,3,1.299999952,129.9900055,1,5.150000095
C_ID_53701,Thomas,Daniels,Office Supplies,"Tyvek  Top-Opening Peel & Seel Envelopes, Plain White",Consumer,Miami,Florida,United States,South,Advance shipping,9/11/2022,O_ID_3000965,17-06-2022,Standard Class,4,3,0.5,50.0,4,21.29000092
C_ID_60046,Julie,Cohen,Office Supplies,"Redi-Strip #10 Envelopes, 4 1/8 x 9 1/2",Consumer,San Francisco,California,United States,West,Advance shipping,8/11/2022,O_ID_3000966,17-05-2022,Standard Class,4,3,6.0,299.980011,4,33.22000122
C_ID_56166,Mary,Hawley,Office Supplies,"OIC Colored Binder Clips, Assorted Sizes",Consumer,San Francisco,California,United States,West,Advance shipping,6/9/2022,O_ID_3000967,6/12/2022,Standard Class,4,3,0.800000012,39.99000168,1,-7.289999962
C_ID_60781,Jessica,Daniels,Office Supplies,Xerox 1921,Consumer,Bristol,Connecticut,United States,East,Advance shipping,16-02-2022,O_ID_3000968,19-02-2022,Standard Class,4,3,2.599999905,129.9900055,1,35.66999817
C_ID_53491,Mary,Johnson,Office Supplies,Xerox 23,Corporate,Bristol,Connecticut,United States,East,Advance shipping,1/3/2022,O_ID_3000969,6/1/2022,Standard Class,4,3,4.0,199.9900055,1,66.23999786
C_ID_59951,Mary,Schwarz,Office Supplies,Portable Personal File Box,Corporate,Santa Fe,New Mexico,United States,West,Advance shipping,24-03-2022,O_ID_3000970,27-03-2022,Standard Class,4,3,0.639999986,31.98999977,1,15.05000019
C_ID_56301,Mary,Mitchum,Technology,SanDisk Cruzer 32 GB USB Flash Drive,Corporate,Escondido,California,United States,West,Advance shipping,8/3/2022,O_ID_3000971,8/6/2022,Standard Class,4,3,2.0,99.98999786,1,42.13999939
C_ID_56166,Tyler,Schwarz,Technology,Polycom VVX 310 VoIP phone,Consumer,Houston,Texas,United States,Central,Advance shipping,21-03-2022,O_ID_3000972,24-03-2022,Standard Class,4,3,2.599999905,129.9900055,1,44.59000015
C_ID_29994,Jonathan,Magee,Furniture,Bevis 36 x 72 Conference Tables,Consumer,Houston,Texas,United States,Central,Advance shipping,4/6/2022,O_ID_3100912,4/8/2022,Standard Class,4,2,50.0,499.9500122,2,130.4900055
C_ID_52662,Stephen,Ausman,Office Supplies,Newell 340,Home Office,Houston,Texas,United States,Central,Advance shipping,5/9/2022,O_ID_3000974,5/12/2022,Standard Class,4,3,12.0,399.980011,1,48.5
C_ID_58192,Steven,Mautz,Office Supplies,Xerox 1978,Consumer,New York City,New York,United States,East,Advance shipping,7/1/2022,O_ID_3000975,7/4/2022,Standard Class,4,3,6.0,199.9900055,1,19.39999962
C_ID_60417,Mary,Stevenson,Office Supplies,Avoid Verbal Orders Carbonless Minifold Book,Consumer,Watertown,New York,United States,East,Advance shipping,5/9/2022,O_ID_3000976,5/12/2022,Standard Class,4,3,3.900000095,129.9900055,1,59.25999832
C_ID_57742,Gloria,Mitchum,Technology,SanDisk Ultra 32 GB MicroSDHC Class 10 Memory Card,Home Office,Watertown,New York,United States,East,Advance shipping,7/7/2022,O_ID_3000977,7/10/2022,Standard Class,4,3,12.0,500.0,3,100.8700027
C_ID_58967,Mary,Chand,Technology,Plantronics Audio 478 Stereo USB Headset,Home Office,New York City,New York,United States,East,Advance shipping,3/3/2022,O_ID_3000978,6/3/2022,Standard Class,4,3,12.0,399.980011,1,140.8399963
C_ID_53902,Lisa,Mitchum,Furniture,"Master Caster Door Stop, Large Neon Orange",Corporate,New York City,New York,United States,East,Advance shipping,27-01-2022,O_ID_3000979,30-01-2022,Standard Class,4,3,1.5,50.0,1,10.32999992
C_ID_25229,Martha,Seio,Office Supplies,Storex Flexible Poly Binders with Double Pockets,Consumer,Houston,Texas,United States,Central,Advance shipping,24-06-2022,O_ID_3100914,26-06-2022,Standard Class,4,2,50.0,499.9500122,2,-1214.880005
C_ID_25229,Olivia,Powers,Technology,Wilson SignalBoost 841262 DB PRO Amplifier Kit,Consumer,Tulsa,Oklahoma,United States,Central,Advance shipping,29-06-2022,O_ID_3100939,1/7/2022,Standard Class,4,2,59.99000168,499.9500122,2,148.7100067
C_ID_73200,Donna,Adams,Office Supplies,Black & Decker Filter for Double Action Dustbuster Cordless Vac BLDV7210,Corporate,Olathe,Kansas,United States,Central,Advance shipping,23-06-2022,O_ID_3101007,26-06-2022,Standard Class,4,3,89.98999786,499.9500122,5,114.7900009
C_ID_60992,Julie,Kimmel,Office Supplies,Xerox 1898,Consumer,Chicago,Illinois,United States,Central,Advance shipping,8/11/2022,O_ID_3000983,17-05-2022,Standard Class,4,3,4.0,99.98999786,4,34.84000015
C_ID_53902,Steven,Moray,Technology,GE 30522EE2,Corporate,Houston,Texas,United States,Central,Advance shipping,7/1/2022,O_ID_3000984,7/4/2022,Standard Class,4,3,16.0,399.980011,1,188.1499939
C_ID_53477,Mary,Kimmel,Technology,Cisco SPA 501G IP Phone,Consumer,Houston,Texas,United States,Central,Advance shipping,6/9/2022,O_ID_3000985,6/12/2022,Standard Class,4,3,0.400000006,9.989999771,1,-0.409999996
C_ID_59812,Gloria,Kimmel,Furniture,Balt Solid Wood Rectangular Table,Consumer,New York City,New York,United States,East,Advance shipping,7/7/2022,O_ID_3000986,7/10/2022,Standard Class,4,3,5.199999809,500.0,3,43.68000031
C_ID_55297,Lisa,Moray,Office Supplies,GBC DocuBind 200 Manual Binding Machine,Consumer,Saint Petersburg,Florida,United States,South,Advance shipping,27-01-2022,O_ID_3000987,30-01-2022,Standard Class,4,3,2.400000095,59.99000168,1,27.0699997
C_ID_61127,Mary,Moray,Office Supplies,Jiffy Padded Mailers with Self-Seal Closure,Consumer,Bowling Green,Ohio,United States,East,Advance shipping,3/3/2022,O_ID_3000988,6/3/2022,Standard Class,4,3,8.0,199.9900055,1,80.63999939
C_ID_59017,Mary,Mitchum,Office Supplies,Xerox 1986,Corporate,San Francisco,California,United States,West,Advance shipping,17-03-2022,O_ID_3000989,20-03-2022,Standard Class,4,3,2.0,50.0,1,-36.8199997
C_ID_48632,Ryan,Latchford,Furniture,GuestStacker Chair with Chrome Finish Legs,Consumer,Columbus,Ohio,United States,East,Late delivery,11/6/2022,O_ID_3101688,11/8/2022,First Class,1,2,84.98999786,499.9500122,5,157.6799927
C_ID_41867,Tammy,Freymann,Office Supplies,Xerox 21,Consumer,Chicago,Illinois,United States,Central,Late delivery,23-06-2022,O_ID_3101701,25-06-2022,First Class,1,2,84.98999786,499.9500122,5,124.4899979
C_ID_53922,Julie,Nguyen,Office Supplies,Fellowes Bankers Box Stor/Drawer Steel Plus,Consumer,Philadelphia,Pennsylvania,United States,East,Advance shipping,8/11/2022,O_ID_3000992,17-05-2022,Standard Class,4,3,5.0,99.98999786,4,43.70000076
C_ID_60829,Kathleen,Webber,Furniture,"Sauder Facets Collection Library, Sky Alder Finish",Consumer,Springfield,Ohio,United States,East,Late delivery,16-04-2022,O_ID_3106015,22-04-2022,Standard Class,4,6,79.98999786,200.0,1,117.5899963
C_ID_58452,Mary,Nguyen,Office Supplies,"BOSTON Model 1800 Electric Pencil Sharpeners, Putty/Woodgrain",Consumer,Tulsa,Oklahoma,United States,Central,Advance shipping,24-03-2022,O_ID_3000994,27-03-2022,Standard Class,4,3,6.5,129.9900055,1,33.34000015
C_ID_53839,Mary,Andreadi,Office Supplies,Easy-staple paper,Consumer,Springfield,Ohio,United States,East,Late delivery,19-06-2022,O_ID_3106021,25-06-2022,Standard Class,4,6,20.0,499.9500122,1,-351.7999878
C_ID_60712,Robert,Doherty,Office Supplies,Wilson Jones Hanging Recycled Pressboard Data Binders,Consumer,Houston,Texas,United States,Central,Advance shipping,9/1/2022,O_ID_3000996,9/4/2022,Standard Class,4,3,9.449999809,189.0,1,62.84000015
C_ID_52817,Mary,Doherty,Office Supplies,Xerox 216,Consumer,Houston,Texas,United States,Central,Advance shipping,9/9/2022,O_ID_3000997,9/12/2022,Standard Class,4,3,20.0,399.980011,1,170.9900055
C_ID_31903,Mary,Powers,Office Supplies,"Ampad Evidence Wirebond Steno Books, 6"" x 9""",Consumer,Philadelphia,Pennsylvania,United States,East,Late delivery,10/5/2022,O_ID_3107778,10/10/2022,Standard Class,4,5,35.0,499.9500122,5,151.1100006
C_ID_36948,Teresa,Cano,Technology,Logitech Wireless Headset h800,Corporate,Watertown,New York,United States,East,Late delivery,30-06-2022,O_ID_3107782,10/2/2022,Standard Class,4,5,35.0,499.9500122,5,139.4900055
C_ID_56662,Dorothy,Doherty,Office Supplies,"Holmes Cool Mist Humidifier for the Whole House with 8-Gallon Output per Day, Extended Life Filter",Consumer,Tulsa,Oklahoma,United States,Central,Advance shipping,18-02-2022,O_ID_3001000,21-02-2022,Standard Class,4,3,16.5,299.980011,1,99.22000122
C_ID_48958,Tammy,Visinsky,Office Supplies,Recycled Easel Ring Binders,Home Office,Philadelphia,Pennsylvania,United States,East,Late delivery,24-06-2022,O_ID_3107851,30-06-2022,Standard Class,4,6,59.99000168,499.9500122,5,148.7100067
