Region,Customer Name,Sales,row_number,rank,dense_rank
East,Gokul Bhatnagar,373500.0,1.0,1.0,1.0
East,Ehsaan Dugar,368942.0,2.0,2.0,2.0
East,Saanvi Sankar,364740.19999999995,3.0,3.0,3.0
East,Hazel Barman,359460.0,4.0,4.0,4.0
East,Mishti Sangha,358938.5,5.0,5.0,5.0
East,Jayant Khurana,358385.0,6.0,6.0,6.0
East,Bhavin Ganesan,355720.0,7.0,7.0,7.0
East,Gokul Karnik,355216.5,8.0,8.0,8.0
East,Aayush Setty,348992.1,9.0,9.0,9.0
East,Priyansh Kade,348970.0,10.0,10.0,10.0
East,Samarth Thakur,345415.5,11.0,11.0,11.0
East,Eva Brar,344245.5,12.0,12.0,12.0
East,Arhaan Sinha,342040.0,13.0,13.0,13.0
East,Charvi Raman,340765.0,14.0,14.0,14.0
East,Fateh Gola,339824.5,15.0,15.0,15.0
East,Pihu Char,338971.5,16.0,16.0,16.0
East,Lagan Bora,338810.0,17.0,17.0,17.0
East,Amira Kara,337581.75,18.0,18.0,18.0
East,Advika Hora,336306.75,19.0,19.0,19.0
East,Jayant Bose,334107.0,20.0,20.0,20.0
East,Mahika Bir,331497.75,21.0,21.0,21.0
East,Prerak Dixit,327955.5,22.0,22.0,22.0
East,Saira Gala,327690.0,23.0,23.0,23.0
East,Indrans Konda,327640.5,24.0,24.0,24.0
East,Aayush Sengupta,325316.25,25.0,25.0,25.0
East,Umang Kapadia,324950.0,26.0,26.0,26.0
East,Eshani Mann,321593.25,27.0,27.0,27.0
East,Kaira Goswami,321151.25,28.0,28.0,28.0
East,Suhana Loke,318546.0,29.0,29.0,29.0
East,Aarush Bains,317555.0,30.0,30.0,30.0
East,Suhana Ram,315968.0,31.0,31.0,31.0
East,Hunar Johal,315064.0,32.0,32.0,32.0
East,Ayesha Jain,314356.0,33.0,33.0,33.0
East,Devansh Kanda,314008.25,34.0,34.0,34.0
East,Drishya Maharaj,312692.5,35.0,35.0,35.0
East,Umang Varty,312445.5,36.0,36.0,36.0
East,Navya Sagar,311561.2,37.0,37.0,37.0
East,Vivaan Tella,311152.5,38.0,38.0,38.0
East,Shanaya Yohannan,310972.0,39.0,39.0,39.0
East,Samar Chandra,310615.5,40.0,40.0,40.0
East,Tarini Dass,308860.0,41.0,41.0,41.0
East,Nitara Hayre,307128.0,42.0,42.0,42.0
East,Arnav Karpe,304904.0,43.0,43.0,43.0
East,Jayesh Ramachandran,304275.5,44.0,44.0,44.0
East,Nitya Saxena,303544.0,45.0,45.0,45.0
East,Mishti Bala,302863.5,46.0,46.0,46.0
East,Pihu Shenoy,301432.0,47.0,47.0,47.0
East,Hrishita Mangal,300772.0,48.0,48.0,48.0
East,Arnav Golla,300618.0,49.0,49.0,49.0
East,Renee Bhat,299796.0,50.0,50.0,50.0
East,Tiya Dutta,299164.0,51.0,51.0,51.0
East,Prerak Shere,298588.8,52.0,52.0,52.0
East,Piya Saha,298198.35,53.0,53.0,53.0
East,Raghav Agarwal,297496.0,54.0,54.0,54.0
East,Vedika Arora,295950.0,55.0,55.0,55.0
East,Jiya Zacharia,295264.5,56.0,56.0,56.0
East,Lavanya Gour,294333.75,57.0,57.0,57.0
East,Dharmajan Setty,294129.75,58.0,58.0,58.0
East,Abram Ram,294008.0,59.0,59.0,59.0
East,Jiya Bahri,293845.0,60.0,60.0,60.0
East,Samarth Wagle,293628.0,61.0,61.0,61.0
East,Anahi Arya,292970.5,62.0,62.0,62.0
East,Kartik Dutt,292848.0,63.0,63.0,63.0
East,Misha Ranganathan,292723.5,64.0,64.0,64.0
East,Ivan Srinivas,292616.0,65.0,65.0,65.0
East,Baiju Soni,289868.75,66.0,66.0,66.0
East,Faiyaz Apte,289180.0,67.0,67.0,67.0
East,Onkar Toor,288913.5,68.0,68.0,68.0
East,Aarav Kaur,288900.0,69.0,69.0,69.0
East,Dharmajan Comar,283352.0,70.0,70.0,70.0
East,Vritika Batra,282260.0,71.0,71.0,71.0
East,Tanya Goel,282118.5,72.0,72.0,72.0
East,Neelofar Tella,281836.0,73.0,73.0,73.0
East,Prerak Saha,280728.8,74.0,74.0,74.0
East,Nitya Ray,279513.75,75.0,75.0,75.0
East,Anay Gokhale,277129.25,76.0,76.0,76.0
East,Renee Ramesh,277087.5,77.0,77.0,77.0
East,Yuvraj  Virk,275852.0,78.0,78.0,78.0
East,Adira Bains,274590.0,79.0,79.0,79.0
East,Yashvi Choudhury,271624.0,80.0,80.0,80.0
East,Shlok Mander,271426.5,81.0,81.0,81.0
East,Shaan Brahmbhatt,271354.5,82.0,82.0,82.0
East,Jivin Iyengar,271068.25,83.0,83.0,83.0
East,Kiara D’Alia,269504.0,84.0,84.0,84.0
East,Vaibhav Dhar,269413.2,85.0,85.0,85.0
East,Kaira Doctor,268128.0,86.0,86.0,86.0
East,Advika Dhar,266937.4,87.0,87.0,87.0
East,Dishani Shankar,266912.0,88.0,88.0,88.0
East,Purab Shenoy,266808.0,89.0,89.0,89.0
East,Ayesha Ray,266460.0,90.0,90.0,90.0
East,Anaya Chaudhari,265684.0,91.0,91.0,91.0
East,Shayak Contractor,264862.8,92.0,92.0,92.0
East,Aarush Bahl,263836.8,93.0,93.0,93.0
East,Armaan Dugar,263736.0,94.0,94.0,94.0
East,Dhanush Loke,262879.2,95.0,95.0,95.0
East,Chirag Khalsa,262844.0,96.0,96.0,96.0
East,Gokul Soman,262557.2,97.0,97.0,97.0
East,Manikya Subramanian,262288.75,98.0,98.0,98.0
East,Riya Sankaran,261032.4,99.0,99.0,99.0
East,Saira Dora,260488.0,100.0,100.0,100.0
East,Samar Dhaliwal,259735.5,101.0,101.0,101.0
East,Amira Swamy,259488.0,102.0,102.0,102.0
East,Dishani Sane,258648.0,103.0,103.0,103.0
East,Sana Gulati,257886.6,104.0,104.0,104.0
East,Shalv Bava,257014.8,105.0,105.0,105.0
East,Lagan Venkatesh,256435.4,106.0,106.0,106.0
East,Nakul Sura,256405.0,107.0,107.0,107.0
East,Neysa Saraf,254635.0,108.0,108.0,108.0
East,Yakshit Dhingra,254444.2,109.0,109.0,109.0
East,Aniruddh Dhingra,253748.0,110.0,110.0,110.0
East,Shayak Vora,252531.6,111.0,111.0,111.0
East,Vihaan Datta,252518.0,112.0,112.0,112.0
East,Rhea Krishnamurthy,251704.0,113.0,113.0,113.0
East,Jayant Gill,250709.75,114.0,114.0,114.0
East,Fateh Cheema,250192.8,115.0,115.0,115.0
East,Samarth Chatterjee,249808.2,116.0,116.0,116.0
East,Shlok Mannan,249152.0,117.0,117.0,117.0
East,Shayak Dhawan,248410.75,118.0,118.0,118.0
East,Kiara Chand,247505.4,119.0,119.0,119.0
East,Navya Dora,246267.0,120.0,120.0,120.0
East,Chirag Taneja,246092.8,121.0,121.0,121.0
East,Trisha Sodhi,245780.2,122.0,122.0,122.0
East,Eshani Arya,245651.0,123.0,123.0,123.0
East,Ela Gulati,245187.6,124.0,124.0,124.0
East,Keya Goswami,243584.5,125.0,125.0,125.0
East,Mamooty Balakrishnan,242858.0,126.0,126.0,126.0
East,Oorja Borde,242748.0,127.0,127.0,127.0
East,Samiha Chopra,242400.0,128.0,128.0,128.0
East,Ivan Ray,241892.8,129.0,129.0,129.0
East,Madhav Kota,241874.75,130.0,130.0,130.0
East,Prisha Jha,241807.5,131.0,131.0,131.0
East,Manjari Konda,241336.0,132.0,132.0,132.0
East,Armaan Shanker,241322.8,133.0,133.0,133.0
East,Dishani Thaman,241165.4,134.0,134.0,134.0
East,Ivana Kadakia,241162.25,135.0,135.0,135.0
East,Neelofar Ray,240301.8,136.0,136.0,136.0
East,Nishith Basu,240004.0,137.0,137.0,137.0
East,Kiara Vasa,239888.0,138.0,138.0,138.0
East,Inaaya  Sood,239376.0,139.0,139.0,139.0
East,Indrans Sarna,238900.0,140.0,140.0,140.0
East,Miraan Gupta,237424.5,141.0,141.0,141.0
East,Vedika Hans,237402.0,142.0,142.0,142.0
East,Shayak Rana,236670.0,143.0,143.0,143.0
East,Chirag Sachdev,235694.8,144.0,144.0,144.0
East,Kavya Rau,235236.0,145.0,145.0,145.0
East,Mishti Raval,233610.0,146.0,146.0,146.0
East,Anaya Sangha,233325.0,147.0,147.0,147.0
East,Ritvik Sandhu,233161.6,148.0,148.0,148.0
East,Taran Buch,232833.0,149.0,149.0,149.0
East,Stuvan Majumdar,232402.5,150.0,150.0,150.0
East,Dhanush Handa,232006.4,151.0,151.0,151.0
East,Indrans Kata,231888.0,152.0,152.0,152.0
East,Saanvi Chacko,230274.0,153.0,153.0,153.0
East,Ayesha Kar,229853.6,154.0,154.0,154.0
East,Lakshay Savant,229604.4,155.0,155.0,155.0
East,Vardaniya Borra,229340.0,156.0,156.0,156.0
East,Dhanush Mand,228927.2,157.0,157.0,157.0
East,Vedika Ganguly,228723.0,158.0,158.0,158.0
East,Seher Hora,228572.0,159.0,159.0,159.0
East,Arnav Gara,226794.45,160.0,160.0,160.0
East,Shaan Korpal,226190.25,161.0,161.0,161.0
East,Bhavin Chowdhury,223749.75,162.0,162.0,162.0
East,Arnav Kuruvilla,223686.0,163.0,163.0,163.0
East,Dhanuk Bhardwaj,222774.8,164.0,164.0,164.0
East,Tarini Mall,220662.2,165.0,165.0,165.0
East,Shray Gulati,220623.25,166.0,166.0,166.0
East,Sara Koshy,220442.75,167.0,167.0,167.0
East,Shayak Ramesh,219096.6,168.0,168.0,168.0
East,Jayesh Bajaj,218675.75,169.0,169.0,169.0
East,Ranbir Acharya,217804.0,170.0,170.0,170.0
East,Aarush Buch,217795.5,171.0,171.0,171.0
East,Shanaya Chacko,217429.35,172.0,172.0,172.0
East,Raghav Sabharwal,217021.5,173.0,173.0,173.0
East,Tanya Chowdhury,216696.0,174.0,174.0,174.0
East,Anahita Sunder,216624.0,175.0,175.0,175.0
East,Dhanush Bora,216165.6,176.0,176.0,176.0
East,Shamik Walla,215890.0,177.0,177.0,177.0
East,Ivana Butala,215733.4,178.0,178.0,178.0
East,Shaan Yohannan,214563.6,179.0,179.0,179.0
East,Dhanuk Shukla,214410.0,180.0,180.0,180.0
East,Sara Sidhu,214153.2,181.0,181.0,181.0
East,Alia Brahmbhatt,214047.9,182.0,182.0,182.0
East,Anvi Badami,213582.8,183.0,183.0,183.0
East,Yasmin Sathe,212204.8,184.0,184.0,184.0
East,Badal Chaudhary,212202.0,185.0,185.0,185.0
East,Neelofar Dhawan,210867.2,186.0,186.0,186.0
East,Alisha Bail,210767.0,187.0,187.0,187.0
East,Shaan Bose,210667.25,188.0,188.0,188.0
East,Prisha Sachar,210660.0,189.0,189.0,189.0
East,Samar Kumar,210627.0,190.0,190.0,190.0
East,Hansh Bhandari,210268.0,191.0,191.0,191.0
East,Darshit Chaudhry,209970.9,192.0,192.0,192.0
East,Neelofar Kale,209264.4,193.0,193.0,193.0
East,Saanvi Sawhney,208713.6,194.0,194.0,194.0
East,Amira Karnik,208607.4,195.0,195.0,195.0
East,Rhea Kalla,207603.2,196.0,196.0,196.0
East,Emir Kulkarni,207403.4,197.0,197.0,197.0
East,Ela Chad,207312.0,198.0,198.0,198.0
East,Onkar Bail,207221.6,199.0,199.0,199.0
East,Akarsh Mann,206920.0,200.0,200.0,200.0
East,Saksham Datta,206840.0,201.0,201.0,201.0
East,Nirvi Walla,206118.0,202.0,202.0,202.0
East,Hazel Bawa,206024.6,203.0,203.0,203.0
East,Keya Gupta,205587.0,204.0,204.0,204.0
East,Ahana  Chanda,205348.2,205.0,205.0,205.0
East,Manjari Bhavsar,203964.0,206.0,206.0,206.0
East,Dhruv Sura,203048.1,207.0,207.0,207.0
East,Arhaan Dasgupta,200885.4,208.0,208.0,208.0
East,Rasha Halder,199804.8,209.0,209.0,209.0
East,Vihaan Lall,199608.9,210.0,210.0,210.0
East,Kashvi Raja,198909.0,211.0,211.0,211.0
East,Samiha Dutta,198652.65,212.0,212.0,212.0
East,Prisha Rana,197675.1,213.0,213.0,213.0
East,Biju Handa,197621.6,214.0,214.0,214.0
East,Zain Sule,197129.7,215.0,215.0,215.0
East,Dhanush Edwin,196527.6,216.0,216.0,216.0
East,Nakul Choudhury,195252.0,217.0,217.0,217.0
East,Myra Bhatt,194915.7,218.0,218.0,218.0
East,Kiaan Madan,194429.85,219.0,219.0,219.0
East,Misha Bava,194015.0,220.0,220.0,220.0
East,Arhaan Basu,193914.0,221.0,221.0,221.0
East,Divij Kamdar,193905.4,222.0,222.0,222.0
East,Anika Kapoor,193816.8,223.0,223.0,223.0
East,Jivika Malhotra,193513.6,224.0,224.0,224.0
East,Anay Upadhyay,193081.5,225.0,225.0,225.0
East,Baiju Bhakta,193004.4,226.0,226.0,226.0
East,Tushar Balay,191990.25,227.0,227.0,227.0
East,Trisha Raval,191539.0,228.0,228.0,228.0
East,Anay Bhagat,191520.0,229.0,229.0,229.0
East,Romil Iyengar,190809.0,230.0,230.0,230.0
East,Shalv Gole,190608.0,231.0,231.0,231.0
East,Damini Sengupta,190498.5,232.0,232.0,232.0
East,Zaina Sibal,190350.0,233.0,233.0,233.0
East,Nishith Bir,190150.4,234.0,234.0,234.0
East,Kiaan Saini,189824.25,235.0,235.0,235.0
East,Rohan Sama,189788.0,236.0,236.0,236.0
East,Vritika Bhalla,189522.15,237.0,237.0,237.0
East,Riaan Rajagopal,189342.0,238.0,238.0,238.0
East,Myra Randhawa,189178.25,239.0,239.0,239.0
East,Rasha Brar,189097.6,240.0,240.0,240.0
East,Pari Saini,188144.0,241.0,241.0,241.0
East,Kismat Rao,187898.6,242.0,242.0,242.0
East,Shayak Sarna,187848.3,243.0,243.0,243.0
East,Manikya Mahal,187600.8,244.0,244.0,244.0
East,Alisha Rattan,185280.4,245.0,245.0,245.0
East,Piya Sanghvi,184596.0,246.0,246.0,246.0
East,Diya Mand,183918.75,247.0,247.0,247.0
East,Rati Raval,182029.5,248.0,248.0,248.0
East,Nishith Kulkarni,182013.0,249.0,249.0,249.0
East,Romil Sawhney,181968.0,250.0,250.0,250.0
East,Damini Vala,181906.95,251.0,251.0,251.0
East,Prerak Srinivas,181738.8,252.0,252.0,252.0
East,Gatik Bora,181726.2,253.0,253.0,253.0
East,Anika Balasubramanian,181680.0,254.0,254.0,254.0
East,Shamik Buch,181640.0,255.0,255.0,255.0
East,Ayesha Reddy,181386.0,256.0,256.0,256.0
East,Anay Ganesan,180872.0,257.0,257.0,257.0
East,Diya Gaba,180165.6,258.0,258.0,258.0
East,Bhavin Wagle,180080.1,259.0,259.0,259.0
East,Mahika Sen,179728.0,260.0,260.0,260.0
East,Hazel Desai,179616.0,261.0,261.0,261.0
East,Kanav Subramaniam,178905.6,262.0,262.0,262.0
East,Kartik Sant,178540.0,263.0,263.0,263.0
East,Chirag Grewal,178082.25,264.0,264.0,264.0
East,Zain Sahni,177156.0,265.0,265.0,265.0
East,Veer Hari,177102.6,266.0,266.0,266.0
East,Priyansh Ghose,176650.0,267.0,267.0,267.0
East,Riaan Banik,175891.2,268.0,268.0,268.0
East,Parinaaz Sidhu,174727.8,269.0,269.0,269.0
East,Taran Iyengar,173972.55,270.0,270.0,270.0
East,Zara Khalsa,173914.25,271.0,271.0,271.0
East,Miraan Bora,173616.3,272.0,272.0,272.0
East,Samiha Hegde,173572.6,273.0,273.0,273.0
East,Raghav Rama,173394.9,274.0,274.0,274.0
East,Mannat Devan,173251.5,275.0,275.0,275.0
East,Kimaya Issac,173062.4,276.0,276.0,276.0
East,Vedika Thakur,171900.9,277.0,277.0,277.0
East,Amani Rajan,171779.0,278.0,278.0,278.0
East,Vaibhav Banik,171700.0,279.0,279.0,279.0
East,Kabir Hans,171156.0,280.0,280.0,280.0
East,Eshani Chopra,171135.6,281.0,281.0,281.0
East,Samaira Raj,170419.2,282.0,282.0,282.0
East,Rasha Dhingra,170208.0,283.0,283.0,283.0
East,Krish Subramanian,169857.0,284.0,284.0,284.0
East,Vritika Agarwal,169292.0,285.0,285.0,285.0
East,Amira Chander,169255.55,286.0,286.0,286.0
East,Anahi Venkatesh,169108.35,287.0,287.0,287.0
East,Saira Sastry,169059.2,288.0,288.0,288.0
East,Bhamini Mann,168753.9,289.0,289.0,289.0
East,Adah Jhaveri,168714.0,290.0,290.0,290.0
East,Emir Jha,168298.2,291.0,291.0,291.0
East,Hansh Yadav,168093.0,292.0,292.0,292.0
East,Rania Jhaveri,167054.4,293.0,293.0,293.0
East,Vihaan Barad,166608.0,294.0,294.0,294.0
East,Madhav Malhotra,166242.4,295.0,295.0,295.0
East,Adira Krishna,166071.6,296.0,296.0,296.0
East,Uthkarsh Shetty,165942.0,297.0,297.0,297.0
East,Oorja Bora,165378.0,298.0,298.0,298.0
East,Eshani Tandon,165205.0,299.0,299.0,299.0
East,Vihaan Chaudry,164844.0,300.0,300.0,300.0
East,Aarna Bera,164702.7,301.0,301.0,301.0
East,Krish Deo,164228.4,302.0,302.0,302.0
East,Hunar Deo,164115.45,303.0,303.0,303.0
East,Riya Varughese,164071.65,304.0,304.0,304.0
East,Rati Raja,163381.0,305.0,305.0,305.0
East,Ryan Sem,163204.2,306.0,306.0,306.0
East,Shayak Mani,162634.75,307.0,307.0,307.0
East,Piya Amble,162568.0,308.0,308.0,308.0
East,Mehul Dutt,161542.75,309.0,309.0,309.0
East,Zeeshan Dhar,160882.05,310.0,310.0,310.0
East,Madhav Barad,160683.0,311.0,311.0,311.0
East,Ivan Ramesh,160565.85,312.0,312.0,312.0
East,Pihu Datta,160024.4,313.0,313.0,313.0
East,Rati Karan,159723.0,314.0,314.0,314.0
East,Bhavin Anand,159290.0,315.0,315.0,315.0
East,Trisha Solanki,159230.0,316.0,316.0,316.0
East,Renee Reddy,159052.8,317.0,317.0,317.0
East,Sumer Doshi,158977.2,318.0,318.0,318.0
East,Armaan Saran,158913.0,319.0,319.0,319.0
East,Dhruv Kulkarni,158652.0,320.0,320.0,320.0
East,Anika Sen,158610.0,321.0,321.0,321.0
East,Vaibhav Borra,158521.75,322.0,322.0,322.0
East,Anaya Bhasin,158449.5,323.0,323.0,323.0
East,Ritvik Dara,158398.9,324.0,324.0,324.0
East,Romil Sinha,158342.25,325.0,325.0,325.0
East,Suhana Bumb,157403.0,326.0,326.0,326.0
East,Aarav Barad,156909.0,327.0,327.0,327.0
East,Parinaaz Ratti,155997.6,328.0,328.0,328.0
East,Nakul Swaminathan,155492.0,329.0,329.0,329.0
East,Aaryahi Tiwari,155420.0,330.0,330.0,330.0
East,Mahika Divan,155307.6,331.0,331.0,331.0
East,Elakshi Lanka,154669.5,332.0,332.0,332.0
East,Farhan Golla,154626.9,333.0,333.0,333.0
East,Hridaan Rege,154464.0,334.0,334.0,334.0
East,Sara Kannan,154392.0,335.0,335.0,335.0
East,Navya Balakrishnan,153926.6,336.0,336.0,336.0
East,Sahil Bera,153864.0,337.0,337.0,337.0
East,Anvi Jayaraman,153598.4,338.0,338.0,338.0
East,Aaina Gala,153273.0,339.0,339.0,339.0
East,Zara Singh,152740.0,340.0,340.0,340.0
East,Mannat Dhaliwal,152569.6,341.0,341.0,341.0
East,Romil Mangat,152502.0,342.0,342.0,342.0
East,Amani Andra,152260.8,343.0,343.0,343.0
East,Elakshi Mall,152056.05,344.0,344.0,344.0
East,Seher Dugal,152036.1,345.0,345.0,345.0
East,Vaibhav Keer,151860.0,346.0,346.0,346.0
East,Piya Bhattacharyya,151647.0,347.0,347.0,347.0
East,Seher Din,149873.9,348.0,348.0,348.0
East,Prerak Arora,149134.5,349.0,349.0,349.0
East,Hrishita Lata,149100.6,350.0,350.0,350.0
East,Nayantara Majumdar,148230.0,351.0,351.0,351.0
East,Heer Lal,148165.8,352.0,352.0,352.0
East,Rohan Vaidya,147840.0,353.0,353.0,353.0
East,Tarini Ravi,147570.0,354.0,354.0,354.0
East,Mehul Bose,147336.45,355.0,355.0,355.0
East,Vedika Sridhar,147312.0,356.0,356.0,356.0
East,Ranbir Chaudhary,146142.0,357.0,357.0,357.0
East,Manjari Gera,145992.6,358.0,358.0,358.0
East,Bhamini Sharaf,145688.2,359.0,359.0,359.0
East,Anya Lala,145407.0,360.0,360.0,360.0
East,Mahika Tak,145377.2,361.0,361.0,361.0
East,Vedika Grewal,144976.0,362.0,362.0,362.0
East,Alia Chacko,144760.05,363.0,363.0,363.0
East,Divij Tara,144750.0,364.0,364.0,364.0
East,Hrishita Jha,144540.0,365.0,365.0,365.0
East,Kiaan Din,144348.0,366.0,366.0,366.0
East,Bhavin Bhatia,144010.4,367.0,367.0,367.0
East,Lagan Hans,143960.4,368.0,368.0,368.0
East,Taran Goyal,143879.4,369.0,369.0,369.0
East,Fateh Rajagopal,143782.4,370.0,370.0,370.0
East,Pihu Jaggi,143768.0,371.0,371.0,371.0
East,Tushar Goel,142989.0,372.0,372.0,372.0
East,Madhav Mandal,142737.5,373.0,373.0,373.0
East,Taimur Mand,142332.0,374.0,374.0,374.0
East,Darshit Sarna,142230.4,375.0,375.0,375.0
East,Shray Karnik,141877.75,376.0,376.0,376.0
East,Uthkarsh Dara,141660.0,377.0,377.0,377.0
East,Samaira Buch,141571.75,378.0,378.0,378.0
East,Inaaya  Ganesan,141240.3,379.0,379.0,379.0
East,Anvi Gole,141188.0,380.0,380.0,380.0
East,Kashvi Bera,141186.0,381.0,381.0,381.0
East,Kashvi Thakkar,140994.0,382.0,382.0,382.0
East,Bhavin Suresh,140873.6,383.0,383.0,383.0
East,Neysa Sura,140771.0,384.0,384.0,384.0
East,Jivika Badami,140661.0,385.0,385.0,385.0
East,Mannat Sandal,140291.2,386.0,386.0,386.0
East,Alia Borde,139956.75,387.0,387.0,387.0
East,Indrajit Solanki,139644.3,388.0,388.0,388.0
East,Neelofar Goyal,139626.0,389.0,389.0,389.0
East,Kiaan Batra,138984.0,390.0,390.0,390.0
East,Reyansh Mall,138640.0,391.0,391.0,391.0
East,Hunar Seth,138432.0,392.0,392.0,392.0
East,Vivaan Sheth,137932.8,393.0,393.0,393.0
East,Zara Ramachandran,136873.6,394.0,394.0,394.0
East,Hunar Wason,136738.25,395.0,395.0,395.0
East,Eva Babu,136404.0,396.0,396.0,396.0
East,Onkar Johal,135717.6,397.0,397.0,397.0
East,Divyansh Bhavsar,135517.5,398.0,398.0,398.0
East,Rohan Varty,135418.5,399.0,399.0,399.0
East,Raunak Raj,135236.7,400.0,400.0,400.0
East,Samaira Saxena,135071.8,401.0,401.0,401.0
East,Misha Gulati,134762.4,402.0,402.0,402.0
East,Saksham Chandra,134728.0,403.0,403.0,403.0
East,Tejas Sastry,134667.0,404.0,404.0,404.0
East,Saanvi Raj,134250.0,405.0,405.0,405.0
East,Jayant Sem,134099.2,406.0,406.0,406.0
East,Stuvan Ray,134037.0,407.0,407.0,407.0
East,Divit Kumar,133992.75,408.0,408.0,408.0
East,Advik Borde,133852.5,409.0,409.0,409.0
East,Diya Edwin,133696.35,410.0,410.0,410.0
East,Elakshi Chandran,133104.9,411.0,411.0,411.0
East,Bhavin Dhawan,132952.0,412.0,412.0,412.0
East,Amira Dewan,132513.3,413.0,413.0,413.0
East,Lakshit Kuruvilla,132264.0,414.0,414.0,414.0
East,Tanya Gala,132110.8,415.0,415.0,415.0
East,Mannat Sani,131938.2,416.0,416.0,416.0
East,Arnav Arya,131690.0,417.0,417.0,417.0
East,Samarth Sura,131689.95,418.0,418.0,418.0
East,Riaan Char,130801.7,419.0,419.0,419.0
East,Lavanya Lad,130019.2,420.0,420.0,420.0
East,Divyansh Sheth,129812.4,421.0,421.0,421.0
East,Ehsaan Andra,129490.7,422.0,422.0,422.0
East,Ojas Chaudhary,129470.75,423.0,423.0,423.0
East,Rohan Acharya,129451.2,424.0,424.0,424.0
East,Aarav Singhal,128934.0,425.0,425.0,425.0
East,Madhup Ray,128551.2,426.0,426.0,426.0
East,Jivika Baral,128504.7,427.0,427.0,427.0
East,Anvi Keer,128338.2,428.0,428.0,428.0
East,Miraan Goda,128307.0,429.0,429.0,429.0
East,Baiju Kalla,127924.0,430.0,430.0,430.0
East,Manjari Lata,127464.0,431.0,431.0,431.0
East,Nitya Dora,127129.0,432.0,432.0,432.0
East,Kanav Taneja,127115.8,433.0,433.0,433.0
East,Bhavin Som,127096.8,434.0,434.0,434.0
East,Ojas Jaggi,127022.0,435.0,435.0,435.0
East,Seher Shroff,126948.6,436.0,436.0,436.0
East,Ritvik Badal,126942.8,437.0,437.0,437.0
East,Jiya Rastogi,126935.2,438.0,438.0,438.0
East,Hrishita Luthra,126775.8,439.0,439.0,439.0
East,Dishani Chaudhry,126600.0,440.0,440.0,440.0
East,Shlok Dutt,126495.0,441.0,441.0,441.0
East,Umang Varghese,126383.1,442.0,442.0,442.0
East,Tara Walia,126196.1,443.0,443.0,443.0
East,Madhup Sem,125559.0,444.0,444.0,444.0
East,Ritvik Kapadia,124987.2,445.0,445.0,445.0
East,Fateh Brahmbhatt,124940.8,446.0,446.0,446.0
East,Himmat Ahluwalia,124213.05,447.0,447.0,447.0
East,Jayan Chanda,124013.7,448.0,448.0,448.0
East,Reyansh Saraf,123785.0,449.0,449.0,449.0
East,Veer Goel,123705.6,450.0,450.0,450.0
East,Shanaya Sidhu,123675.0,451.0,451.0,451.0
East,Anahi Comar,123523.7,452.0,452.0,452.0
East,Akarsh Sachdev,123444.0,453.0,453.0,453.0
East,Jayant Chada,122894.0,454.0,454.0,454.0
East,Badal Karan,122848.0,455.0,455.0,455.0
East,Darshit Kamdar,122763.8,456.0,456.0,456.0
East,Mishti Bhagat,122234.25,457.0,457.0,457.0
East,Elakshi Barman,121876.2,458.0,458.0,458.0
East,Shaan Bala,121814.0,459.0,459.0,459.0
East,Tara Kala,121708.95,460.0,460.0,460.0
East,Suhana Mann,121552.5,461.0,461.0,461.0
East,Siya Arora,120691.8,462.0,462.0,462.0
East,Priyansh Som,120123.0,463.0,463.0,463.0
East,Kabir Deep,119878.05,464.0,464.0,464.0
East,Romil Mall,119714.85,465.0,465.0,465.0
East,Aniruddh Batra,119660.8,466.0,466.0,466.0
East,Saira Kapoor,119370.0,467.0,467.0,467.0
East,Amani Acharya,119215.0,468.0,468.0,468.0
East,Vihaan Varty,119031.2,469.0,469.0,469.0
East,Sana Gole,118864.0,470.0,470.0,470.0
East,Zaina Dora,118860.0,471.0,471.0,471.0
East,Alisha Manne,118246.9,472.0,472.0,472.0
East,Nitya Amble,118220.85,473.0,473.0,473.0
East,Nishith Banik,118178.1,474.0,474.0,474.0
East,Parinaaz Din,118069.8,475.0,475.0,475.0
East,Riya Ben,117797.25,476.0,476.0,476.0
East,Nitara Mani,117731.6,477.0,477.0,477.0
East,Krish Suri,116745.6,478.0,478.0,478.0
East,Jayesh Uppal,116525.0,479.0,479.0,479.0
East,Diya Sura,116425.6,480.0,480.0,480.0
East,Myra Brar,116291.9,481.0,481.0,481.0
East,Advika Grover,115909.2,482.0,482.0,482.0
East,Dhanush Sankaran,115861.8,483.0,483.0,483.0
East,Faiyaz Sandal,115812.6,484.0,484.0,484.0
East,Krish Warrior,115498.0,485.0,485.0,485.0
East,Hunar Mani,115357.5,486.0,486.0,486.0
East,Urvi Rout,115243.0,487.0,487.0,487.0
East,Dharmajan Swaminathan,114937.0,488.0,488.0,488.0
East,Vivaan Verma,114194.0,489.0,489.0,489.0
East,Kismat Sagar,114052.5,490.0,490.0,490.0
East,Sana Dua,113893.6,491.0,491.0,491.0
East,Saira Sengupta,113792.0,492.0,492.0,492.0
East,Adira Chacko,113566.8,493.0,493.0,493.0
East,Lavanya Gara,113510.0,494.0,494.0,494.0
East,Rhea Shankar,113151.6,495.0,495.0,495.0
East,Myra Gopal,112845.75,496.0,496.0,496.0
East,Manikya Yadav,112828.5,497.0,497.0,497.0
East,Baiju Sunder,112597.8,498.0,498.0,498.0
East,Myra Goda,112212.0,499.0,499.0,499.0
East,Piya Krishnan,112134.4,500.0,500.0,500.0
East,Nehmat Kannan,111886.35,501.0,501.0,501.0
East,Drishya Doshi,111784.0,502.0,502.0,502.0
East,Samarth Brar,111551.4,503.0,503.0,503.0
East,Vedika Sodhi,111308.4,504.0,504.0,504.0
East,Aradhya Kapoor,111214.0,505.0,505.0,505.0
East,Aarna Walla,111151.8,506.0,506.0,506.0
East,Aayush Boase,110984.5,507.0,507.0,507.0
East,Kabir Sunder,110972.7,508.0,508.0,508.0
East,Ryan Chad,110404.25,509.0,509.0,509.0
East,Lakshay Bandi,110059.4,510.0,510.0,510.0
East,Divyansh Arya,110040.0,511.0,511.0,511.0
East,Kartik Seth,109599.6,512.0,512.0,512.0
East,Shamik Atwal,109481.7,513.0,513.0,513.0
East,Saksham Sur,109471.35,514.0,514.0,514.0
East,Yuvaan Raman,109263.0,515.0,515.0,515.0
East,Divij Raj,109074.6,516.0,516.0,516.0
East,Indrans Venkatesh,108896.0,517.0,517.0,517.0
East,Madhav Kara,108893.5,518.0,518.0,518.0
East,Jiya Desai,108756.0,519.0,519.0,519.0
East,Amani Chatterjee,108648.0,520.0,520.0,520.0
East,Chirag Ramanathan,108611.3,521.0,521.0,521.0
East,Yuvraj  Kanda,108362.7,522.0,522.0,522.0
East,Hansh De,108072.0,523.0,523.0,523.0
East,Taran Chaudhary,108002.0,524.0,524.0,524.0
East,Zeeshan Chander,107706.25,525.0,525.0,525.0
East,Elakshi Koshy,106764.8,526.0,526.0,526.0
East,Bhamini Rana,106603.3,527.0,527.0,527.0
East,Madhup Dasgupta,106369.0,528.0,528.0,528.0
East,Seher Karan,106240.0,529.0,529.0,529.0
East,Shamik Ahluwalia,106165.0,530.0,530.0,530.0
East,Yasmin Sekhon,105723.0,531.0,531.0,531.0
East,Stuvan Kata,105605.8,532.0,532.0,532.0
East,Jivin Hans,105198.25,533.0,533.0,533.0
East,Kartik Bhandari,105138.0,534.0,534.0,534.0
East,Vedika Yadav,104787.2,535.0,535.0,535.0
East,Divij Thaman,104580.0,536.0,536.0,536.0
East,Jivin Chanda,104512.0,537.0,537.0,537.0
East,Hridaan Shan,104504.75,538.0,538.0,538.0
East,Dhanush Kuruvilla,104356.2,539.0,539.0,539.0
East,Oorja Kota,104294.4,540.0,540.0,540.0
East,Mohanlal Sha,103770.0,541.0,541.0,541.0
East,Hansh Ghosh,103724.0,542.0,542.0,542.0
East,Kiara Krishnamurthy,103557.6,543.0,543.0,543.0
East,Urvi Upadhyay,103353.6,544.0,544.0,544.0
East,Renee Sanghvi,102770.4,545.0,545.0,545.0
East,Yuvraj  Lad,102217.6,546.0,546.0,546.0
East,Dhanuk Ratti,101964.8,547.0,547.0,547.0
East,Taran Talwar,101654.75,548.0,548.0,548.0
East,Anahi Rajagopalan,101510.4,549.0,549.0,549.0
East,Aarush Kalla,100716.0,550.0,550.0,550.0
East,Mannat Chad,100499.5,551.0,551.0,551.0
East,Priyansh Khurana,100314.0,552.0,552.0,552.0
East,Damini Rout,100274.4,553.0,553.0,553.0
East,Ranbir Kant,100272.0,554.0,554.0,554.0
East,Yakshit Bala,100021.2,555.0,555.0,555.0
East,Indranil Date,99910.8,556.0,556.0,556.0
East,Trisha Raman,99334.0,557.0,557.0,557.0
East,Hunar Mand,99263.0,558.0,558.0,558.0
East,Adah Rau,98862.0,559.0,559.0,559.0
East,Tejas Sidhu,98560.0,560.0,560.0,560.0
East,Bhamini Karan,98448.0,561.0,561.0,561.0
East,Aaryahi Issac,98286.0,562.0,562.0,562.0
East,Raghav Khurana,98280.0,563.0,563.0,563.0
East,Khushi Rana,97598.4,564.0,564.0,564.0
East,Anay Deol,97110.8,565.0,565.0,565.0
East,Navya Keer,96867.7,566.0,566.0,566.0
East,Shray Amble,96384.0,567.0,567.0,567.0
East,Kismat Rajan,96363.0,568.0,568.0,568.0
East,Khushi Taneja,96330.0,569.0,569.0,569.0
East,Hunar Toor,96135.0,570.0,570.0,570.0
East,Shlok Keer,95987.2,571.0,571.0,571.0
East,Rania Vig,95872.5,572.0,572.0,572.0
East,Anay Vasa,95524.0,573.0,573.0,573.0
East,Devansh Kakar,95444.8,574.0,574.0,574.0
East,Dhanuk Saraf,95157.0,575.0,575.0,575.0
East,Ryan Chana,95076.0,576.0,576.0,576.0
East,Tanya Sahota,95030.0,577.0,577.0,577.0
East,Oorja Balakrishnan,94756.8,578.0,578.0,578.0
East,Hiran Kala,94480.8,579.0,579.0,579.0
East,Hansh Chaudhuri,93586.7,580.0,580.0,580.0
East,Alisha Basak,93500.0,581.0,581.0,581.0
East,Rati Bhatti,93478.4,582.0,582.0,582.0
East,Chirag Kothari,93126.6,583.0,583.0,583.0
East,Ishita Lall,92454.0,584.0,584.0,584.0
East,Urvi Dayal,92432.0,585.0,585.0,585.0
East,Ranbir Shenoy,92329.2,586.0,586.0,586.0
East,Miraya Trivedi,92229.25,587.0,587.0,587.0
East,Nayantara Sharaf,91318.5,588.0,588.0,588.0
East,Mehul Roy,91154.4,589.0,589.0,589.0
East,Neysa Kothari,91043.2,590.0,590.0,590.0
East,Divij Ramesh,91004.0,591.0,591.0,591.0
East,Shray Khare,90984.0,592.0,592.0,592.0
East,Nishith Saxena,90924.0,593.0,593.0,593.0
East,Jivin Sangha,90766.8,594.0,594.0,594.0
East,Mehul Bali,90529.2,595.0,595.0,595.0
East,Shamik Hayer,90197.75,596.0,596.0,596.0
East,Ela Tak,90009.6,597.0,597.0,597.0
East,Shray Gaba,89892.8,598.0,598.0,598.0
East,Hiran Gola,89544.0,599.0,599.0,599.0
East,Ayesha Bhasin,89049.6,600.0,600.0,600.0
East,Nehmat Gill,88978.0,601.0,601.0,601.0
East,Ranbir Master,88747.65,602.0,602.0,602.0
East,Mahika Kothari,88261.2,603.0,603.0,603.0
East,Hrishita Bains,87640.35,604.0,604.0,604.0
East,Nirvi Vyas,87459.2,605.0,605.0,605.0
East,Vedika Sane,87415.2,606.0,606.0,606.0
East,Riya Thaker,87123.2,607.0,607.0,607.0
East,Rania Bawa,87015.6,608.0,608.0,608.0
East,Vaibhav Rana,86985.6,609.0,609.0,609.0
East,Sahil Chauhan,86936.0,610.0,610.0,610.0
East,Sara Bath,86912.0,611.0,611.0,611.0
East,Indrans Wable,86488.0,612.0,612.0,612.0
East,Shray Kuruvilla,85816.0,613.0,613.0,613.0
East,Suhana Rastogi,85812.6,614.0,614.0,614.0
East,Anaya Sridhar,85471.2,615.0,615.0,615.0
East,Nirvi Samra,85460.4,616.0,616.0,616.0
East,Faiyaz Issac,85438.6,617.0,617.0,617.0
East,Onkar Verma,85384.0,618.0,618.0,618.0
East,Rati Kapadia,85219.2,619.0,619.0,619.0
East,Indranil Lall,84732.0,620.0,620.0,620.0
East,Aniruddh Rastogi,84028.0,621.0,621.0,621.0
East,Aarna Ramesh,83921.4,622.0,622.0,622.0
East,Yuvraj  Mand,83552.0,623.0,623.0,623.0
East,Hrishita Chahal,83296.6,624.0,624.0,624.0
East,Yuvraj  Ramaswamy,82883.7,625.0,625.0,625.0
East,Rohan Bawa,82392.0,626.0,626.0,626.0
East,Ryan Kurian,82188.0,627.0,627.0,627.0
East,Rohan Karnik,81689.25,628.0,628.0,628.0
East,Oorja Kunda,81615.6,629.0,629.0,629.0
East,Reyansh Singh,81532.8,630.0,630.0,630.0
East,Misha Baral,81506.5,631.0,631.0,631.0
East,Khushi Boase,81316.0,632.0,632.0,632.0
East,Raghav Ramaswamy,81241.6,633.0,633.0,633.0
East,Aayush Dutt,81156.6,634.0,634.0,634.0
East,Sana Borde,80987.4,635.0,635.0,635.0
East,Chirag Bail,80956.0,636.0,636.0,636.0
East,Dhanush Srinivasan,80296.8,637.0,637.0,637.0
East,Uthkarsh Solanki,80248.5,638.0,638.0,638.0
East,Pranay Roy,80216.0,639.0,639.0,639.0
East,Sahil Dalal,80030.9,640.0,640.0,640.0
East,Yasmin Arya,79844.0,641.0,641.0,641.0
East,Vidur Sharaf,79611.9,642.0,642.0,642.0
East,Lavanya Chandran,79549.8,643.0,643.0,643.0
East,Vaibhav Bora,79478.9,644.0,644.0,644.0
East,Suhana Jayaraman,79429.5,645.0,645.0,645.0
East,Jiya Tella,79297.0,646.0,646.0,646.0
East,Nitara Roy,79204.5,647.0,647.0,647.0
East,Ayesha Vasa,79168.5,648.0,648.0,648.0
East,Gatik Savant,78457.6,649.0,649.0,649.0
East,Alisha Sachar,78040.0,650.0,650.0,650.0
East,Shalv Garde,77933.0,651.0,651.0,651.0
East,Pihu Tiwari,77869.6,652.0,652.0,652.0
East,Chirag Sarma,77782.0,653.0,653.0,653.0
East,Vanya Vig,77527.0,654.0,654.0,654.0
East,Shamik Grewal,77463.0,655.0,655.0,655.0
East,Samar Edwin,77004.0,656.0,656.0,656.0
East,Raghav Bhandari,76916.0,657.0,657.0,657.0
East,Raghav Krish,76563.2,658.0,658.0,658.0
East,Bhamini Subramaniam,76190.6,659.0,659.0,659.0
East,Ivan Shenoy,76156.8,660.0,660.0,660.0
East,Riaan Batra,76140.6,661.0,661.0,661.0
East,Vardaniya Kale,76065.0,662.0,662.0,662.0
East,Anya Sagar,76060.8,663.0,663.0,663.0
East,Divit Wason,76058.85,664.0,664.0,664.0
East,Nehmat Tiwari,75876.0,665.0,665.0,665.0
East,Eva Devan,75844.2,666.0,666.0,666.0
East,Kashvi Sabharwal,75334.65,667.0,667.0,667.0
East,Aarav Rastogi,75170.65,668.0,668.0,668.0
East,Kiara Chatterjee,74906.0,669.0,669.0,669.0
East,Shamik Tak,74662.3,670.0,670.0,670.0
East,Mannat Sharma,74499.0,671.0,671.0,671.0
East,Ivan Krishnamurthy,74399.0,672.0,672.0,672.0
East,Lavanya Dubey,74266.25,673.0,673.0,673.0
East,Sahil Bawa,73883.7,674.0,674.0,674.0
East,Anaya Char,73508.0,675.0,675.0,675.0
East,Armaan Shukla,73276.2,676.0,676.0,676.0
East,Seher Chopra,73091.5,677.0,677.0,677.0
East,Ryan Gera,72041.4,678.0,678.0,678.0
East,Devansh Ramakrishnan,71979.6,679.0,679.0,679.0
East,Nitya Kale,71979.3,680.0,680.0,680.0
East,Hrishita Dugal,71546.4,681.0,681.0,681.0
East,Krish Randhawa,71382.0,682.0,682.0,682.0
East,Inaaya  Subramanian,71084.0,683.0,683.0,683.0
East,Bhavin Ratti,71073.0,684.0,684.0,684.0
East,Jayesh Basak,70653.6,685.0,685.0,685.0
East,Lakshit Sridhar,70281.6,686.0,686.0,686.0
East,Samarth Subramaniam,70187.4,687.0,687.0,687.0
East,Kiaan Magar,70173.6,688.0,688.0,688.0
East,Kartik Goyal,70170.8,689.0,689.0,689.0
East,Kimaya Sanghvi,70010.25,690.0,690.0,690.0
East,Ishaan Chopra,69645.6,691.0,691.0,691.0
East,Kabir Ravi,69312.0,692.0,692.0,692.0
East,Faiyaz Yadav,69250.0,693.0,693.0,693.0
East,Sara Majumdar,69189.0,694.0,694.0,694.0
East,Kismat Ramesh,69049.8,695.0,695.0,695.0
East,Rati Bail,69039.0,696.0,696.0,696.0
East,Dharmajan Goel,68870.4,697.0,697.0,697.0
East,Akarsh Korpal,68752.0,698.0,698.0,698.0
East,Armaan Bawa,68459.85,699.0,699.0,699.0
East,Shlok Kumer,68380.2,700.0,700.0,700.0
East,Devansh Dhar,68323.2,701.0,701.0,701.0
East,Vivaan Kumer,68289.0,702.0,702.0,702.0
East,Amani Sachar,67962.6,703.0,703.0,703.0
East,Hansh Balakrishnan,67752.65,704.0,704.0,704.0
East,Azad Sunder,67692.3,705.0,705.0,705.0
East,Neelofar Mani,67662.8,706.0,706.0,706.0
East,Vihaan Choudhry,67599.15,707.0,707.0,707.0
East,Nitya Saini,67190.8,708.0,708.0,708.0
East,Dishani Sama,67158.0,709.0,709.0,709.0
East,Rohan Iyengar,67022.1,710.0,710.0,710.0
East,Priyansh Venkatesh,66876.3,711.0,711.0,711.0
East,Mannat Wagle,66670.0,712.0,712.0,712.0
East,Priyansh Raman,66620.0,713.0,713.0,713.0
East,Yasmin Warrior,66388.4,714.0,714.0,714.0
East,Nitya Basak,66250.15,715.0,715.0,715.0
East,Madhav Banik,66175.0,716.0,716.0,716.0
East,Aarna Sama,65987.1,717.0,717.0,717.0
East,Bhamini Balakrishnan,65977.5,718.0,718.0,718.0
East,Myra Bawa,65959.2,719.0,719.0,719.0
East,Himmat Bhagat,65484.0,720.0,720.0,720.0
East,Zoya Ranganathan,65364.3,721.0,721.0,721.0
East,Dhanuk Mandal,65308.8,722.0,722.0,722.0
East,Kiaan Ranganathan,65308.8,723.0,722.0,722.0
East,Tushar Bahri,65015.1,724.0,724.0,723.0
East,Indrajit Bhalla,64824.0,725.0,725.0,724.0
East,Eva Arora,64688.4,726.0,726.0,725.0
East,Saira Bumb,64669.0,727.0,727.0,726.0
East,Shayak Karpe,64516.5,728.0,728.0,727.0
East,Yuvraj  Roy,64305.9,729.0,729.0,728.0
East,Hiran Gole,63767.8,730.0,730.0,729.0
East,Hunar Savant,63757.8,731.0,731.0,730.0
East,Kismat Gupta,63622.8,732.0,732.0,731.0
East,Advika Kala,63570.4,733.0,733.0,732.0
East,Manjari Ben,63422.4,734.0,734.0,733.0
East,Ishita Sengupta,63353.9,735.0,735.0,734.0
East,Tejas Saran,63341.15,736.0,736.0,735.0
East,Ivan Mane,63299.5,737.0,737.0,736.0
East,Kimaya Dugar,63243.2,738.0,738.0,737.0
East,Vivaan Balasubramanian,63209.4,739.0,739.0,738.0
East,Anahi Ram,63115.9,740.0,740.0,739.0
East,Indranil Sood,63000.0,741.0,741.0,740.0
East,Anika Maharaj,62959.5,742.0,742.0,741.0
East,Vivaan Basu,62925.6,743.0,743.0,742.0
East,Nitara Krish,62790.4,744.0,744.0,743.0
East,Samarth Reddy,62747.0,745.0,745.0,744.0
East,Taran Ratta,62683.25,746.0,746.0,745.0
East,Hrishita Jani,62525.0,747.0,747.0,746.0
East,Shaan Rajagopalan,62470.4,748.0,748.0,747.0
East,Madhav Bhatia,62387.1,749.0,749.0,748.0
East,Divij Chada,62192.7,750.0,750.0,749.0
East,Siya Chaudhari,62171.0,751.0,751.0,750.0
East,Hansh Bali,61922.9,752.0,752.0,751.0
East,Aarna Shah,61848.0,753.0,753.0,752.0
East,Faiyaz Dayal,61800.0,754.0,754.0,753.0
East,Ojas Sehgal,61785.0,755.0,755.0,754.0
East,Rati Dayal,61675.2,756.0,756.0,755.0
East,Prisha Andra,61661.55,757.0,757.0,756.0
East,Mehul Chana,61626.5,758.0,758.0,757.0
East,Pari Batta,61560.0,759.0,759.0,758.0
East,Mannat Batta,61056.0,760.0,760.0,759.0
East,Jayan Jaggi,60660.0,761.0,761.0,760.0
East,Trisha Bora,60626.25,762.0,762.0,761.0
East,Hansh Tata,60494.4,763.0,763.0,762.0
East,Vedika Borah,60490.25,764.0,764.0,763.0
East,Umang Saran,60453.9,765.0,765.0,764.0
East,Biju Dugar,60285.4,766.0,766.0,765.0
East,Vivaan Ranganathan,60217.0,767.0,767.0,766.0
East,Arnav Shroff,60133.25,768.0,768.0,767.0
East,Amira Dayal,59502.0,769.0,769.0,768.0
East,Advika Thaman,59319.9,770.0,770.0,769.0
East,Akarsh Hayre,59316.1,771.0,771.0,770.0
East,Tara Chanda,59180.4,772.0,772.0,771.0
East,Hazel Varma,58985.5,773.0,773.0,772.0
East,Vaibhav Kunda,58760.5,774.0,774.0,773.0
East,Seher Sami,58634.4,775.0,775.0,774.0
East,Nakul Srivastava,58458.6,776.0,776.0,775.0
East,Seher Dhar,58312.0,777.0,777.0,776.0
East,Parinaaz Sule,58305.3,778.0,778.0,777.0
East,Vidur Dutt,58288.0,779.0,779.0,778.0
East,Alisha Dhar,58172.4,780.0,780.0,779.0
East,Reyansh Sachdeva,58082.2,781.0,781.0,780.0
East,Aniruddh Kade,58032.0,782.0,782.0,781.0
East,Baiju Char,57582.4,783.0,783.0,782.0
East,Riya Sidhu,57508.2,784.0,784.0,783.0
East,Rati Solanki,57377.55,785.0,785.0,784.0
East,Zeeshan Bail,57324.9,786.0,786.0,785.0
East,Myra Saran,57005.25,787.0,787.0,786.0
East,Vedika Lalla,56925.0,788.0,788.0,787.0
East,Vardaniya Tripathi,56899.2,789.0,789.0,788.0
East,Shlok Singhal,56897.0,790.0,790.0,789.0
East,Adira Chander,56876.4,791.0,791.0,790.0
East,Heer Dugal,56828.8,792.0,792.0,791.0
East,Baiju Kapoor,56365.4,793.0,793.0,792.0
East,Lakshit Mahajan,56263.2,794.0,794.0,793.0
East,Anaya Goyal,56186.0,795.0,795.0,794.0
East,Yuvaan Toor,55992.0,796.0,796.0,795.0
East,Lagan Devan,55867.6,797.0,797.0,796.0
East,Anaya Khatri,55803.35,798.0,798.0,797.0
East,Nirvi Lata,55267.0,799.0,799.0,798.0
East,Mohanlal Tiwari,55176.9,800.0,800.0,799.0
East,Heer Balan,55143.7,801.0,801.0,800.0
East,Raghav Gala,54834.35,802.0,802.0,801.0
East,Kiara Balay,54702.0,803.0,803.0,802.0
East,Riya Joshi,54651.6,804.0,804.0,803.0
East,Alia Raju,54462.6,805.0,805.0,804.0
East,Ojas Konda,54160.0,806.0,806.0,805.0
East,Samiha Yadav,54064.0,807.0,807.0,806.0
East,Tushar Dani,54048.0,808.0,808.0,807.0
East,Kavya Chokshi,53969.5,809.0,809.0,808.0
East,Kashvi Bir,53794.8,810.0,810.0,809.0
East,Piya Kothari,53784.0,811.0,811.0,810.0
East,Divyansh Bhasin,53580.0,812.0,812.0,811.0
East,Zain Guha,53530.0,813.0,813.0,812.0
East,Trisha Tiwari,53482.0,814.0,814.0,813.0
East,Aaina Karnik,53381.6,815.0,815.0,814.0
East,Stuvan Raman,53337.6,816.0,816.0,815.0
East,Nayantara Lala,53124.0,817.0,817.0,816.0
East,Baiju Dara,53116.5,818.0,818.0,817.0
East,Nitya Chowdhury,53104.0,819.0,819.0,818.0
East,Diya Char,52865.6,820.0,820.0,819.0
East,Lakshit Korpal,52738.2,821.0,821.0,820.0
East,Vivaan Setty,52711.2,822.0,822.0,821.0
East,Piya Borde,52687.8,823.0,823.0,822.0
East,Aayush Bassi,52645.0,824.0,824.0,823.0
East,Nitara Vyas,52599.6,825.0,825.0,824.0
East,Sahil Bandi,52512.0,826.0,826.0,825.0
East,Shray Jayaraman,51816.0,827.0,827.0,826.0
East,Shayak Mahajan,51713.0,828.0,828.0,827.0
East,Madhup Kuruvilla,51531.8,829.0,829.0,828.0
East,Mishti Chadha,51467.2,830.0,830.0,829.0
East,Prerak Chakrabarti,51401.2,831.0,831.0,830.0
East,Anvi Tak,51247.75,832.0,832.0,831.0
East,Devansh Borah,51213.6,833.0,833.0,832.0
East,Zeeshan Das,51140.0,834.0,834.0,833.0
East,Hazel Varty,51112.2,835.0,835.0,834.0
East,Piya Rout,51036.0,836.0,836.0,835.0
East,Rhea Kurian,51031.2,837.0,837.0,836.0
East,Anvi Mammen,51013.6,838.0,838.0,837.0
East,Faiyaz Thaman,50990.4,839.0,839.0,838.0
East,Aayush Toor,50990.0,840.0,840.0,839.0
East,Manjari Mangal,50811.3,841.0,841.0,840.0
East,Misha Salvi,50806.8,842.0,842.0,841.0
East,Prisha Kala,50306.4,843.0,843.0,842.0
East,Nishith Arora,50296.2,844.0,844.0,843.0
East,Darshit Kurian,50189.1,845.0,845.0,844.0
East,Yakshit Sur,50153.4,846.0,846.0,845.0
East,Saira Yohannan,50100.0,847.0,847.0,846.0
East,Indrajit Ramaswamy,50041.2,848.0,848.0,847.0
East,Neelofar Hans,49897.8,849.0,849.0,848.0
East,Ehsaan Chakraborty,49866.4,850.0,850.0,849.0
East,Yashvi Lad,49828.5,851.0,851.0,850.0
East,Vardaniya Chaudhari,49766.4,852.0,852.0,851.0
East,Nishith Srinivas,49571.0,853.0,853.0,852.0
East,Hrishita Vora,49454.0,854.0,854.0,853.0
East,Onkar Desai,49429.0,855.0,855.0,854.0
East,Samiha Shan,49323.05,856.0,856.0,855.0
East,Urvi Chada,49302.55,857.0,857.0,856.0
East,Bhavin Mani,49239.65,858.0,858.0,857.0
East,Zain Kanda,49237.1,859.0,859.0,858.0
East,Divyansh Varma,49232.0,860.0,860.0,859.0
East,Divyansh Malhotra,48844.8,861.0,861.0,860.0
East,Lakshay Raj,48809.1,862.0,862.0,861.0
East,Biju Dar,48758.0,863.0,863.0,862.0
East,Riaan Doctor,48618.15,864.0,864.0,863.0
East,Jivika Ratti,48445.75,865.0,865.0,864.0
East,Anahi Chandran,48225.6,866.0,866.0,865.0
East,Ishita Guha,48125.3,867.0,867.0,866.0
East,Biju Mannan,48043.7,868.0,868.0,867.0
East,Drishya Jha,47978.0,869.0,869.0,868.0
East,Miraan Khanna,47902.8,870.0,870.0,869.0
East,Tiya Kannan,47897.1,871.0,871.0,870.0
East,Anaya Chahal,47825.0,872.0,872.0,871.0
East,Rati Tank,47498.0,873.0,873.0,872.0
East,Kartik Tella,47489.0,874.0,874.0,873.0
East,Misha Chaudhuri,47452.8,875.0,875.0,874.0
East,Rhea Saxena,47006.7,876.0,876.0,875.0
East,Drishya Das,46937.0,877.0,877.0,876.0
East,Nakul Mammen,46926.2,878.0,878.0,877.0
East,Elakshi Sama,46673.5,879.0,879.0,878.0
East,Dhanush Dhingra,46580.4,880.0,880.0,879.0
East,Navya Vora,46475.2,881.0,881.0,880.0
East,Devansh Raval,46447.2,882.0,882.0,881.0
East,Uthkarsh Suresh,46245.05,883.0,883.0,882.0
East,Amira Ganesh,46037.7,884.0,884.0,883.0
East,Uthkarsh Sankaran,45834.55,885.0,885.0,884.0
East,Saksham Toor,45770.4,886.0,886.0,885.0
East,Elakshi Aurora,45651.0,887.0,887.0,886.0
East,Yashvi Brar,45222.3,888.0,888.0,887.0
East,Divij Bawa,45215.25,889.0,889.0,888.0
East,Dharmajan Lall,45081.45,890.0,890.0,889.0
East,Shanaya Ray,44824.8,891.0,891.0,890.0
East,Amira Dar,44810.0,892.0,892.0,891.0
East,Samaira Tailor,44731.25,893.0,893.0,892.0
East,Krish Ram,44662.4,894.0,894.0,893.0
East,Lagan Subramanian,44599.5,895.0,895.0,894.0
East,Shamik Keer,44480.0,896.0,896.0,895.0
East,Anika Talwar,44440.0,897.0,897.0,896.0
East,Jayan Dayal,44076.6,898.0,898.0,897.0
East,Elakshi Comar,44045.8,899.0,899.0,898.0
East,Pari Kale,43882.2,900.0,900.0,899.0
East,Aaina Chandran,43747.5,901.0,901.0,900.0
East,Yasmin Raval,43510.0,902.0,902.0,901.0
East,Vidur Khurana,43391.2,903.0,903.0,902.0
East,Anahi Bandi,43318.0,904.0,904.0,903.0
East,Eshani Thaman,43242.4,905.0,905.0,904.0
East,Vritika Wadhwa,43190.0,906.0,906.0,905.0
East,Dhruv Deo,43020.0,907.0,907.0,906.0
East,Kashvi Tiwari,42844.0,908.0,908.0,907.0
East,Vihaan Badal,42106.45,909.0,909.0,908.0
East,Fateh Kala,42073.6,910.0,910.0,909.0
East,Jivin Grover,41684.1,911.0,911.0,910.0
East,Aaryahi Sagar,41604.0,912.0,912.0,911.0
East,Darshit Tripathi,41301.9,913.0,913.0,912.0
East,Nakul Zacharia,41126.4,914.0,914.0,913.0
East,Sahil Bobal,41115.6,915.0,915.0,914.0
East,Krish Kannan,41023.8,916.0,916.0,915.0
East,Kimaya Brar,40881.6,917.0,917.0,916.0
East,Tanya Bandi,40865.4,918.0,918.0,917.0
East,Heer Subramaniam,40764.0,919.0,919.0,918.0
East,Dhruv Garg,40736.95,920.0,920.0,919.0
East,Vritika Cherian,40698.0,921.0,921.0,920.0
East,Urvi Ganesh,40658.4,922.0,922.0,921.0
East,Madhav Jha,40320.6,923.0,923.0,922.0
East,Ranbir Rajagopal,40279.2,924.0,924.0,923.0
East,Indranil Chaudhary,40278.6,925.0,925.0,924.0
East,Nitya Soman,39927.9,926.0,926.0,925.0
East,Zeeshan Singhal,39805.5,927.0,927.0,926.0
East,Sara Chanda,39789.6,928.0,928.0,927.0
East,Divij Kurian,39762.15,929.0,929.0,928.0
East,Romil Ghose,39677.15,930.0,930.0,929.0
East,Dhruv Chakraborty,39654.4,931.0,931.0,930.0
East,Ritvik Thakur,39337.6,932.0,932.0,931.0
East,Biju Gupta,39330.4,933.0,933.0,932.0
East,Riya Magar,38993.6,934.0,934.0,933.0
East,Mishti Venkatesh,38599.2,935.0,935.0,934.0
East,Adah Tandon,38595.2,936.0,936.0,935.0
East,Badal Krish,38345.2,937.0,937.0,936.0
East,Saira Roy,38343.5,938.0,938.0,937.0
East,Vidur Din,38307.8,939.0,939.0,938.0
East,Saira Salvi,37990.75,940.0,940.0,939.0
East,Zaina Bora,37821.6,941.0,941.0,940.0
East,Saanvi Vasa,37815.2,942.0,942.0,941.0
East,Ranbir Sami,37724.4,943.0,943.0,942.0
East,Mishti Sant,37722.6,944.0,944.0,943.0
East,Tanya Kar,37418.4,945.0,945.0,944.0
East,Aarush Batra,37302.4,946.0,946.0,945.0
East,Krish Ghosh,37192.5,947.0,947.0,946.0
East,Vardaniya Barad,37144.05,948.0,948.0,947.0
East,Riya Dalal,36822.4,949.0,949.0,948.0
East,Misha Goyal,36533.6,950.0,950.0,949.0
East,Tanya Taneja,36378.9,951.0,951.0,950.0
East,Abram Baral,36304.2,952.0,952.0,951.0
East,Jivika Tata,35925.6,953.0,953.0,952.0
East,Vardaniya Hegde,35866.4,954.0,954.0,953.0
East,Samar Chadha,35824.5,955.0,955.0,954.0
East,Shlok Dutta,35673.0,956.0,956.0,955.0
East,Sara Virk,35672.8,957.0,957.0,956.0
East,Ishaan Singhal,35658.0,958.0,958.0,957.0
East,Zeeshan Mandal,35613.0,959.0,959.0,958.0
East,Aarush Vig,35492.8,960.0,960.0,959.0
East,Tejas Hayre,35492.8,961.0,960.0,959.0
East,Vidur Zacharia,35421.7,962.0,962.0,960.0
East,Sara Raval,35237.0,963.0,963.0,961.0
East,Ela Dua,35159.5,964.0,964.0,962.0
East,Anay Warrior,35115.2,965.0,965.0,963.0
East,Akarsh Dora,35020.8,966.0,966.0,964.0
East,Hunar Borra,34958.1,967.0,967.0,965.0
East,Ivana Bail,34803.25,968.0,968.0,966.0
East,Azad Issac,34729.2,969.0,969.0,967.0
East,Aarush Chakrabarti,34587.0,970.0,970.0,968.0
East,Jiya Chacko,34569.0,971.0,971.0,969.0
East,Krish Wable,34509.6,972.0,972.0,970.0
East,Anaya Singh,34406.4,973.0,973.0,971.0
East,Rhea Basak,34401.6,974.0,974.0,972.0
East,Shlok Barman,34173.4,975.0,975.0,973.0
East,Samiha Sabharwal,34171.7,976.0,976.0,974.0
East,Reyansh Mahajan,33952.4,977.0,977.0,975.0
East,Lakshay Thaman,33833.3,978.0,978.0,976.0
East,Vaibhav Krishna,33779.7,979.0,979.0,977.0
East,Fateh Shah,33717.8,980.0,980.0,978.0
East,Jayant Sandal,33626.0,981.0,981.0,979.0
East,Myra Rout,33580.8,982.0,982.0,980.0
East,Lakshay Lata,33515.1,983.0,983.0,981.0
East,Vardaniya Ramaswamy,33337.85,984.0,984.0,982.0
East,Ishaan Golla,33261.4,985.0,985.0,983.0
East,Jayan Toor,33216.0,986.0,986.0,984.0
East,Ryan Raja,33129.0,987.0,987.0,985.0
East,Vardaniya Sethi,33091.2,988.0,988.0,986.0
East,Taimur Bumb,32875.2,989.0,989.0,987.0
East,Rania Balakrishnan,32827.2,990.0,990.0,988.0
East,Taran Bala,32800.0,991.0,991.0,989.0
East,Akarsh Sastry,32262.6,992.0,992.0,990.0
East,Heer Korpal,32220.2,993.0,993.0,991.0
East,Vritika Iyer,31982.1,994.0,994.0,992.0
East,Ryan Bhalla,31722.4,995.0,995.0,993.0
East,Reyansh Shan,31308.2,996.0,996.0,994.0
East,Pihu Kari,31228.8,997.0,997.0,995.0
East,Emir Khatri,31203.2,998.0,998.0,996.0
East,Akarsh Chauhan,31112.55,999.0,999.0,997.0
East,Madhav Jani,31098.4,1000.0,1000.0,998.0
East,Arnav Chakrabarti,30736.3,1001.0,1001.0,999.0
East,Alisha Sankaran,30660.0,1002.0,1002.0,1000.0
East,Khushi Sarraf,30657.6,1003.0,1003.0,1001.0
East,Ritvik Upadhyay,30570.0,1004.0,1004.0,1002.0
East,Sana Raju,30552.8,1005.0,1005.0,1003.0
East,Neysa Sathe,30367.95,1006.0,1006.0,1004.0
East,Anika Deol,30319.25,1007.0,1007.0,1005.0
East,Advika Bora,30166.3,1008.0,1008.0,1006.0
East,Krish Wali,30049.2,1009.0,1009.0,1007.0
East,Yuvaan Gokhale,29775.5,1010.0,1010.0,1008.0
East,Badal Banik,29769.6,1011.0,1011.0,1009.0
East,Ranbir Ben,29727.0,1012.0,1012.0,1010.0
East,Sara Chander,29496.0,1013.0,1013.0,1011.0
East,Nirvi Kunda,29422.8,1014.0,1014.0,1012.0
East,Rohan Sachar,29253.6,1015.0,1015.0,1013.0
East,Anay Comar,29164.05,1016.0,1016.0,1014.0
East,Ela Dave,29157.0,1017.0,1017.0,1015.0
East,Hiran Agrawal,29130.35,1018.0,1018.0,1016.0
East,Badal Mangal,29124.0,1019.0,1019.0,1017.0
East,Madhup Dubey,28702.8,1020.0,1020.0,1018.0
East,Taran Krishnan,28662.4,1021.0,1021.0,1019.0
East,Ayesha Sampath,28539.0,1022.0,1022.0,1020.0
East,Dharmajan Dhaliwal,28313.0,1023.0,1023.0,1021.0
East,Ryan Savant,28197.0,1024.0,1024.0,1022.0
East,Madhup Kunda,28128.0,1025.0,1025.0,1023.0
East,Stuvan Kara,27990.8,1026.0,1026.0,1024.0
East,Aradhya Kothari,27957.0,1027.0,1027.0,1025.0
East,Darshit Contractor,27668.8,1028.0,1028.0,1026.0
East,Hazel Dyal,27569.7,1029.0,1029.0,1027.0
East,Samarth Chand,27474.0,1030.0,1030.0,1028.0
East,Darshit Taneja,27422.7,1031.0,1031.0,1029.0
East,Anahi Issac,27343.85,1032.0,1032.0,1030.0
East,Alisha Mann,27318.4,1033.0,1033.0,1031.0
East,Saanvi Vora,27184.8,1034.0,1034.0,1032.0
East,Gatik Jayaraman,27140.55,1035.0,1035.0,1033.0
East,Jivika Yadav,27043.2,1036.0,1036.0,1034.0
East,Riya Dada,26961.0,1037.0,1037.0,1035.0
East,Kaira Sane,26923.5,1038.0,1038.0,1036.0
East,Arnav Buch,26763.1,1039.0,1039.0,1037.0
East,Saanvi Bala,26726.55,1040.0,1040.0,1038.0
East,Jayant Sahni,26540.15,1041.0,1041.0,1039.0
East,Aaina Vasa,26505.55,1042.0,1042.0,1040.0
East,Aaina Bhargava,26411.9,1043.0,1043.0,1041.0
East,Ranbir Jain,26366.4,1044.0,1044.0,1042.0
East,Mehul Ramachandran,26198.7,1045.0,1045.0,1043.0
East,Ritvik Kapur,26149.0,1046.0,1046.0,1044.0
East,Aarush Shroff,25916.0,1047.0,1047.0,1045.0
East,Samarth Sangha,25785.0,1048.0,1048.0,1046.0
East,Veer Kohli,25776.0,1049.0,1049.0,1047.0
East,Raghav Krishna,25716.0,1050.0,1050.0,1048.0
East,Aniruddh Mangat,25702.0,1051.0,1051.0,1049.0
East,Alia Bandi,25673.0,1052.0,1052.0,1050.0
East,Zara Lad,25551.0,1053.0,1053.0,1051.0
East,Gatik Viswanathan,25508.45,1054.0,1054.0,1052.0
East,Nayantara Bhagat,25431.3,1055.0,1055.0,1053.0
East,Pari Kalita,24931.8,1056.0,1056.0,1054.0
East,Kashvi Choudhury,24822.55,1057.0,1057.0,1055.0
East,Ivan Varkey,24264.0,1058.0,1058.0,1056.0
East,Myra Bansal,24156.0,1059.0,1059.0,1057.0
East,Lakshay Kara,24120.0,1060.0,1060.0,1058.0
East,Vritika Babu,23891.4,1061.0,1061.0,1059.0
East,Chirag Choudhary,23810.2,1062.0,1062.0,1060.0
East,Raghav Aurora,23518.4,1063.0,1063.0,1061.0
East,Anahita Krishna,23496.0,1064.0,1064.0,1062.0
East,Anvi Rattan,23461.2,1065.0,1065.0,1063.0
East,Ishita Khosla,23029.9,1066.0,1066.0,1064.0
East,Devansh Swaminathan,22975.0,1067.0,1067.0,1065.0
East,Elakshi Baral,22873.5,1068.0,1068.0,1066.0
East,Yakshit Contractor,22712.0,1069.0,1069.0,1067.0
East,Navya Kadakia,22617.6,1070.0,1070.0,1068.0
East,Vihaan Biswas,22544.0,1071.0,1071.0,1069.0
East,Dharmajan Doctor,22240.8,1072.0,1072.0,1070.0
East,Jayan Boase,21851.8,1073.0,1073.0,1071.0
East,Adira Kale,21845.85,1074.0,1074.0,1072.0
East,Pihu Kar,21772.0,1075.0,1075.0,1073.0
East,Trisha Mandal,21737.6,1076.0,1076.0,1074.0
East,Adah Chhabra,21629.6,1077.0,1077.0,1075.0
East,Aarav Bakshi,21528.0,1078.0,1078.0,1076.0
East,Prerak Barad,21520.8,1079.0,1079.0,1077.0
East,Heer Tara,21459.2,1080.0,1080.0,1078.0
East,Aaina Deshmukh,21146.3,1081.0,1081.0,1079.0
East,Nehmat Dugal,20932.0,1082.0,1082.0,1080.0
East,Krish Maharaj,20791.7,1083.0,1083.0,1081.0
East,Seher Setty,20605.0,1084.0,1084.0,1082.0
East,Vaibhav Buch,20516.8,1085.0,1085.0,1083.0
East,Kashvi Sekhon,20378.4,1086.0,1086.0,1084.0
East,Divit Swaminathan,20274.0,1087.0,1087.0,1085.0
East,Kabir Borra,20109.6,1088.0,1088.0,1086.0
East,Pari Doctor,20100.0,1089.0,1089.0,1087.0
East,Taran Setty,19871.0,1090.0,1090.0,1088.0
East,Devansh Shukla,19849.6,1091.0,1091.0,1089.0
East,Kashvi Vasa,19719.15,1092.0,1092.0,1090.0
East,Ehsaan Majumdar,19714.4,1093.0,1093.0,1091.0
East,Raghav Gara,19506.0,1094.0,1094.0,1092.0
East,Mohanlal Ghosh,19346.85,1095.0,1095.0,1093.0
East,Samaira Gokhale,19231.8,1096.0,1096.0,1094.0
East,Mamooty Dube,18964.0,1097.0,1097.0,1095.0
East,Ryan De,18913.55,1098.0,1098.0,1096.0
East,Amani Sankaran,18745.2,1099.0,1099.0,1097.0
East,Vaibhav Manda,18658.0,1100.0,1100.0,1098.0
East,Hazel Sinha,18518.4,1101.0,1101.0,1099.0
East,Vedika Krishnan,18400.0,1102.0,1102.0,1100.0
East,Sahil Kale,18325.5,1103.0,1103.0,1101.0
East,Tejas Ramesh,18037.8,1104.0,1104.0,1102.0
East,Divit Hora,17985.4,1105.0,1105.0,1103.0
East,Misha Suri,17978.4,1106.0,1106.0,1104.0
East,Taimur Dash,17788.8,1107.0,1107.0,1105.0
East,Tiya Raja,17685.2,1108.0,1108.0,1106.0
East,Umang Bora,17553.15,1109.0,1109.0,1107.0
East,Indrajit Buch,17419.5,1110.0,1110.0,1108.0
East,Samaira Sethi,17202.0,1111.0,1111.0,1109.0
East,Riaan Choudhry,17149.6,1112.0,1112.0,1110.0
East,Kartik Mani,16946.45,1113.0,1113.0,1111.0
East,Damini Raj,16861.45,1114.0,1114.0,1112.0
East,Jivika Sani,16858.7,1115.0,1115.0,1113.0
East,Nitara Chadha,16640.8,1116.0,1116.0,1114.0
East,Myra Sharaf,16421.4,1117.0,1117.0,1115.0
East,Aaina Lalla,16344.0,1118.0,1118.0,1116.0
East,Mahika Kakar,16252.0,1119.0,1119.0,1117.0
East,Anaya Dara,16150.95,1120.0,1120.0,1118.0
East,Indrans Bakshi,16134.8,1121.0,1121.0,1119.0
East,Aaryahi Hegde,15988.5,1122.0,1122.0,1120.0
East,Riaan Sura,15825.6,1123.0,1123.0,1121.0
East,Taimur Tara,15748.0,1124.0,1124.0,1122.0
East,Fateh Bhattacharyya,15453.9,1125.0,1125.0,1123.0
East,Hazel Reddy,15443.2,1126.0,1126.0,1124.0
East,Kavya Korpal,15415.6,1127.0,1127.0,1125.0
East,Eva Srinivas,15332.3,1128.0,1128.0,1126.0
East,Nayantara Sandhu,15095.0,1129.0,1129.0,1127.0
East,Devansh Sarraf,15005.25,1130.0,1130.0,1128.0
East,Dhanuk Bhatnagar,14966.4,1131.0,1131.0,1129.0
East,Suhana Doshi,14708.8,1132.0,1132.0,1130.0
East,Bhamini Chatterjee,14478.0,1133.0,1133.0,1131.0
East,Tanya Banerjee,14412.6,1134.0,1134.0,1132.0
East,Ivana Sahota,14347.8,1135.0,1135.0,1133.0
East,Tushar Iyengar,14320.8,1136.0,1136.0,1134.0
East,Kiaan Mander,14050.5,1137.0,1137.0,1135.0
East,Mehul Toor,14010.0,1138.0,1138.0,1136.0
East,Dhanush Talwar,13716.0,1139.0,1139.0,1137.0
East,Jayan Desai,13624.8,1140.0,1140.0,1138.0
East,Raghav Mammen,13603.2,1141.0,1141.0,1139.0
East,Khushi Dugal,13598.1,1142.0,1142.0,1140.0
East,Ryan Goswami,13487.8,1143.0,1143.0,1141.0
East,Armaan Agrawal,12992.2,1144.0,1144.0,1142.0
East,Tarini Kuruvilla,12979.2,1145.0,1145.0,1143.0
East,Samarth Chacko,12966.75,1146.0,1146.0,1144.0
East,Fateh Das,12908.8,1147.0,1147.0,1145.0
East,Ehsaan Sawhney,12420.3,1148.0,1148.0,1146.0
East,Diya Dhillon,12396.8,1149.0,1149.0,1147.0
East,Vedika Chokshi,12262.1,1150.0,1150.0,1148.0
East,Nitya Bajwa,12184.7,1151.0,1151.0,1149.0
East,Zara Uppal,12032.0,1152.0,1152.0,1150.0
East,Shalv Mallick,11851.2,1153.0,1153.0,1151.0
East,Diya Mahal,11643.2,1154.0,1154.0,1152.0
East,Prerak Dani,11335.6,1155.0,1155.0,1153.0
East,Mishti Sha,11212.35,1156.0,1156.0,1154.0
East,Tarini Sant,11200.0,1157.0,1157.0,1155.0
East,Ayesha Dhillon,11170.0,1158.0,1158.0,1156.0
East,Alisha Thaker,10963.2,1159.0,1159.0,1157.0
East,Nayantara Goel,10892.7,1160.0,1160.0,1158.0
East,Zaina Dass,10808.0,1161.0,1161.0,1159.0
East,Vidur Mannan,10715.2,1162.0,1162.0,1160.0
East,Anya Raval,10441.8,1163.0,1163.0,1161.0
East,Prisha Chaudhary,10402.5,1164.0,1164.0,1162.0
East,Samarth Sandhu,10381.6,1165.0,1165.0,1163.0
East,Indranil Ramachandran,10311.3,1166.0,1166.0,1164.0
East,Anika Lanka,10276.2,1167.0,1167.0,1165.0
East,Vedika Suri,10030.0,1168.0,1168.0,1166.0
East,Sara Chowdhury,10018.95,1169.0,1169.0,1167.0
East,Vihaan Hora,9962.65,1170.0,1170.0,1168.0
East,Uthkarsh Soman,9658.0,1171.0,1171.0,1169.0
East,Faiyaz Garde,9644.0,1172.0,1172.0,1170.0
East,Kartik Solanki,9544.65,1173.0,1173.0,1171.0
East,Oorja Sur,9478.4,1174.0,1174.0,1172.0
East,Pari Sangha,9456.0,1175.0,1175.0,1173.0
East,Veer Dugar,9435.6,1176.0,1176.0,1174.0
East,Umang Sankar,9413.75,1177.0,1177.0,1175.0
East,Shamik Date,9384.3,1178.0,1178.0,1176.0
East,Eshani Balay,9347.2,1179.0,1179.0,1177.0
East,Zain Dalal,9283.5,1180.0,1180.0,1178.0
East,Dishani Bhatt,9133.0,1181.0,1181.0,1179.0
East,Navya Raval,9070.0,1182.0,1182.0,1180.0
East,Darshit Ahluwalia,8308.8,1183.0,1183.0,1181.0
East,Reyansh Barad,8151.0,1184.0,1184.0,1182.0
East,Lakshay Balakrishnan,7902.0,1185.0,1185.0,1183.0
East,Siya Warrior,7817.0,1186.0,1186.0,1184.0
East,Urvi Shroff,7779.2,1187.0,1187.0,1185.0
East,Baiju Bains,7778.4,1188.0,1188.0,1186.0
East,Lavanya Loke,7659.2,1189.0,1189.0,1187.0
East,Badal Balan,7658.9,1190.0,1190.0,1188.0
East,Misha Singh,7606.8,1191.0,1191.0,1189.0
East,Aaryahi Ganesh,7530.15,1192.0,1192.0,1190.0
East,Yuvaan Din,7259.0,1193.0,1193.0,1191.0
East,Trisha Sankaran,6736.25,1194.0,1194.0,1192.0
East,Manjari Lall,6586.4,1195.0,1195.0,1193.0
East,Azad Sanghvi,6573.6,1196.0,1196.0,1194.0
East,Amira Gupta,6431.2,1197.0,1197.0,1195.0
East,Shaan Dhar,6298.5,1198.0,1198.0,1196.0
East,Samarth Raju,5693.0,1199.0,1199.0,1197.0
East,Rania Date,5688.8,1200.0,1200.0,1198.0
East,Shayak Mandal,5632.95,1201.0,1201.0,1199.0
East,Zeeshan D’Alia,5608.8,1202.0,1202.0,1200.0
East,Reyansh Sarna,5043.9,1203.0,1203.0,1201.0
East,Pihu Das,4975.2,1204.0,1204.0,1202.0
East,Jivin Chakrabarti,4664.0,1205.0,1205.0,1203.0
East,Kartik Rout,4656.0,1206.0,1206.0,1204.0
East,Trisha Srivastava,4555.0,1207.0,1207.0,1205.0
East,Elakshi Chatterjee,4432.0,1208.0,1208.0,1206.0
East,Anay Rau,4420.8,1209.0,1209.0,1207.0
East,Ehsaan Dass,4291.2,1210.0,1210.0,1208.0
East,Priyansh Singhal,4213.45,1211.0,1211.0,1209.0
East,Ira Soni,4096.8,1212.0,1212.0,1210.0
East,Lagan Kothari,4041.3,1213.0,1213.0,1211.0
East,Samarth Basu,4018.5,1214.0,1214.0,1212.0
East,Chirag Varkey,3924.45,1215.0,1215.0,1213.0
East,Hazel Yogi,3832.3,1216.0,1216.0,1214.0
East,Neelofar Maharaj,3644.8,1217.0,1217.0,1215.0
East,Parinaaz Sodhi,3600.0,1218.0,1218.0,1216.0
East,Prerak Raj,3376.2,1219.0,1219.0,1217.0
East,Sara Sarna,3350.4,1220.0,1220.0,1218.0
East,Nirvi Virk,3345.6,1221.0,1221.0,1219.0
East,Manikya Trivedi,3274.0,1222.0,1222.0,1220.0
East,Priyansh Kala,3060.0,1223.0,1223.0,1221.0
East,Oorja Dave,3043.2,1224.0,1224.0,1222.0
East,Kaira Rajagopalan,2989.8,1225.0,1225.0,1223.0
East,Samaira Sastry,2672.0,1226.0,1226.0,1224.0
East,Indrajit Chawla,2668.0,1227.0,1227.0,1225.0
East,Dishani Lad,2500.8,1228.0,1228.0,1226.0
East,Anika Wable,2193.0,1229.0,1229.0,1227.0
East,Divyansh Thakkar,2187.0,1230.0,1230.0,1228.0
East,Faiyaz Sawhney,2178.35,1231.0,1231.0,1229.0
East,Akarsh Viswanathan,2109.0,1232.0,1232.0,1230.0
East,Advik Ramesh,2081.6,1233.0,1233.0,1231.0
East,Sumer Basu,1995.0,1234.0,1234.0,1232.0
East,Nitya Cherian,1889.6,1235.0,1235.0,1233.0
East,Vedika Desai,1608.0,1236.0,1236.0,1234.0
East,Raghav Wali,1537.65,1237.0,1237.0,1235.0
East,Dishani Sastry,1501.2,1238.0,1238.0,1236.0
East,Eva Gopal,1333.8,1239.0,1239.0,1237.0
East,Taimur Doshi,1223.0,1240.0,1240.0,1238.0
East,Aniruddh Lal,1003.0,1241.0,1241.0,1239.0
East,Shaan Bhasin,912.0,1242.0,1242.0,1240.0
East,Zara Raval,850.4,1243.0,1243.0,1241.0
East,Khushi Iyer,566.1,1244.0,1244.0,1242.0
East,Rasha Buch,539.75,1245.0,1245.0,1243.0
East,Navya Sha,485.1,1246.0,1246.0,1244.0
East,Umang Goswami,362.1,1247.0,1247.0,1245.0
East,Jiya Chaudhary,269.45,1248.0,1248.0,1246.0
East,Gatik Chaudhary,264.1,1249.0,1249.0,1247.0
North,Adira Dhingra,479389.0,1.0,1.0,1.0
North,Aniruddh Sarin,391910.0,2.0,2.0,2.0
North,Riya Ghose,382185.0,3.0,3.0,3.0
North,Rania Bir,377297.25,4.0,4.0,4.0
North,Jayant Kothari,373915.0,5.0,5.0,5.0
North,Pranay Dash,373455.0,6.0,6.0,6.0
North,Armaan Thakkar,370685.0,7.0,7.0,7.0
North,Taran Khalsa,367179.75,8.0,8.0,8.0
North,Mannat Yadav,354706.25,9.0,9.0,9.0
North,Zain Hari,353172.0,10.0,10.0,10.0
North,Sahil De,352179.25,11.0,11.0,11.0
North,Indrajit Butala,352051.0,12.0,12.0,12.0
North,Aaina Chander,350240.0,13.0,13.0,13.0
North,Diya Sagar,348222.5,14.0,14.0,14.0
North,Mamooty Choudhry,347787.0,15.0,15.0,15.0
North,Kaira Mall,345000.0,16.0,16.0,16.0
North,Sara Keer,343630.0,17.0,17.0,17.0
North,Armaan Chaudhry,341830.0,18.0,18.0,18.0
North,Vardaniya Tella,339844.5,19.0,19.0,19.0
North,Prerak Jha,338219.0,20.0,20.0,20.0
North,Nirvaan Datta,338067.0,21.0,21.0,21.0
North,Adira Seshadri,337675.25,22.0,22.0,22.0
North,Veer Basu,337454.25,23.0,23.0,23.0
North,Rasha Bora,335573.25,24.0,24.0,24.0
North,Stuvan Apte,333200.0,25.0,25.0,25.0
North,Ritvik Thaker,327411.0,26.0,26.0,26.0
North,Hazel Hayre,324859.5,27.0,27.0,27.0
North,Miraan Soman,323365.75,28.0,28.0,28.0
North,Shlok Dewan,320278.25,29.0,29.0,29.0
North,Anay Sangha,318848.0,30.0,30.0,30.0
North,Prisha Hayre,314068.5,31.0,31.0,31.0
North,Samiha Bhagat,313508.0,32.0,32.0,32.0
North,Mahika Kaul,313452.0,33.0,33.0,33.0
North,Saira Vala,313015.5,34.0,34.0,34.0
North,Charvi Balasubramanian,312912.0,35.0,35.0,35.0
North,Bhavin Agate,311932.0,36.0,36.0,36.0
North,Rati Banerjee,311746.0,37.0,37.0,37.0
North,Nitya Bandi,311170.5,38.0,38.0,38.0
North,Manjari Gill,311072.0,39.0,39.0,39.0
North,Lakshay Chad,308624.0,40.0,40.0,40.0
North,Uthkarsh Viswanathan,307660.0,41.0,41.0,41.0
North,Eva Sahota,306908.0,42.0,42.0,42.0
North,Fateh Iyengar,306705.0,43.0,43.0,43.0
North,Chirag Char,303615.75,44.0,44.0,44.0
North,Kaira Ratta,302160.0,45.0,45.0,45.0
North,Mannat Dugar,300757.5,46.0,46.0,46.0
North,Dharmajan Hayer,300262.5,47.0,47.0,47.0
North,Azad Dhillon,299960.75,48.0,48.0,48.0
North,Vardaniya Master,299560.0,49.0,49.0,49.0
North,Advika Sidhu,296867.4,50.0,50.0,50.0
North,Mohanlal Sampath,296664.0,51.0,51.0,51.0
North,Renee Zachariah,296105.5,52.0,52.0,52.0
North,Priyansh Gour,295357.5,53.0,53.0,53.0
North,Rati Boase,295222.0,54.0,54.0,54.0
North,Nakul Chand,295200.0,55.0,55.0,55.0
North,Pranay Sathe,294756.0,56.0,56.0,56.0
North,Bhamini Kuruvilla,291243.4,57.0,57.0,57.0
North,Tushar Arya,291137.75,58.0,58.0,58.0
North,Ishaan Manne,290836.0,59.0,59.0,59.0
North,Vanya Bir,290548.0,60.0,60.0,60.0
North,Amani Sabharwal,288955.0,61.0,61.0,61.0
North,Yasmin Biswas,288341.25,62.0,62.0,62.0
North,Yasmin Goswami,285570.0,63.0,63.0,63.0
North,Anay Sandhu,285316.0,64.0,64.0,64.0
North,Jayan Handa,284796.0,65.0,65.0,65.0
North,Ehsaan Bhatnagar,283855.25,66.0,66.0,66.0
North,Sana Borde,283394.5,67.0,67.0,67.0
North,Navya Sampath,283214.0,68.0,68.0,68.0
North,Dishani Sethi,282877.2,69.0,69.0,69.0
North,Seher Raja,282750.0,70.0,70.0,70.0
North,Rania Sha,282378.0,71.0,71.0,71.0
North,Dhanush Yogi,281396.0,72.0,72.0,72.0
North,Siya Sathe,280922.6,73.0,73.0,73.0
North,Neelofar Warrior,279892.8,74.0,74.0,74.0
North,Mohanlal Badal,279550.0,75.0,75.0,75.0
North,Ishaan Madan,279183.6,76.0,76.0,76.0
North,Mannat Sodhi,278347.5,77.0,77.0,77.0
North,Lakshay Kurian,277952.0,78.0,78.0,78.0
North,Aaina Maharaj,276288.5,79.0,79.0,79.0
North,Shalv Subramaniam,275673.6,80.0,80.0,80.0
North,Pari Shukla,275228.0,81.0,81.0,81.0
North,Dhanush Ratti,275152.0,82.0,82.0,82.0
North,Samaira Ramakrishnan,274876.8,83.0,83.0,83.0
North,Badal Chaudhari,274576.5,84.0,84.0,84.0
North,Kiara Gara,274276.4,85.0,85.0,85.0
North,Raunak Buch,274244.0,86.0,86.0,86.0
North,Azad Khatri,273413.8,87.0,87.0,87.0
North,Lavanya Tata,273405.25,88.0,88.0,88.0
North,Rhea Sabharwal,272612.0,89.0,89.0,89.0
North,Abram Brar,271944.0,90.0,90.0,90.0
North,Kimaya Iyengar,271760.4,91.0,91.0,91.0
North,Shayak Sekhon,270461.2,92.0,92.0,92.0
North,Lakshay Konda,268276.0,93.0,93.0,93.0
North,Shanaya Ramanathan,268260.0,94.0,94.0,94.0
North,Misha Shere,267615.0,95.0,95.0,95.0
North,Aniruddh Bhavsar,266460.75,96.0,96.0,96.0
North,Khushi Chad,265761.0,97.0,97.0,97.0
North,Siya Dash,265016.0,98.0,98.0,98.0
North,Aarush Mall,263574.8,99.0,99.0,99.0
North,Vidur Dutta,263075.0,100.0,100.0,100.0
North,Sumer Mann,262545.0,101.0,101.0,101.0
North,Miraya Hans,262238.4,102.0,102.0,102.0
North,Azad Sathe,261928.0,103.0,103.0,103.0
North,Sumer Bhandari,261839.0,104.0,104.0,104.0
North,Indranil Kalla,259628.0,105.0,105.0,105.0
North,Anvi Sridhar,259617.2,106.0,106.0,106.0
North,Jivin Jani,259436.0,107.0,107.0,107.0
North,Zeeshan Dash,259178.4,108.0,108.0,108.0
North,Yakshit Chakraborty,259035.8,109.0,109.0,109.0
North,Anya Jayaraman,258475.0,110.0,110.0,110.0
North,Diya Jha,257524.5,111.0,111.0,111.0
North,Fateh Tripathi,255584.2,112.0,112.0,112.0
North,Ivana Vasa,255316.5,113.0,113.0,113.0
North,Tarini Sani,254768.4,114.0,114.0,114.0
North,Sana Ramanathan,254435.6,115.0,115.0,115.0
North,Riaan Bassi,254068.4,116.0,116.0,116.0
North,Heer Lata,253683.2,117.0,117.0,117.0
North,Anya Dyal,253627.2,118.0,118.0,118.0
North,Piya Ranganathan,252908.0,119.0,119.0,119.0
North,Shanaya Kapoor,252507.8,120.0,120.0,120.0
North,Mahika Ganesh,251334.8,121.0,121.0,121.0
North,Yuvaan Thaman,250984.8,122.0,122.0,122.0
North,Heer Johal,250950.4,123.0,123.0,123.0
North,Aaryahi Wadhwa,250899.6,124.0,124.0,124.0
North,Bhamini Chatterjee,250801.0,125.0,125.0,125.0
North,Parinaaz Bhandari,250101.0,126.0,126.0,126.0
North,Armaan Rana,249716.4,127.0,127.0,127.0
North,Adira Bala,249644.0,128.0,128.0,128.0
North,Madhup Saxena,249346.8,129.0,129.0,129.0
North,Jiya Chanda,248260.0,130.0,130.0,130.0
North,Jivika Magar,247178.6,131.0,131.0,131.0
North,Ojas Balakrishnan,246460.4,132.0,132.0,132.0
North,Purab Bala,245956.5,133.0,133.0,133.0
North,Indranil Khurana,244614.4,134.0,134.0,134.0
North,Piya Rajagopalan,244587.0,135.0,135.0,135.0
North,Aaryahi Madan,244425.6,136.0,136.0,136.0
North,Jayan Walla,244248.0,137.0,137.0,137.0
North,Ritvik Varma,243910.8,138.0,138.0,138.0
North,Indrajit Kaul,243252.0,139.0,139.0,139.0
North,Anika Thaker,243212.0,140.0,140.0,140.0
North,Siya Thaker,243113.6,141.0,141.0,141.0
North,Ishita Choudhary,242564.5,142.0,142.0,142.0
North,Mahika Bail,241362.0,143.0,143.0,143.0
North,Priyansh Lata,240496.0,144.0,144.0,144.0
North,Anvi Kalita,239988.0,145.0,145.0,145.0
North,Indrans Ram,239296.5,146.0,146.0,146.0
North,Alia Ravi,236819.8,147.0,147.0,147.0
North,Indranil Master,236803.2,148.0,148.0,148.0
North,Eshani Chana,236648.8,149.0,149.0,149.0
North,Fateh Khanna,236048.0,150.0,150.0,150.0
North,Anahita Gokhale,236034.0,151.0,151.0,151.0
North,Faiyaz Soni,236025.6,152.0,152.0,152.0
North,Akarsh Swamy,235716.0,153.0,153.0,153.0
North,Vivaan Bobal,234604.8,154.0,154.0,154.0
North,Tiya Sarna,233667.0,155.0,155.0,155.0
North,Samiha Setty,233172.0,156.0,156.0,156.0
North,Shray Sarma,233160.0,157.0,157.0,157.0
North,Kaira Gaba,233107.2,158.0,158.0,158.0
North,Kiara Bahl,233049.25,159.0,159.0,159.0
North,Diya Borah,232669.25,160.0,160.0,160.0
North,Gokul Baral,230403.6,161.0,161.0,161.0
North,Aaina Shenoy,229612.2,162.0,162.0,162.0
North,Aaryahi Chada,229376.75,163.0,163.0,163.0
North,Dharmajan Sridhar,228886.4,164.0,164.0,164.0
North,Elakshi Dugar,228305.0,165.0,165.0,165.0
North,Divij Doctor,226933.0,166.0,166.0,166.0
North,Aarna Dugar,226674.75,167.0,167.0,167.0
North,Raghav Bhargava,226355.55,168.0,168.0,168.0
North,Vanya Anand,225845.0,169.0,169.0,169.0
North,Ritvik Bajaj,224493.5,170.0,170.0,170.0
North,Purab Gole,224043.0,171.0,171.0,171.0
North,Suhana Mani,223760.0,172.0,172.0,172.0
North,Aaryahi Ben,223595.8,173.0,173.0,173.0
North,Arhaan Char,222145.8,174.0,174.0,174.0
North,Hiran Halder,221337.0,175.0,175.0,175.0
North,Vihaan Dani,221072.0,176.0,176.0,176.0
North,Umang Gulati,220789.2,177.0,177.0,177.0
North,Piya Sani,219256.2,178.0,178.0,178.0
North,Adira Tank,218351.4,179.0,179.0,179.0
North,Purab Yohannan,216853.65,180.0,180.0,180.0
North,Hazel Chatterjee,216543.0,181.0,181.0,181.0
North,Baiju Kakar,216523.05,182.0,182.0,182.0
North,Sumer Sanghvi,216061.2,183.0,183.0,183.0
North,Jivin Sarkar,215780.0,184.0,184.0,184.0
North,Kiaan Desai,215186.4,185.0,185.0,185.0
North,Emir Shere,215092.8,186.0,186.0,186.0
North,Farhan Dave,214496.0,187.0,187.0,187.0
North,Vaibhav Viswanathan,214110.0,188.0,188.0,188.0
North,Vanya Dhar,213670.4,189.0,189.0,189.0
North,Alisha Sampath,212310.0,190.0,190.0,190.0
North,Romil Sankar,212129.4,191.0,191.0,191.0
North,Gokul Kale,210427.2,192.0,192.0,192.0
North,Vritika Subramaniam,210280.5,193.0,193.0,193.0
North,Dhanush Jayaraman,209897.75,194.0,194.0,194.0
North,Lakshay Sahota,208903.5,195.0,195.0,195.0
North,Ela Srivastava,208549.2,196.0,196.0,196.0
North,Lakshay Mall,208059.5,197.0,197.0,197.0
North,Advik Bhatnagar,208029.6,198.0,198.0,198.0
North,Hiran Sharaf,207242.5,199.0,199.0,199.0
North,Jayan Thakkar,206766.0,200.0,200.0,200.0
North,Zeeshan Gala,206729.5,201.0,201.0,201.0
North,Onkar Guha,206371.2,202.0,202.0,202.0
North,Umang Shanker,205776.0,203.0,203.0,203.0
North,Sana Chaudhry,205100.8,204.0,204.0,204.0
North,Divij Mallick,204681.0,205.0,205.0,205.0
North,Hunar Sachdev,204336.0,206.0,206.0,206.0
North,Sumer Dalal,204116.0,207.0,207.0,207.0
North,Advika Sachar,203583.0,208.0,208.0,208.0
North,Yakshit Tank,203480.0,209.0,209.0,209.0
North,Saanvi Dara,203304.75,210.0,210.0,210.0
North,Stuvan Hayer,203232.0,211.0,211.0,211.0
North,Sahil Raj,202403.7,212.0,212.0,212.0
North,Kanav Acharya,202176.0,213.0,213.0,213.0
North,Rhea Loke,202150.4,214.0,214.0,214.0
North,Arnav Badami,201636.0,215.0,215.0,215.0
North,Shalv Gupta,199946.5,216.0,216.0,216.0
North,Biju Malhotra,199848.6,217.0,217.0,217.0
North,Stuvan Srinivas,199049.4,218.0,218.0,218.0
North,Nayantara Issac,199036.4,219.0,219.0,219.0
North,Tarini Thaman,198934.4,220.0,220.0,220.0
North,Aaina Lanka,198667.8,221.0,221.0,221.0
North,Romil Dugal,198224.0,222.0,222.0,222.0
North,Drishya Brar,197305.6,223.0,223.0,223.0
North,Diya Divan,196956.0,224.0,224.0,224.0
North,Lakshit Salvi,196514.1,225.0,225.0,225.0
North,Navya Mann,196387.2,226.0,226.0,226.0
North,Tarini Sarna,195771.15,227.0,227.0,227.0
North,Hrishita Bhargava,195399.0,228.0,228.0,228.0
North,Lagan Chatterjee,195304.5,229.0,229.0,229.0
North,Vritika Divan,193808.55,230.0,230.0,230.0
North,Aradhya Choudhry,193602.0,231.0,231.0,231.0
North,Abram Mani,193075.8,232.0,232.0,232.0
North,Ishita Bala,192984.0,233.0,233.0,233.0
North,Fateh Sahota,192607.2,234.0,234.0,234.0
North,Saira Kakar,192332.25,235.0,235.0,235.0
North,Zaina Chokshi,192312.0,236.0,236.0,236.0
North,Miraya Goel,191932.2,237.0,237.0,237.0
North,Zeeshan Bal,191688.0,238.0,238.0,238.0
North,Yasmin Kala,191451.6,239.0,239.0,239.0
North,Ranbir Balakrishnan,191217.0,240.0,240.0,240.0
North,Rati Handa,191142.0,241.0,241.0,241.0
North,Vivaan Edwin,190956.0,242.0,242.0,242.0
North,Kiara Kuruvilla,190560.0,243.0,243.0,243.0
North,Riya Ray,189935.4,244.0,244.0,244.0
North,Manjari Trivedi,189040.0,245.0,245.0,245.0
North,Drishya Bahl,188732.0,246.0,246.0,246.0
North,Raunak Badami,187968.0,247.0,247.0,247.0
North,Seher Agate,187878.0,248.0,248.0,248.0
North,Baiju Dube,187425.5,249.0,249.0,249.0
North,Tejas Vora,186736.5,250.0,250.0,250.0
North,Samarth Sagar,186270.3,251.0,251.0,251.0
North,Kiaan Bhat,186052.0,252.0,252.0,252.0
North,Khushi Baral,184730.4,253.0,253.0,253.0
North,Renee Borah,184662.5,254.0,254.0,254.0
North,Ishita Vyas,184654.0,255.0,255.0,255.0
North,Bhamini Gulati,184491.0,256.0,256.0,256.0
North,Himmat Sandhu,184080.0,257.0,257.0,257.0
North,Urvi Vora,183584.7,258.0,258.0,258.0
North,Anvi Behl,183094.25,259.0,259.0,259.0
North,Prerak Sahni,182707.2,260.0,260.0,260.0
North,Dishani Dugar,182567.25,261.0,261.0,261.0
North,Keya Vohra,182362.0,262.0,262.0,262.0
North,Zain Mani,182130.2,263.0,263.0,263.0
North,Aarav Bahri,181929.6,264.0,264.0,264.0
North,Yashvi Gade,181773.6,265.0,265.0,265.0
North,Ojas Doshi,181580.0,266.0,266.0,266.0
North,Renee Ganesan,181065.0,267.0,267.0,267.0
North,Shanaya Raju,180022.5,268.0,268.0,268.0
North,Siya Chakrabarti,179933.8,269.0,269.0,269.0
North,Shanaya Gokhale,179721.0,270.0,270.0,270.0
North,Taran Sahni,179430.75,271.0,271.0,271.0
North,Damini Kumar,179376.0,272.0,272.0,272.0
North,Arhaan Bansal,179254.4,273.0,273.0,273.0
North,Kavya Hegde,179220.0,274.0,274.0,274.0
North,Shalv Ahluwalia,178886.75,275.0,275.0,275.0
North,Nehmat Tiwari,177648.0,276.0,276.0,276.0
North,Aaina Comar,177551.2,277.0,277.0,277.0
North,Abram Datta,177471.4,278.0,278.0,278.0
North,Samar Sant,177063.3,279.0,279.0,279.0
North,Kanav Shankar,176760.0,280.0,280.0,280.0
North,Riaan Kalita,176608.0,281.0,281.0,281.0
North,Adah Basak,176352.0,282.0,282.0,282.0
North,Nitara Sahota,175645.5,283.0,283.0,283.0
North,Shlok Venkataraman,175054.5,284.0,284.0,284.0
North,Samar Upadhyay,174989.5,285.0,285.0,285.0
North,Anvi Trivedi,174742.4,286.0,286.0,286.0
North,Tejas Bora,174705.0,287.0,287.0,287.0
North,Lagan Kaul,174633.75,288.0,288.0,288.0
North,Keya Kalla,174627.0,289.0,289.0,289.0
North,Raghav Kaur,174264.0,290.0,290.0,290.0
North,Armaan Sem,173548.0,291.0,291.0,291.0
North,Indrans Dhar,173167.2,292.0,292.0,292.0
North,Anya Sarraf,172624.8,293.0,293.0,293.0
North,Rati Chhabra,172070.6,294.0,294.0,294.0
North,Samaira Jain,172009.6,295.0,295.0,295.0
North,Neelofar Saraf,171105.0,296.0,296.0,296.0
North,Jayant Karnik,170736.0,297.0,297.0,297.0
North,Aarav Choudhry,169692.8,298.0,298.0,298.0
North,Ritvik Salvi,169640.0,299.0,299.0,299.0
North,Taimur Banerjee,169227.0,300.0,300.0,300.0
North,Arhaan Dhaliwal,168936.0,301.0,301.0,301.0
North,Miraan Mahajan,167870.7,302.0,302.0,302.0
North,Rati Raju,167700.0,303.0,303.0,303.0
North,Inaaya  Zacharia,167598.75,304.0,304.0,304.0
North,Pari Chandra,167572.8,305.0,305.0,305.0
North,Riaan Ray,167571.0,306.0,306.0,306.0
North,Renee Luthra,167464.8,307.0,307.0,307.0
North,Baiju Ben,167340.0,308.0,308.0,308.0
North,Purab Sarraf,166620.0,309.0,309.0,309.0
North,Hunar Bedi,166433.4,310.0,310.0,310.0
North,Dhanuk Din,166028.8,311.0,311.0,311.0
North,Taran Dhingra,165790.8,312.0,312.0,312.0
North,Stuvan Krish,164844.0,313.0,313.0,313.0
North,Zara Swaminathan,164584.65,314.0,314.0,314.0
North,Pari Kalita,163229.0,315.0,315.0,315.0
North,Yasmin Borde,162702.75,316.0,316.0,316.0
North,Anahi Varkey,162521.6,317.0,317.0,317.0
North,Yuvraj  Hayre,162175.5,318.0,318.0,318.0
North,Priyansh Mahajan,162108.0,319.0,319.0,319.0
North,Veer D’Alia,161514.0,320.0,320.0,320.0
North,Jivin Shukla,161265.4,321.0,321.0,321.0
North,Zoya Joshi,160286.2,322.0,322.0,322.0
North,Mamooty Bhat,159908.4,323.0,323.0,323.0
North,Fateh Shroff,159880.0,324.0,324.0,324.0
North,Dhanuk Soni,159698.0,325.0,325.0,325.0
North,Gokul Hayer,159454.05,326.0,326.0,326.0
North,Nirvi Sharma,159304.8,327.0,327.0,327.0
North,Aayush Sur,158786.8,328.0,328.0,328.0
North,Charvi Mallick,158716.0,329.0,329.0,329.0
North,Riya Acharya,158184.5,330.0,330.0,330.0
North,Kismat Tara,158157.9,331.0,331.0,331.0
North,Mamooty Wagle,158108.4,332.0,332.0,332.0
North,Kiaan Luthra,157753.6,333.0,333.0,333.0
North,Navya Bhardwaj,157689.6,334.0,334.0,334.0
North,Raghav Grewal,157665.6,335.0,335.0,335.0
North,Umang Bail,157221.2,336.0,336.0,336.0
North,Indranil Bath,157103.4,337.0,337.0,337.0
North,Trisha Rau,157072.35,338.0,338.0,338.0
North,Saanvi Bala,156822.0,339.0,339.0,339.0
North,Aaryahi Babu,156810.8,340.0,340.0,340.0
North,Tejas Jayaraman,156618.0,341.0,341.0,341.0
North,Parinaaz Rama,156367.2,342.0,342.0,342.0
North,Anvi Sehgal,156028.5,343.0,343.0,343.0
North,Purab Dixit,155898.0,344.0,344.0,344.0
North,Anay Sharaf,155873.7,345.0,345.0,345.0
North,Keya Borah,155600.5,346.0,346.0,346.0
North,Amani Apte,154908.8,347.0,347.0,347.0
North,Samar Dhawan,154824.0,348.0,348.0,348.0
North,Siya Mammen,154557.0,349.0,349.0,349.0
North,Sahil Hegde,153416.7,350.0,350.0,350.0
North,Ranbir Kara,152312.55,351.0,351.0,351.0
North,Samarth Khare,151915.0,352.0,352.0,352.0
North,Ishita Manda,151865.1,353.0,353.0,353.0
North,Advik Sule,150776.1,354.0,354.0,354.0
North,Umang Gupta,150564.75,355.0,355.0,355.0
North,Zaina Sastry,150540.0,356.0,356.0,356.0
North,Kavya Sangha,150494.0,357.0,357.0,357.0
North,Ayesha Grover,150425.6,358.0,358.0,358.0
North,Azad Khurana,150129.0,359.0,359.0,359.0
North,Ishita Keer,149940.0,360.0,360.0,360.0
North,Shalv Lad,149425.5,361.0,361.0,361.0
North,Hrishita Reddy,148505.6,362.0,362.0,362.0
North,Uthkarsh Jani,147658.5,363.0,363.0,363.0
North,Keya Kunda,147564.8,364.0,364.0,364.0
North,Jayant Dugar,147440.0,365.0,365.0,365.0
North,Taimur Talwar,147385.0,366.0,366.0,366.0
North,Aarna Anand,147248.0,367.0,367.0,367.0
North,Kimaya Dua,147096.0,368.0,368.0,368.0
North,Ritvik Lad,145915.2,369.0,369.0,369.0
North,Lavanya Varma,145764.0,370.0,370.0,370.0
North,Parinaaz Dayal,145482.0,371.0,371.0,371.0
North,Anahi Choudhry,144988.2,372.0,372.0,372.0
North,Shaan Varty,144962.0,373.0,373.0,373.0
North,Veer Luthra,143985.75,374.0,374.0,374.0
North,Riaan Hayre,143047.8,375.0,375.0,375.0
North,Myra Baria,142270.2,376.0,376.0,376.0
North,Aradhya Jayaraman,142240.0,377.0,377.0,377.0
North,Raghav Sachdeva,142130.2,378.0,378.0,378.0
North,Nayantara Mammen,142120.8,379.0,379.0,379.0
North,Parinaaz Sankaran,141801.6,380.0,380.0,380.0
North,Yasmin Contractor,141650.0,381.0,381.0,381.0
North,Anay Sandal,140908.5,382.0,382.0,382.0
North,Nishith Vala,140896.8,383.0,383.0,383.0
North,Jayant Kota,140706.0,384.0,384.0,384.0
North,Kismat Chand,140633.25,385.0,385.0,385.0
North,Drishya Gill,140459.4,386.0,386.0,386.0
North,Manikya Ravel,140425.2,387.0,387.0,387.0
North,Myra Anand,140262.0,388.0,388.0,388.0
North,Dhanuk Atwal,139930.0,389.0,389.0,389.0
North,Ritvik Shah,139745.0,390.0,390.0,390.0
North,Aarush Mandal,139612.5,391.0,391.0,391.0
North,Hunar Sarma,139545.0,392.0,392.0,392.0
North,Samaira Vaidya,139448.0,393.0,393.0,393.0
North,Raunak Tara,139334.4,394.0,394.0,394.0
North,Samaira Goel,139236.0,395.0,395.0,395.0
North,Lakshit Kar,138662.4,396.0,396.0,396.0
North,Kanav Gaba,138358.8,397.0,397.0,397.0
North,Dhanuk Saxena,138204.0,398.0,398.0,398.0
North,Jivika Dey,137878.0,399.0,399.0,399.0
North,Ritvik Grewal,137672.1,400.0,400.0,400.0
North,Samar Jayaraman,137560.0,401.0,401.0,401.0
North,Nitya Bobal,137345.55,402.0,402.0,402.0
North,Alia Rau,137109.6,403.0,403.0,403.0
North,Badal Tank,136937.75,404.0,404.0,404.0
North,Vedika Tank,136688.4,405.0,405.0,405.0
North,Samarth Toor,136630.9,406.0,406.0,406.0
North,Hansh Krish,136432.0,407.0,407.0,407.0
North,Fateh Madan,136400.4,408.0,408.0,408.0
North,Bhavin Tara,136379.7,409.0,409.0,409.0
North,Urvi Mammen,135704.0,410.0,410.0,410.0
North,Aarav Kadakia,135675.0,411.0,411.0,411.0
North,Neelofar Jhaveri,135523.8,412.0,412.0,412.0
North,Amira Varghese,135017.4,413.0,413.0,413.0
North,Kanav Luthra,134684.2,414.0,414.0,414.0
North,Shanaya Shan,134650.8,415.0,415.0,415.0
North,Oorja Hegde,134181.0,416.0,416.0,416.0
North,Lakshay Balay,133929.0,417.0,417.0,417.0
North,Vanya Shan,133846.2,418.0,418.0,418.0
North,Dhruv Kata,133798.5,419.0,419.0,419.0
North,Vedika Atwal,133235.6,420.0,420.0,420.0
North,Ivan Varughese,132170.0,421.0,421.0,421.0
North,Samarth Koshy,131567.25,422.0,422.0,422.0
North,Rati Bawa,131151.3,423.0,423.0,423.0
North,Shamik Vyas,130842.0,424.0,424.0,424.0
North,Saanvi Gulati,130779.0,425.0,425.0,425.0
North,Samarth Raval,130515.75,426.0,426.0,426.0
North,Mohanlal Roy,129953.1,427.0,427.0,427.0
North,Dhanush Tandon,129704.0,428.0,428.0,428.0
North,Arhaan Gole,129671.2,429.0,429.0,429.0
North,Ira Bains,129648.6,430.0,430.0,430.0
North,Seher Dugar,129052.1,431.0,431.0,431.0
North,Ahana  Chaudhry,129021.6,432.0,432.0,432.0
North,Seher Chacko,128771.6,433.0,433.0,433.0
North,Vedika Kaur,128592.0,434.0,434.0,434.0
North,Lakshit Deo,128577.6,435.0,435.0,435.0
North,Saanvi Seth,128486.4,436.0,436.0,436.0
North,Inaaya  Mand,128282.0,437.0,437.0,437.0
North,Trisha Majumdar,127963.8,438.0,438.0,438.0
North,Reyansh Handa,127944.0,439.0,439.0,439.0
North,Abram Lata,127910.0,440.0,440.0,440.0
North,Vedika Johal,127828.2,441.0,441.0,441.0
North,Zara Chada,127712.0,442.0,442.0,442.0
North,Ishita Subramaniam,127513.6,443.0,443.0,443.0
North,Farhan Kala,127485.6,444.0,444.0,444.0
North,Jayant Sane,127176.0,445.0,445.0,445.0
North,Rasha Johal,127152.75,446.0,446.0,446.0
North,Heer Chatterjee,125907.3,447.0,447.0,447.0
North,Alia Suri,125893.5,448.0,448.0,448.0
North,Ira Ray,125687.85,449.0,449.0,449.0
North,Ishita Trivedi,124858.8,450.0,450.0,450.0
North,Yakshit Dara,124092.8,451.0,451.0,451.0
North,Madhav Sahni,124005.6,452.0,452.0,452.0
North,Jivin Bora,123892.6,453.0,453.0,453.0
North,Reyansh Bahri,123560.0,454.0,454.0,454.0
North,Jivin Chandran,123559.2,455.0,455.0,455.0
North,Aradhya Setty,123422.4,456.0,456.0,456.0
North,Heer Solanki,123082.95,457.0,457.0,457.0
North,Azad Bhardwaj,123033.6,458.0,458.0,458.0
North,Azad Ravel,122979.2,459.0,459.0,459.0
North,Chirag Johal,122958.0,460.0,460.0,460.0
North,Indranil Gokhale,122458.8,461.0,461.0,461.0
North,Lakshay Kari,122288.4,462.0,462.0,462.0
North,Saira Chacko,121954.5,463.0,463.0,463.0
North,Navya Kapur,121609.5,464.0,464.0,464.0
North,Zara Chander,121444.6,465.0,465.0,465.0
North,Umang Hora,121176.0,466.0,466.0,466.0
North,Pihu Sengupta,120636.7,467.0,467.0,467.0
North,Dishani Lad,120630.0,468.0,468.0,468.0
North,Mohanlal Dada,120615.8,469.0,469.0,469.0
North,Mohanlal Bath,120297.1,470.0,470.0,470.0
North,Farhan Yadav,120190.2,471.0,471.0,471.0
North,Manikya Gupta,120103.2,472.0,472.0,472.0
North,Prerak Dora,120024.0,473.0,473.0,473.0
North,Charvi Shenoy,119981.2,474.0,474.0,474.0
North,Raghav Grover,119948.0,475.0,475.0,475.0
North,Mishti Yogi,119936.7,476.0,476.0,476.0
North,Hunar Dora,119878.6,477.0,477.0,477.0
North,Zain Sarkar,119124.0,478.0,478.0,478.0
North,Dharmajan Lal,119003.4,479.0,479.0,479.0
North,Rohan Dada,118796.8,480.0,480.0,480.0
North,Saksham Srivastava,118728.0,481.0,481.0,481.0
North,Raghav Sura,118465.6,482.0,482.0,482.0
North,Indrans Ahluwalia,118184.0,483.0,483.0,483.0
North,Jayan Bawa,118064.0,484.0,484.0,484.0
North,Anya Karpe,118029.0,485.0,485.0,485.0
North,Aaryahi Bal,117718.2,486.0,486.0,486.0
North,Veer Sule,117605.0,487.0,487.0,487.0
North,Lagan Date,116980.2,488.0,488.0,488.0
North,Vanya Saha,116917.5,489.0,489.0,489.0
North,Yuvaan Aurora,116863.1,490.0,490.0,490.0
North,Rania Wali,116742.4,491.0,491.0,491.0
North,Shanaya Raja,116686.6,492.0,492.0,492.0
North,Hridaan Bhatia,116650.5,493.0,493.0,493.0
North,Arhaan Saxena,116472.0,494.0,494.0,494.0
North,Sana Vyas,116460.0,495.0,495.0,495.0
North,Jhanvi Chaudhuri,116459.1,496.0,496.0,496.0
North,Pari Vohra,116016.5,497.0,497.0,497.0
North,Heer Bala,115912.0,498.0,498.0,498.0
North,Yuvaan Kulkarni,115878.8,499.0,499.0,499.0
North,Rohan Ramachandran,115785.0,500.0,500.0,500.0
North,Keya Tandon,115677.6,501.0,501.0,501.0
North,Onkar Keer,115664.4,502.0,502.0,502.0
North,Faiyaz Mand,115526.9,503.0,503.0,503.0
North,Keya Ratti,115369.2,504.0,504.0,504.0
North,Vanya Sekhon,115257.8,505.0,505.0,505.0
North,Aniruddh Varghese,115153.75,506.0,506.0,506.0
North,Ehsaan Talwar,115008.0,507.0,507.0,507.0
North,Uthkarsh Bahl,114960.0,508.0,508.0,508.0
North,Divit Borde,114904.0,509.0,509.0,509.0
North,Ishita Kaur,114471.0,510.0,510.0,510.0
North,Samaira Mane,114280.25,511.0,511.0,511.0
North,Dhanush Agate,114251.9,512.0,512.0,512.0
North,Jhanvi Iyer,113824.0,513.0,513.0,513.0
North,Kashvi Ratti,113738.5,514.0,514.0,514.0
North,Manjari Ahuja,113121.6,515.0,515.0,515.0
North,Drishya Kakar,113101.0,516.0,516.0,516.0
North,Alia Ray,112901.8,517.0,517.0,517.0
North,Nayantara Savant,112822.0,518.0,518.0,518.0
North,Shayak Chaudhary,112759.3,519.0,519.0,519.0
North,Aarush Gupta,112713.6,520.0,520.0,520.0
North,Alia Sibal,112586.4,521.0,521.0,521.0
North,Mamooty Vora,112462.65,522.0,522.0,522.0
North,Aniruddh Batra,112459.25,523.0,523.0,523.0
North,Indrajit Wason,112295.7,524.0,524.0,524.0
North,Ivan Acharya,112039.2,525.0,525.0,525.0
North,Divyansh Sarraf,111753.75,526.0,526.0,526.0
North,Pranay Iyengar,111701.0,527.0,527.0,527.0
North,Riaan Korpal,111412.8,528.0,528.0,528.0
North,Mamooty Hans,111292.5,529.0,529.0,529.0
North,Ela Chandra,111222.5,530.0,530.0,530.0
North,Nitya Rattan,111195.0,531.0,531.0,531.0
North,Vanya Choudhury,111048.0,532.0,532.0,532.0
North,Kavya Mahal,111042.3,533.0,533.0,533.0
North,Myra Dalal,110880.0,534.0,534.0,534.0
North,Shray Seth,110790.0,535.0,535.0,535.0
North,Navya Lad,110514.45,536.0,536.0,536.0
North,Shlok Bhandari,110394.6,537.0,537.0,537.0
North,Khushi Bhasin,110367.4,538.0,538.0,538.0
North,Shayak Tara,109884.8,539.0,539.0,539.0
North,Shlok Singhal,109854.0,540.0,540.0,540.0
North,Nitara Chatterjee,109682.4,541.0,541.0,541.0
North,Kanav Chaudhari,109497.0,542.0,542.0,542.0
North,Ahana  Kumar,109380.0,543.0,543.0,543.0
North,Shamik Agate,109029.6,544.0,544.0,544.0
North,Eshani Kala,108919.4,545.0,545.0,545.0
North,Kanav Hayer,108560.0,546.0,546.0,546.0
North,Lakshit Jha,108345.0,547.0,547.0,547.0
North,Himmat Zachariah,108240.0,548.0,548.0,548.0
North,Miraya Gera,108164.2,549.0,549.0,549.0
North,Pihu Acharya,107553.6,550.0,550.0,550.0
North,Kavya Bhatnagar,107336.0,551.0,551.0,551.0
North,Sana Agarwal,106966.4,552.0,552.0,552.0
North,Ritvik Dash,106686.9,553.0,553.0,553.0
North,Aaryahi Taneja,106037.5,554.0,554.0,554.0
North,Piya Sura,105801.5,555.0,555.0,555.0
North,Manikya Kumer,105429.6,556.0,556.0,556.0
North,Kabir Sandal,105139.8,557.0,557.0,557.0
North,Lakshay Malhotra,105002.2,558.0,558.0,558.0
North,Hridaan Malhotra,104555.1,559.0,559.0,559.0
North,Inaaya  Walla,104535.0,560.0,560.0,560.0
North,Ryan Banik,103652.6,561.0,561.0,561.0
North,Ranbir Khalsa,103464.0,562.0,562.0,562.0
North,Devansh Rao,103406.4,563.0,563.0,563.0
North,Bhavin Krishnan,103364.0,564.0,564.0,564.0
North,Anahita Datta,102839.8,565.0,565.0,565.0
North,Seher Bhardwaj,102676.0,566.0,566.0,566.0
North,Myra Wason,102623.9,567.0,567.0,567.0
North,Manikya Tella,102535.5,568.0,568.0,568.0
North,Nitara Srinivas,102420.0,569.0,569.0,569.0
North,Armaan Kalita,102272.4,570.0,570.0,570.0
North,Jhanvi Sem,102193.8,571.0,571.0,571.0
North,Heer Banik,102049.2,572.0,572.0,572.0
North,Lavanya Desai,101957.5,573.0,573.0,573.0
North,Kanav Jhaveri,101564.0,574.0,574.0,574.0
North,Darshit Gera,101235.0,575.0,575.0,575.0
North,Aaina Raval,101161.7,576.0,576.0,576.0
North,Adira Boase,101031.0,577.0,577.0,577.0
North,Alisha Devi,101012.0,578.0,578.0,578.0
North,Nehmat Hegde,100755.6,579.0,579.0,579.0
North,Shanaya Bains,100686.75,580.0,580.0,580.0
North,Lakshay Devan,100515.0,581.0,581.0,581.0
North,Lavanya Yogi,100057.8,582.0,582.0,582.0
North,Nehmat Khare,100054.4,583.0,583.0,583.0
North,Khushi Guha,99990.0,584.0,584.0,584.0
North,Nehmat Rattan,99849.5,585.0,585.0,585.0
North,Arnav Karpe,99513.6,586.0,586.0,586.0
North,Kartik Chandran,99368.0,587.0,587.0,587.0
North,Neelofar Borde,99133.8,588.0,588.0,588.0
North,Aarna Tailor,99080.25,589.0,589.0,589.0
North,Amani Madan,98811.0,590.0,590.0,590.0
North,Samiha Golla,98150.0,591.0,591.0,591.0
North,Trisha Bhargava,98009.6,592.0,592.0,592.0
North,Dhanuk Yadav,98005.0,593.0,593.0,593.0
North,Taran Singh,97913.2,594.0,594.0,594.0
North,Miraya Badami,97658.4,595.0,595.0,595.0
North,Anahi Sahni,97529.0,596.0,596.0,596.0
North,Sahil Kuruvilla,97488.0,597.0,597.0,597.0
North,Siya Dutta,97430.4,598.0,598.0,598.0
North,Hunar Lalla,97338.9,599.0,599.0,599.0
North,Ritvik Sandhu,97323.7,600.0,600.0,600.0
North,Shlok Thakkar,97131.0,601.0,601.0,601.0
North,Kanav Suresh,96892.8,602.0,602.0,602.0
North,Aradhya Bansal,96696.0,603.0,603.0,603.0
North,Riya Dhawan,96681.6,604.0,604.0,604.0
North,Mishti Grover,96575.1,605.0,605.0,605.0
North,Divij Varma,96417.0,606.0,606.0,606.0
North,Kimaya Aurora,96287.4,607.0,607.0,607.0
North,Lakshay Ramakrishnan,96224.0,608.0,608.0,608.0
North,Drishya Ahluwalia,96155.2,609.0,609.0,609.0
North,Vaibhav Gokhale,95488.0,610.0,610.0,610.0
North,Baiju Thakur,95448.2,611.0,611.0,611.0
North,Faiyaz Aggarwal,95412.5,612.0,612.0,612.0
North,Jivin Shah,95293.8,613.0,613.0,613.0
North,Vritika Gala,95052.0,614.0,614.0,614.0
North,Jiya Vyas,94970.0,615.0,615.0,615.0
North,Anahi Aggarwal,94965.8,616.0,616.0,616.0
North,Lagan Chanda,94900.5,617.0,617.0,617.0
North,Ishaan Gopal,94601.6,618.0,618.0,618.0
North,Khushi Kale,94559.2,619.0,619.0,619.0
North,Navya Sachar,94184.25,620.0,620.0,620.0
North,Anahi Bail,94159.6,621.0,621.0,621.0
North,Vedika Khalsa,93979.2,622.0,622.0,622.0
North,Taimur Comar,93244.0,623.0,623.0,623.0
North,Lagan Walla,92333.8,624.0,624.0,624.0
North,Badal Rama,91956.0,625.0,625.0,625.0
North,Aarav Bhatia,91941.0,626.0,626.0,626.0
North,Alisha Walla,91874.4,627.0,627.0,627.0
North,Seher Lall,91776.0,628.0,628.0,628.0
North,Anvi Kapoor,91439.6,629.0,629.0,629.0
North,Nirvaan Bawa,90582.4,630.0,630.0,630.0
North,Neysa Baral,90315.0,631.0,631.0,631.0
North,Vritika Devi,90020.7,632.0,632.0,632.0
North,Ritvik Agarwal,90019.25,633.0,633.0,633.0
North,Jivin Sheth,89915.55,634.0,634.0,634.0
North,Ritvik Bail,89860.8,635.0,635.0,635.0
North,Nayantara Wali,89855.0,636.0,636.0,636.0
North,Baiju Kuruvilla,89628.0,637.0,637.0,637.0
North,Ryan Tank,89578.8,638.0,638.0,638.0
North,Veer Bhakta,89572.0,639.0,639.0,639.0
North,Navya Bahl,89459.1,640.0,640.0,640.0
North,Inaaya  Viswanathan,89174.4,641.0,641.0,641.0
North,Hazel Sundaram,89147.2,642.0,642.0,642.0
North,Vivaan Suresh,88933.5,643.0,643.0,643.0
North,Shaan Bath,88794.6,644.0,644.0,644.0
North,Raghav Hegde,88788.45,645.0,645.0,645.0
North,Manikya Gara,88666.9,646.0,646.0,646.0
North,Veer Bhardwaj,88530.5,647.0,647.0,647.0
North,Eva Varghese,88359.2,648.0,648.0,648.0
North,Himmat Mannan,88210.8,649.0,649.0,649.0
North,Damini Hora,88115.4,650.0,650.0,650.0
North,Trisha Lad,88092.8,651.0,651.0,651.0
North,Zain Goda,88081.2,652.0,652.0,652.0
North,Stuvan Tiwari,87711.6,653.0,653.0,653.0
North,Yashvi Khurana,87667.3,654.0,654.0,654.0
North,Divyansh Bhattacharyya,87038.4,655.0,655.0,655.0
North,Nakul Singh,86948.2,656.0,656.0,656.0
North,Lakshay Devi,86927.8,657.0,657.0,657.0
North,Ritvik Bhatnagar,86835.2,658.0,658.0,658.0
North,Ishita Sarin,86415.25,659.0,659.0,659.0
North,Trisha Balan,86414.4,660.0,660.0,660.0
North,Sumer Chowdhury,86341.7,661.0,661.0,661.0
North,Anay Bhakta,86302.75,662.0,662.0,662.0
North,Ira Loke,86230.8,663.0,663.0,663.0
North,Aaina Ramaswamy,86202.0,664.0,664.0,664.0
North,Dhanush Tara,85952.0,665.0,665.0,665.0
North,Badal Desai,85286.4,666.0,666.0,666.0
North,Taran Deo,85120.7,667.0,667.0,667.0
North,Biju Deshpande,84677.4,668.0,668.0,668.0
North,Yasmin Sur,84601.6,669.0,669.0,669.0
North,Saanvi Dugar,84473.0,670.0,670.0,670.0
North,Sara Choudhury,84280.0,671.0,671.0,671.0
North,Vidur Deol,84068.0,672.0,672.0,672.0
North,Samiha Upadhyay,83497.5,673.0,673.0,673.0
North,Chirag Chaudhry,83410.0,674.0,674.0,674.0
North,Dhanush Varughese,83299.2,675.0,675.0,675.0
North,Vihaan Dash,83269.4,676.0,676.0,676.0
North,Akarsh Balan,83244.0,677.0,677.0,677.0
North,Devansh Lad,83095.2,678.0,678.0,678.0
North,Vedika Dasgupta,83078.4,679.0,679.0,679.0
North,Jayan Bhatnagar,82995.3,680.0,680.0,680.0
North,Romil Chana,82892.0,681.0,681.0,681.0
North,Trisha Gandhi,82582.4,682.0,682.0,682.0
North,Vanya Upadhyay,82570.5,683.0,683.0,683.0
North,Rasha Golla,82560.0,684.0,684.0,684.0
North,Kartik Dua,82105.2,685.0,685.0,685.0
North,Mehul Suri,82060.8,686.0,686.0,686.0
North,Tushar Aurora,81724.8,687.0,687.0,687.0
North,Kismat Das,81539.2,688.0,688.0,688.0
North,Vanya Joshi,81329.7,689.0,689.0,689.0
North,Charvi Lala,81200.0,690.0,690.0,690.0
North,Ojas Viswanathan,81152.8,691.0,691.0,691.0
North,Keya Basu,81067.2,692.0,692.0,692.0
North,Kashvi Manne,80886.0,693.0,693.0,693.0
North,Aarush Thakkar,80761.6,694.0,694.0,694.0
North,Yasmin Sachdeva,80742.0,695.0,695.0,695.0
North,Aarav Bal,80529.0,696.0,696.0,696.0
North,Sana Trivedi,80015.0,697.0,697.0,697.0
North,Kismat Batra,79625.0,698.0,698.0,698.0
North,Zoya Reddy,79619.5,699.0,699.0,699.0
North,Rasha Buch,79316.8,700.0,700.0,700.0
North,Gokul Kari,79212.0,701.0,701.0,701.0
North,Aarav Handa,79061.9,702.0,702.0,702.0
North,Purab Chaudhari,78795.0,703.0,703.0,703.0
North,Jivin Choudhry,78713.4,704.0,704.0,704.0
North,Aradhya Ganguly,78622.95,705.0,705.0,705.0
North,Lavanya Sabharwal,78441.6,706.0,706.0,706.0
North,Parinaaz Date,78195.2,707.0,707.0,707.0
North,Rati Grewal,78099.2,708.0,708.0,708.0
North,Miraan Dugar,77976.0,709.0,709.0,709.0
North,Yuvraj  Bhardwaj,77892.0,710.0,710.0,710.0
North,Dhanuk Rama,77499.0,711.0,711.0,711.0
North,Anahi Sarin,77064.0,712.0,712.0,712.0
North,Kismat Jaggi,76977.0,713.0,713.0,713.0
North,Taran Chaudhary,76783.75,714.0,714.0,714.0
North,Fateh Gandhi,76692.0,715.0,715.0,715.0
North,Manikya Chacko,76677.3,716.0,716.0,716.0
North,Heer Dara,76535.8,717.0,717.0,717.0
North,Gokul Bhagat,76432.0,718.0,718.0,718.0
North,Sahil Srivastava,76244.0,719.0,719.0,719.0
North,Fateh Jha,76150.4,720.0,720.0,720.0
North,Neelofar Goswami,76108.8,721.0,721.0,721.0
North,Baiju Barman,75977.2,722.0,722.0,722.0
North,Rania Bal,75896.45,723.0,723.0,723.0
North,Anay Anand,75877.8,724.0,724.0,724.0
North,Hazel Ratti,75696.0,725.0,725.0,725.0
North,Aarna Kunda,75633.6,726.0,726.0,726.0
North,Charvi Chana,75373.2,727.0,727.0,727.0
North,Azad Baral,75176.0,728.0,728.0,728.0
North,Hazel Ramachandran,74993.8,729.0,729.0,729.0
North,Shaan Master,74924.0,730.0,730.0,730.0
North,Charvi Vaidya,74728.6,731.0,731.0,731.0
North,Krish Subramaniam,74632.0,732.0,732.0,732.0
North,Advika Brahmbhatt,74393.1,733.0,733.0,733.0
North,Aarush Acharya,74205.45,734.0,734.0,734.0
North,Ryan Lanka,74125.0,735.0,735.0,735.0
North,Hazel Choudhury,74069.6,736.0,736.0,736.0
North,Trisha Dugar,73944.2,737.0,737.0,737.0
North,Prisha Khurana,73929.0,738.0,738.0,738.0
North,Seher Balasubramanian,73660.5,739.0,739.0,739.0
North,Vihaan Salvi,73598.1,740.0,740.0,740.0
North,Kashvi Barad,72440.4,741.0,741.0,741.0
North,Ehsaan Bumb,72241.5,742.0,742.0,742.0
North,Divyansh Desai,72180.05,743.0,743.0,743.0
North,Trisha Ram,71696.5,744.0,744.0,744.0
North,Dhruv Aurora,71520.0,745.0,745.0,745.0
North,Oorja Kanda,71441.1,746.0,746.0,746.0
North,Alisha Amble,71352.0,747.0,747.0,747.0
North,Veer Sood,71349.0,748.0,748.0,748.0
North,Seher Shetty,71307.0,749.0,749.0,749.0
North,Heer Dugar,71208.2,750.0,750.0,750.0
North,Rania Vala,71063.4,751.0,751.0,751.0
North,Tanya Sabharwal,70909.9,752.0,752.0,752.0
North,Saira Dyal,70896.8,753.0,753.0,753.0
North,Seher Balay,70767.6,754.0,754.0,754.0
North,Faiyaz Chada,70674.3,755.0,755.0,755.0
North,Keya Walia,70668.6,756.0,756.0,756.0
North,Hridaan Dyal,70579.2,757.0,757.0,757.0
North,Urvi Kaul,70446.0,758.0,758.0,758.0
North,Yakshit Das,70372.35,759.0,759.0,759.0
North,Samiha Sarna,70353.0,760.0,760.0,760.0
North,Aradhya Krish,70175.0,761.0,761.0,761.0
North,Ishita Kuruvilla,70016.4,762.0,762.0,762.0
North,Purab Batta,69994.0,763.0,763.0,763.0
North,Tarini Ganesan,69777.0,764.0,764.0,764.0
North,Kiara Kant,69539.2,765.0,765.0,765.0
North,Kiaan Golla,69416.1,766.0,766.0,766.0
North,Indranil Toor,69350.4,767.0,767.0,767.0
North,Piya Korpal,69008.4,768.0,768.0,768.0
North,Shray Chakrabarti,69007.05,769.0,769.0,769.0
North,Divit Subramaniam,69000.4,770.0,770.0,770.0
North,Yuvraj  Deo,68904.4,771.0,771.0,771.0
North,Sahil Saxena,68889.6,772.0,772.0,772.0
North,Jhanvi Raval,68527.3,773.0,773.0,773.0
North,Kartik Dayal,68502.6,774.0,774.0,774.0
North,Vihaan Saran,68364.0,775.0,775.0,775.0
North,Divij Dixit,68175.0,776.0,776.0,776.0
North,Vritika Cherian,67727.7,777.0,777.0,777.0
North,Indrajit Rao,67554.5,778.0,778.0,778.0
North,Shanaya Kala,67413.5,779.0,779.0,779.0
North,Jayesh Ganguly,67368.6,780.0,780.0,780.0
North,Aniruddh Mander,66879.05,781.0,781.0,781.0
North,Divit Koshy,66473.4,782.0,782.0,782.0
North,Lakshay Batra,66063.6,783.0,783.0,783.0
North,Ishita Chacko,65932.0,784.0,784.0,784.0
North,Myra Divan,65854.4,785.0,785.0,785.0
North,Tejas Bhardwaj,65347.15,786.0,786.0,786.0
North,Ayesha Sarna,65196.6,787.0,787.0,787.0
North,Piya Yadav,65178.0,788.0,788.0,788.0
North,Mehul Bhatti,65144.0,789.0,789.0,789.0
North,Fateh Bakshi,65046.5,790.0,790.0,790.0
North,Sumer Lanka,64765.75,791.0,791.0,791.0
North,Hrishita Bath,64281.75,792.0,792.0,792.0
North,Ishaan Tara,64222.2,793.0,793.0,793.0
North,Farhan Kata,64034.75,794.0,794.0,794.0
North,Ira Rastogi,64024.3,795.0,795.0,795.0
North,Hiran Buch,63998.1,796.0,796.0,796.0
North,Myra Borra,63974.0,797.0,797.0,797.0
North,Myra Bath,63947.35,798.0,798.0,798.0
North,Keya Saha,63931.2,799.0,799.0,799.0
North,Yakshit Venkataraman,63919.8,800.0,800.0,800.0
North,Tara Raju,63918.4,801.0,801.0,801.0
North,Nirvaan Master,63796.5,802.0,802.0,802.0
North,Nirvaan Ben,63750.6,803.0,803.0,803.0
North,Yasmin Choudhary,63708.0,804.0,804.0,804.0
North,Riaan Mahal,63597.85,805.0,805.0,805.0
North,Saksham Bhakta,63545.4,806.0,806.0,806.0
North,Saira Contractor,63490.0,807.0,807.0,807.0
North,Heer Sathe,63268.8,808.0,808.0,808.0
North,Zeeshan Sule,63181.35,809.0,809.0,809.0
North,Advika Bal,62944.0,810.0,810.0,810.0
North,Indrans Deep,62910.0,811.0,811.0,811.0
North,Biju Chandra,62831.2,812.0,812.0,812.0
North,Yasmin Butala,62817.0,813.0,813.0,813.0
North,Adira Contractor,62772.0,814.0,814.0,814.0
North,Neysa Bhasin,62548.0,815.0,815.0,815.0
North,Mamooty Mannan,62529.4,816.0,816.0,816.0
North,Indranil Ramesh,62302.5,817.0,817.0,817.0
North,Amani Verma,62236.8,818.0,818.0,818.0
North,Hunar Vaidya,61995.6,819.0,819.0,819.0
North,Manjari Chokshi,61971.3,820.0,820.0,820.0
North,Shaan Sehgal,61952.0,821.0,821.0,821.0
North,Kiara Sarkar,61801.6,822.0,822.0,822.0
North,Indrans Lalla,61502.0,823.0,823.0,823.0
North,Kanav Mander,61461.0,824.0,824.0,824.0
North,Dharmajan Doshi,61347.6,825.0,825.0,825.0
North,Seher Chadha,60989.0,826.0,826.0,826.0
North,Eva Jhaveri,60854.4,827.0,827.0,827.0
North,Amani Andra,60822.0,828.0,828.0,828.0
North,Aniruddh Sant,60813.0,829.0,829.0,829.0
North,Jayan Dara,60736.8,830.0,830.0,830.0
North,Vritika Gopal,60556.55,831.0,831.0,831.0
North,Kavya Kade,60344.0,832.0,832.0,832.0
North,Urvi Krishnan,60307.5,833.0,833.0,833.0
North,Eva Lalla,60253.95,834.0,834.0,834.0
North,Saira Ratti,60129.0,835.0,835.0,835.0
North,Armaan Taneja,59966.4,836.0,836.0,836.0
North,Yashvi Chandran,59841.6,837.0,837.0,837.0
North,Suhana Sheth,59810.4,838.0,838.0,838.0
North,Riaan Malhotra,59604.0,839.0,839.0,839.0
North,Inaaya  Dara,59603.2,840.0,840.0,840.0
North,Rasha Dar,59511.8,841.0,841.0,841.0
North,Tushar Dua,59411.2,842.0,842.0,842.0
North,Farhan Bhatti,59384.8,843.0,843.0,843.0
North,Hunar Chowdhury,59371.2,844.0,844.0,844.0
North,Madhav Bhatti,59337.0,845.0,845.0,845.0
North,Sumer Goda,59007.6,846.0,846.0,846.0
North,Ishita Master,58701.0,847.0,847.0,847.0
North,Samaira Hegde,58688.0,848.0,848.0,848.0
North,Nayantara Babu,58544.6,849.0,849.0,849.0
North,Tiya Bedi,58351.85,850.0,850.0,850.0
North,Aradhya Buch,58185.9,851.0,851.0,851.0
North,Jivin Baral,58144.0,852.0,852.0,852.0
North,Anahi Bhagat,58116.0,853.0,853.0,853.0
North,Gokul Bora,58065.3,854.0,854.0,854.0
North,Urvi Chada,58053.6,855.0,855.0,855.0
North,Zoya Aurora,57703.0,856.0,856.0,856.0
North,Drishya Goswami,57690.0,857.0,857.0,857.0
North,Aaina Ramanathan,57502.4,858.0,858.0,858.0
North,Kiaan Swamy,57240.0,859.0,859.0,859.0
North,Vidur Tripathi,57235.6,860.0,860.0,860.0
North,Lakshay Dhar,56967.0,861.0,861.0,861.0
North,Ritvik Mangat,56853.7,862.0,862.0,862.0
North,Hiran Rama,56649.1,863.0,863.0,863.0
North,Tejas Bal,56458.8,864.0,864.0,864.0
North,Ryan Behl,56223.0,865.0,865.0,865.0
North,Rati Mall,56140.0,866.0,866.0,866.0
North,Anvi Bawa,55914.0,867.0,867.0,867.0
North,Ela Ghose,55654.4,868.0,868.0,868.0
North,Veer Bora,55533.0,869.0,869.0,869.0
North,Umang Chahal,55455.0,870.0,870.0,870.0
North,Indranil Ray,55367.3,871.0,871.0,871.0
North,Anahi Vala,55335.0,872.0,872.0,872.0
North,Mishti Gupta,55303.2,873.0,873.0,873.0
North,Yashvi Sarin,55274.8,874.0,874.0,874.0
North,Suhana Bail,54989.8,875.0,875.0,875.0
North,Vidur Vala,54944.0,876.0,876.0,876.0
North,Mehul Magar,54820.8,877.0,877.0,877.0
North,Rasha Bansal,54538.2,878.0,878.0,878.0
North,Ivana Tripathi,54449.3,879.0,879.0,879.0
North,Yakshit Biswas,54445.05,880.0,880.0,880.0
North,Renee Sabharwal,54444.6,881.0,881.0,881.0
North,Ela Chakraborty,54312.0,882.0,882.0,882.0
North,Armaan Sankaran,54095.7,883.0,883.0,883.0
North,Eshani Kari,54092.3,884.0,884.0,884.0
North,Anahi Upadhyay,54052.8,885.0,885.0,885.0
North,Taran Sharma,54038.85,886.0,886.0,886.0
North,Shlok Dalal,54015.3,887.0,887.0,887.0
North,Yasmin Kaur,53985.65,888.0,888.0,888.0
North,Parinaaz Dixit,53805.6,889.0,889.0,889.0
North,Farhan Kari,53687.7,890.0,890.0,890.0
North,Adah Raj,53667.3,891.0,891.0,891.0
North,Aradhya Borah,53618.4,892.0,892.0,892.0
North,Vanya Sachdeva,53443.8,893.0,893.0,893.0
North,Vivaan Upadhyay,53344.3,894.0,894.0,894.0
North,Ritvik Kale,53283.6,895.0,895.0,895.0
North,Aarush Salvi,53116.0,896.0,896.0,896.0
North,Jiya Tandon,52972.8,897.0,897.0,897.0
North,Shlok Bose,52886.15,898.0,898.0,898.0
North,Vivaan Biswas,52803.2,899.0,899.0,899.0
North,Indrans Reddy,52785.85,900.0,900.0,900.0
North,Darshit Barman,52715.2,901.0,901.0,901.0
North,Romil Sunder,52700.0,902.0,902.0,902.0
North,Armaan Bhalla,52631.1,903.0,903.0,903.0
North,Lavanya Bhasin,52445.7,904.0,904.0,904.0
North,Inaaya  Mannan,52073.6,905.0,905.0,905.0
North,Divyansh Kale,51998.75,906.0,906.0,906.0
North,Raghav Majumdar,51951.6,907.0,907.0,907.0
North,Miraya Aurora,51672.0,908.0,908.0,908.0
North,Misha Andra,51339.0,909.0,909.0,909.0
North,Anika Khanna,51253.45,910.0,910.0,910.0
North,Vanya Magar,51059.2,911.0,911.0,911.0
North,Rhea Savant,51004.8,912.0,912.0,912.0
North,Piya Bhatnagar,50998.3,913.0,913.0,913.0
North,Bhavin Sarraf,50868.7,914.0,914.0,914.0
North,Faiyaz Ravel,50563.75,915.0,915.0,915.0
North,Riaan Kumar,50451.2,916.0,916.0,916.0
North,Arnav Kurian,50415.3,917.0,917.0,917.0
North,Yakshit Ramachandran,50399.9,918.0,918.0,918.0
North,Kabir Sarma,50323.4,919.0,919.0,919.0
North,Diya Buch,49987.8,920.0,920.0,920.0
North,Arnav Bava,49852.2,921.0,921.0,921.0
North,Ritvik Vyas,49451.3,922.0,922.0,922.0
North,Kabir Srinivasan,49442.4,923.0,923.0,923.0
North,Kiara Ben,49332.0,924.0,924.0,924.0
North,Aaina Sagar,49113.0,925.0,925.0,925.0
North,Kanav Kale,49024.0,926.0,926.0,926.0
North,Anay Mander,48581.1,927.0,927.0,927.0
North,Lagan Sidhu,48522.6,928.0,928.0,928.0
North,Vihaan Cherian,48466.8,929.0,929.0,929.0
North,Anahi Gaba,48430.4,930.0,930.0,930.0
North,Zara Sehgal,48242.4,931.0,931.0,931.0
North,Siya Hora,48197.8,932.0,932.0,932.0
North,Raunak Keer,48178.0,933.0,933.0,933.0
North,Raghav Biswas,48126.4,934.0,934.0,934.0
North,Pihu Saraf,47941.2,935.0,935.0,935.0
North,Nayantara Kata,47875.5,936.0,936.0,936.0
North,Kaira Dass,47840.55,937.0,937.0,937.0
North,Aaryahi Loyal,47734.4,938.0,938.0,938.0
North,Adah Bhatnagar,47514.6,939.0,939.0,939.0
North,Nakul Tella,47163.2,940.0,940.0,940.0
North,Shray Dugar,47052.9,941.0,941.0,941.0
North,Yakshit Lall,46795.1,942.0,942.0,942.0
North,Sana Borra,46733.0,943.0,943.0,943.0
North,Tiya Jayaraman,46692.2,944.0,944.0,944.0
North,Tushar Gera,46636.1,945.0,945.0,945.0
North,Arhaan Loyal,46565.55,946.0,946.0,946.0
North,Tushar Gara,46532.9,947.0,947.0,947.0
North,Indrans Rege,46443.6,948.0,948.0,948.0
North,Azad Tak,46437.2,949.0,949.0,949.0
North,Shlok Kamdar,46429.0,950.0,950.0,950.0
North,Vaibhav Suri,46040.0,951.0,951.0,951.0
North,Vaibhav Bhalla,45873.6,952.0,952.0,952.0
North,Damini Tandon,45667.2,953.0,953.0,953.0
North,Shamik Rout,45513.0,954.0,954.0,954.0
North,Manjari Srivastava,45494.55,955.0,955.0,955.0
North,Yuvraj  Madan,45434.2,956.0,956.0,956.0
North,Jhanvi Aggarwal,45096.0,957.0,957.0,957.0
North,Hansh Borah,45014.4,958.0,958.0,958.0
North,Indranil Guha,44816.4,959.0,959.0,959.0
North,Kiaan Yohannan,44811.9,960.0,960.0,960.0
North,Purab Chadha,44779.0,961.0,961.0,961.0
North,Biju Edwin,44769.0,962.0,962.0,962.0
North,Amira Jain,44737.2,963.0,963.0,963.0
North,Dhanush Karpe,44736.45,964.0,964.0,964.0
North,Aayush Sood,44726.4,965.0,965.0,965.0
North,Ojas Chakraborty,44724.0,966.0,966.0,966.0
North,Lavanya Shan,44625.6,967.0,967.0,967.0
North,Ranbir Sehgal,44617.0,968.0,968.0,968.0
North,Arnav Ravi,44614.85,969.0,969.0,969.0
North,Anya Ranganathan,44607.25,970.0,970.0,970.0
North,Misha Kota,44330.8,971.0,971.0,971.0
North,Bhamini Deo,44199.0,972.0,972.0,972.0
North,Kartik Biswas,44081.85,973.0,973.0,973.0
North,Adira Mahal,43891.9,974.0,974.0,974.0
North,Mamooty Boase,43784.35,975.0,975.0,975.0
North,Fateh Rama,43644.0,976.0,976.0,976.0
North,Kavya Barman,43572.7,977.0,977.0,977.0
North,Hrishita Kumar,43547.0,978.0,978.0,978.0
North,Samaira Singhal,43440.1,979.0,979.0,979.0
North,Trisha Kari,43412.4,980.0,980.0,980.0
North,Lagan Som,43378.0,981.0,981.0,981.0
North,Stuvan Datta,42902.0,982.0,982.0,982.0
North,Yuvraj  Sarin,42880.8,983.0,983.0,983.0
North,Hunar Krishnan,42798.4,984.0,984.0,984.0
North,Nitara Mani,42738.0,985.0,985.0,985.0
North,Lavanya Tella,42576.0,986.0,986.0,986.0
North,Hrishita Bajwa,42228.0,987.0,987.0,987.0
North,Nakul Jani,42151.2,988.0,988.0,988.0
North,Armaan Tara,42104.75,989.0,989.0,989.0
North,Darshit Upadhyay,42058.4,990.0,990.0,990.0
North,Navya Thakur,41993.1,991.0,991.0,991.0
North,Anahi Chakraborty,41768.1,992.0,992.0,992.0
North,Adira Bansal,41674.0,993.0,993.0,993.0
North,Mannat Ramakrishnan,41517.0,994.0,994.0,994.0
North,Nehmat Krish,41223.3,995.0,995.0,995.0
North,Saira Kant,41168.0,996.0,996.0,996.0
North,Piya Bhandari,41121.3,997.0,997.0,997.0
North,Charvi Ganesh,41038.2,998.0,998.0,998.0
North,Taran Kala,40959.0,999.0,999.0,999.0
North,Navya Sur,40837.5,1000.0,1000.0,1000.0
North,Anahi Vig,40734.4,1001.0,1001.0,1001.0
North,Parinaaz Luthra,40468.5,1002.0,1002.0,1002.0
North,Nitara Char,40367.35,1003.0,1003.0,1003.0
North,Eshani Kade,40352.0,1004.0,1004.0,1004.0
North,Onkar Sunder,40352.0,1005.0,1004.0,1004.0
North,Raghav Bhat,40284.8,1006.0,1006.0,1005.0
North,Uthkarsh Grewal,40274.7,1007.0,1007.0,1006.0
North,Tanya Barad,40089.4,1008.0,1008.0,1007.0
North,Alia Salvi,40048.2,1009.0,1009.0,1008.0
North,Shayak Handa,39994.2,1010.0,1010.0,1009.0
North,Aarna Khare,39768.0,1011.0,1011.0,1010.0
North,Himmat Gaba,39576.0,1012.0,1012.0,1011.0
North,Jayan Shenoy,39461.0,1013.0,1013.0,1012.0
North,Bhamini Sarin,39087.9,1014.0,1014.0,1013.0
North,Yashvi Dewan,38907.25,1015.0,1015.0,1014.0
North,Riaan Kapadia,38484.0,1016.0,1016.0,1015.0
North,Navya Chanda,38316.0,1017.0,1017.0,1016.0
North,Samiha Ray,37916.0,1018.0,1018.0,1017.0
North,Adah Gokhale,37775.2,1019.0,1019.0,1018.0
North,Devansh Buch,37593.0,1020.0,1020.0,1019.0
North,Seher Chana,37356.8,1021.0,1021.0,1020.0
North,Anahita Jaggi,37210.0,1022.0,1022.0,1021.0
North,Shaan Seth,37200.0,1023.0,1023.0,1022.0
North,Tiya Dhar,36987.75,1024.0,1024.0,1023.0
North,Hridaan Guha,36987.3,1025.0,1025.0,1024.0
North,Shamik Acharya,36402.1,1026.0,1026.0,1025.0
North,Pihu Chana,36324.8,1027.0,1027.0,1026.0
North,Gatik Boase,36016.8,1028.0,1028.0,1027.0
North,Bhavin Dhingra,35886.25,1029.0,1029.0,1028.0
North,Jayant Atwal,35884.8,1030.0,1030.0,1029.0
North,Emir Bhatt,35834.95,1031.0,1031.0,1030.0
North,Devansh Walia,35699.2,1032.0,1032.0,1031.0
North,Ritvik Rana,35675.0,1033.0,1033.0,1032.0
North,Aradhya Sethi,35655.0,1034.0,1034.0,1033.0
North,Vihaan Bhatti,35560.0,1035.0,1035.0,1034.0
North,Faiyaz Borde,35556.6,1036.0,1036.0,1035.0
North,Gokul Maharaj,35484.8,1037.0,1037.0,1036.0
North,Jayesh Lall,35422.0,1038.0,1038.0,1037.0
North,Madhup Bumb,34698.6,1039.0,1039.0,1038.0
North,Kaira Bhatia,34689.25,1040.0,1040.0,1039.0
North,Jayant Agate,34473.6,1041.0,1041.0,1040.0
North,Akarsh Chacko,34273.8,1042.0,1042.0,1041.0
North,Devansh Agate,34232.9,1043.0,1043.0,1042.0
North,Renee Balakrishnan,34217.1,1044.0,1044.0,1043.0
North,Nirvaan Dhillon,33842.8,1045.0,1045.0,1044.0
North,Advik Desai,33732.0,1046.0,1046.0,1045.0
North,Drishya Korpal,33613.25,1047.0,1047.0,1046.0
North,Onkar Kohli,33468.75,1048.0,1048.0,1047.0
North,Nishith Das,33317.0,1049.0,1049.0,1048.0
North,Siya Subramaniam,33288.0,1050.0,1050.0,1049.0
North,Emir Batta,33180.3,1051.0,1051.0,1050.0
North,Stuvan Dayal,33125.0,1052.0,1052.0,1051.0
North,Advik Chakrabarti,33011.55,1053.0,1053.0,1052.0
North,Sahil Srinivasan,32989.5,1054.0,1054.0,1053.0
North,Samarth Wali,32954.0,1055.0,1055.0,1054.0
North,Ishita Chowdhury,32903.0,1056.0,1056.0,1055.0
North,Arhaan Vala,32667.2,1057.0,1057.0,1056.0
North,Pihu Karpe,32413.05,1058.0,1058.0,1057.0
North,Dishani Baral,32373.9,1059.0,1059.0,1058.0
North,Lagan Sridhar,32007.4,1060.0,1060.0,1059.0
North,Hazel Kunda,31801.25,1061.0,1061.0,1060.0
North,Devansh Kaul,31555.0,1062.0,1062.0,1061.0
North,Mamooty Kaul,31528.8,1063.0,1063.0,1062.0
North,Prerak Sawhney,31392.0,1064.0,1064.0,1063.0
North,Nehmat Bakshi,31383.9,1065.0,1065.0,1064.0
North,Yasmin Baral,31347.9,1066.0,1066.0,1065.0
North,Tejas Dara,30800.9,1067.0,1067.0,1066.0
North,Inaaya  Borah,30788.8,1068.0,1068.0,1067.0
North,Miraya Amble,30735.0,1069.0,1069.0,1068.0
North,Purab Khalsa,30672.0,1070.0,1070.0,1069.0
North,Oorja Varma,30527.75,1071.0,1071.0,1070.0
North,Madhup Ganesan,30371.5,1072.0,1072.0,1071.0
North,Shamik Korpal,29842.0,1073.0,1073.0,1072.0
North,Alisha Dugal,29643.8,1074.0,1074.0,1073.0
North,Hansh Sankaran,29415.6,1075.0,1075.0,1074.0
North,Anay Grewal,29343.6,1076.0,1076.0,1075.0
North,Tara Gill,29299.5,1077.0,1077.0,1076.0
North,Nirvaan Chakraborty,29156.4,1078.0,1078.0,1077.0
North,Saanvi Soman,29043.9,1079.0,1079.0,1078.0
North,Manjari Sachdev,29036.8,1080.0,1080.0,1079.0
North,Ojas Bhalla,28857.6,1081.0,1081.0,1080.0
North,Dhanuk D’Alia,28703.3,1082.0,1082.0,1081.0
North,Hrishita Chana,28657.6,1083.0,1083.0,1082.0
North,Jivin Sood,27890.0,1084.0,1084.0,1083.0
North,Arhaan Sidhu,27513.0,1085.0,1085.0,1084.0
North,Pihu Sinha,27470.4,1086.0,1086.0,1085.0
North,Shanaya Jaggi,27307.95,1087.0,1087.0,1086.0
North,Vanya Bose,27280.8,1088.0,1088.0,1087.0
North,Jiya Banerjee,26874.45,1089.0,1089.0,1088.0
North,Manjari Kar,26831.1,1090.0,1090.0,1089.0
North,Parinaaz Mahal,26681.7,1091.0,1091.0,1090.0
North,Tiya Mani,26532.0,1092.0,1092.0,1091.0
North,Trisha Upadhyay,26509.6,1093.0,1093.0,1092.0
North,Mamooty Kapur,26325.0,1094.0,1094.0,1093.0
North,Jayesh Batra,26313.6,1095.0,1095.0,1094.0
North,Zaina Soman,25908.4,1096.0,1096.0,1095.0
North,Kiaan Zachariah,25908.0,1097.0,1097.0,1096.0
North,Anay Gopal,25832.35,1098.0,1098.0,1097.0
North,Jayant Khatri,25795.8,1099.0,1099.0,1098.0
North,Nirvi Chana,25700.0,1100.0,1100.0,1099.0
North,Rohan Gulati,25697.5,1101.0,1101.0,1100.0
North,Adah Ratta,25660.8,1102.0,1102.0,1101.0
North,Reyansh Sahni,25641.0,1103.0,1103.0,1102.0
North,Ranbir Kumar,25198.4,1104.0,1104.0,1103.0
North,Mohanlal Ratti,25028.25,1105.0,1105.0,1104.0
North,Dhanush Jha,24974.1,1106.0,1106.0,1105.0
North,Faiyaz Chadha,24820.0,1107.0,1107.0,1106.0
North,Ryan Choudhry,24797.6,1108.0,1108.0,1107.0
North,Madhav Gandhi,24638.25,1109.0,1109.0,1108.0
North,Abram Chaudhary,24437.6,1110.0,1110.0,1109.0
North,Ranbir Dugal,24295.2,1111.0,1111.0,1110.0
North,Dhanuk Dhar,24144.3,1112.0,1112.0,1111.0
North,Hiran Khalsa,23856.0,1113.0,1113.0,1112.0
North,Advik Ganesan,23658.8,1114.0,1114.0,1113.0
North,Bhavin Dora,23441.3,1115.0,1115.0,1114.0
North,Emir Chauhan,22984.2,1116.0,1116.0,1115.0
North,Badal Chana,22924.45,1117.0,1117.0,1116.0
North,Charvi Dora,22916.0,1118.0,1118.0,1117.0
North,Zara Din,22890.0,1119.0,1119.0,1118.0
North,Hrishita Master,22703.0,1120.0,1120.0,1119.0
North,Umang Iyengar,22701.2,1121.0,1121.0,1120.0
North,Damini Bhatti,22444.2,1122.0,1122.0,1121.0
North,Miraya Majumdar,22349.7,1123.0,1123.0,1122.0
North,Fateh Bahl,22348.0,1124.0,1124.0,1123.0
North,Urvi Bhavsar,22325.0,1125.0,1125.0,1124.0
North,Jayesh Khalsa,22318.35,1126.0,1126.0,1125.0
North,Anahita Sathe,21994.2,1127.0,1127.0,1126.0
North,Arnav Viswanathan,21883.25,1128.0,1128.0,1127.0
North,Lagan Cherian,21650.0,1129.0,1129.0,1128.0
North,Ishaan Sagar,21484.25,1130.0,1130.0,1129.0
North,Vivaan Dhingra,21426.3,1131.0,1131.0,1130.0
North,Dhanuk Kibe,21404.7,1132.0,1132.0,1131.0
North,Lakshay Tara,21343.2,1133.0,1133.0,1132.0
North,Mohanlal Deshmukh,21184.2,1134.0,1134.0,1133.0
North,Vedika Jain,21175.5,1135.0,1135.0,1134.0
North,Purab Sane,21119.2,1136.0,1136.0,1135.0
North,Badal Lala,21006.0,1137.0,1137.0,1136.0
North,Anika Bhattacharyya,20854.8,1138.0,1138.0,1137.0
North,Neysa Ganguly,20828.0,1139.0,1139.0,1138.0
North,Rati Singhal,20613.6,1140.0,1140.0,1139.0
North,Reyansh Dubey,20292.0,1141.0,1141.0,1140.0
North,Indranil Raj,20235.0,1142.0,1142.0,1141.0
North,Kashvi Chaudry,20121.0,1143.0,1143.0,1142.0
North,Mahika Sabharwal,19545.6,1144.0,1144.0,1143.0
North,Tarini Bakshi,19167.2,1145.0,1145.0,1144.0
North,Eshani Swaminathan,18787.2,1146.0,1146.0,1145.0
North,Drishya Mahajan,18574.2,1147.0,1147.0,1146.0
North,Vritika Sachar,18558.4,1148.0,1148.0,1147.0
North,Darshit Chakrabarti,18328.0,1149.0,1149.0,1148.0
North,Lavanya Mammen,18085.6,1150.0,1150.0,1149.0
North,Anay Goswami,18079.45,1151.0,1151.0,1150.0
North,Siya Chandra,17479.8,1152.0,1152.0,1151.0
North,Saksham Goyal,17459.1,1153.0,1153.0,1152.0
North,Kimaya Tara,17370.6,1154.0,1154.0,1153.0
North,Adira Choudhry,17341.0,1155.0,1155.0,1154.0
North,Hridaan Apte,17250.0,1156.0,1156.0,1155.0
North,Divyansh Thaman,17217.6,1157.0,1157.0,1156.0
North,Anvi Sangha,16923.5,1158.0,1158.0,1157.0
North,Neysa Chacko,16561.4,1159.0,1159.0,1158.0
North,Madhav Guha,16551.0,1160.0,1160.0,1159.0
North,Kiara Ahluwalia,16549.95,1161.0,1161.0,1160.0
North,Saksham Rana,16358.25,1162.0,1162.0,1161.0
North,Jayan Vasa,16219.0,1163.0,1163.0,1162.0
North,Arhaan Datta,16207.8,1164.0,1164.0,1163.0
North,Charvi Mandal,15987.65,1165.0,1165.0,1164.0
North,Emir Sandhu,15838.2,1166.0,1166.0,1165.0
North,Shamik Varughese,15722.0,1167.0,1167.0,1166.0
North,Vedika Dugal,15640.0,1168.0,1168.0,1167.0
North,Kismat Buch,15589.0,1169.0,1169.0,1168.0
North,Hazel Kade,15455.7,1170.0,1170.0,1169.0
North,Aradhya Sane,15395.2,1171.0,1171.0,1170.0
North,Azad Viswanathan,15154.0,1172.0,1172.0,1171.0
North,Kaira Mannan,15103.1,1173.0,1173.0,1172.0
North,Sumer Vasa,15075.2,1174.0,1174.0,1173.0
North,Shaan Badal,14877.0,1175.0,1175.0,1174.0
North,Gokul Dixit,14636.8,1176.0,1176.0,1175.0
North,Zain Brar,14630.4,1177.0,1177.0,1176.0
North,Tushar Sachdev,14345.0,1178.0,1178.0,1177.0
North,Misha Dua,14296.5,1179.0,1179.0,1178.0
North,Hrishita Mand,14177.6,1180.0,1180.0,1179.0
North,Prerak Sankaran,14160.7,1181.0,1181.0,1180.0
North,Kiara Saraf,14051.2,1182.0,1182.0,1181.0
North,Ahana  Borah,13930.65,1183.0,1183.0,1182.0
North,Rati Sur,13729.4,1184.0,1184.0,1183.0
North,Chirag Desai,13630.0,1185.0,1185.0,1184.0
North,Mishti Thaker,13572.0,1186.0,1186.0,1185.0
North,Aarush Dhingra,13545.0,1187.0,1187.0,1186.0
North,Saksham Borde,13461.3,1188.0,1188.0,1187.0
North,Prerak Mangat,13158.4,1189.0,1189.0,1188.0
North,Farhan Dutt,12934.8,1190.0,1190.0,1189.0
North,Lakshit Rajagopalan,12909.0,1191.0,1191.0,1190.0
North,Pihu Shan,12702.0,1192.0,1192.0,1191.0
North,Shaan Dube,12432.1,1193.0,1193.0,1192.0
North,Renee Wali,12425.05,1194.0,1194.0,1193.0
North,Indranil Khare,12276.55,1195.0,1195.0,1194.0
North,Vaibhav Bava,12195.0,1196.0,1196.0,1195.0
North,Ranbir Khatri,12104.0,1197.0,1197.0,1196.0
North,Dharmajan Kapadia,11985.2,1198.0,1198.0,1197.0
North,Biju Butala,11954.8,1199.0,1199.0,1198.0
North,Jhanvi Sinha,11869.3,1200.0,1200.0,1199.0
North,Eshani Anand,11259.1,1201.0,1201.0,1200.0
North,Navya Barman,11222.55,1202.0,1202.0,1201.0
North,Suhana Sunder,11208.0,1203.0,1203.0,1202.0
North,Kabir Golla,11109.5,1204.0,1204.0,1203.0
North,Fateh Maharaj,10965.0,1205.0,1205.0,1204.0
North,Jiya Mammen,10814.4,1206.0,1206.0,1205.0
North,Samar Bose,10736.0,1207.0,1207.0,1206.0
North,Mannat Raju,10648.8,1208.0,1208.0,1207.0
North,Pihu Gopal,10495.2,1209.0,1209.0,1208.0
North,Ira Varkey,10401.6,1210.0,1210.0,1209.0
North,Alia Bhasin,10362.6,1211.0,1211.0,1210.0
North,Suhana Bala,10346.45,1212.0,1212.0,1211.0
North,Raghav Kari,10106.5,1213.0,1213.0,1212.0
North,Nirvi Keer,10023.45,1214.0,1214.0,1213.0
North,Purab Verma,9894.0,1215.0,1215.0,1214.0
North,Trisha Sharaf,9843.9,1216.0,1216.0,1215.0
North,Miraan Chokshi,9688.8,1217.0,1217.0,1216.0
North,Anay Ramachandran,9568.4,1218.0,1218.0,1217.0
North,Kanav Srinivas,9504.7,1219.0,1219.0,1218.0
North,Bhamini Doshi,9279.6,1220.0,1220.0,1219.0
North,Ayesha Srinivas,9075.6,1221.0,1221.0,1220.0
North,Madhup Sahni,8863.5,1222.0,1222.0,1221.0
North,Divij Gulati,8844.5,1223.0,1223.0,1222.0
North,Vanya Gade,8771.15,1224.0,1224.0,1223.0
North,Shanaya Rout,8587.8,1225.0,1225.0,1224.0
North,Advika Majumdar,8467.7,1226.0,1226.0,1225.0
North,Kimaya Rege,8276.0,1227.0,1227.0,1226.0
North,Kiara Bhatia,8115.8,1228.0,1228.0,1227.0
North,Shlok Rau,7971.3,1229.0,1229.0,1228.0
North,Ehsaan Date,7720.55,1230.0,1230.0,1229.0
North,Eva Sarma,7634.7,1231.0,1231.0,1230.0
North,Umang Barad,7436.6,1232.0,1232.0,1231.0
North,Onkar Bandi,6956.8,1233.0,1233.0,1232.0
North,Anahita Chada,6863.75,1234.0,1234.0,1233.0
North,Uthkarsh Lalla,6848.55,1235.0,1235.0,1234.0
North,Jayan Saran,6845.7,1236.0,1236.0,1235.0
North,Arnav Kunda,6836.0,1237.0,1237.0,1236.0
North,Shanaya Sura,6745.0,1238.0,1238.0,1237.0
North,Mehul Chakrabarti,6458.4,1239.0,1239.0,1238.0
North,Rasha Yadav,6379.25,1240.0,1240.0,1239.0
North,Purab Dada,6368.4,1241.0,1241.0,1240.0
North,Ehsaan Ghosh,6209.6,1242.0,1242.0,1241.0
North,Alia Chaudhari,5985.6,1243.0,1243.0,1242.0
North,Darshit Mand,5852.0,1244.0,1244.0,1243.0
North,Lagan Gill,5808.0,1245.0,1245.0,1244.0
North,Pihu Bahl,5632.0,1246.0,1246.0,1245.0
North,Abram Balasubramanian,5527.8,1247.0,1247.0,1246.0
North,Dhanuk Ramachandran,5141.0,1248.0,1248.0,1247.0
North,Kimaya Atwal,4842.0,1249.0,1249.0,1248.0
North,Nirvaan Arora,4438.7,1250.0,1250.0,1249.0
North,Devansh Krish,4386.0,1251.0,1251.0,1250.0
North,Aradhya Bassi,4156.8,1252.0,1252.0,1251.0
North,Tanya Sha,4148.0,1253.0,1253.0,1252.0
North,Nakul Kade,4031.8,1254.0,1254.0,1253.0
North,Romil Saha,3955.05,1255.0,1255.0,1254.0
North,Samiha Kar,3884.8,1256.0,1256.0,1255.0
North,Alisha Doctor,3876.0,1257.0,1257.0,1256.0
North,Tarini Shere,3806.1,1258.0,1258.0,1257.0
North,Jayant Joshi,3717.6,1259.0,1259.0,1258.0
North,Advika Mangat,3539.4,1260.0,1260.0,1259.0
North,Kiara Chopra,3450.0,1261.0,1261.0,1260.0
North,Biju Chada,3388.65,1262.0,1262.0,1261.0
North,Kartik Batta,3135.0,1263.0,1263.0,1262.0
North,Pranay Balan,3114.4,1264.0,1264.0,1263.0
North,Vedika Mane,2982.4,1265.0,1265.0,1264.0
North,Nirvi Raj,2635.0,1266.0,1266.0,1265.0
North,Eva Khatri,2513.7,1267.0,1267.0,1266.0
North,Rati Ramaswamy,2456.0,1268.0,1268.0,1267.0
North,Vardaniya Dave,2252.0,1269.0,1269.0,1268.0
North,Pranay Sarma,2225.6,1270.0,1270.0,1269.0
North,Jayan Mani,2204.05,1271.0,1271.0,1270.0
North,Sana Sule,2050.2,1272.0,1272.0,1271.0
North,Indranil Kakar,1898.05,1273.0,1273.0,1272.0
North,Eshani Ganguly,1848.75,1274.0,1274.0,1273.0
North,Badal Din,1691.0,1275.0,1275.0,1274.0
North,Saanvi Konda,1641.6,1276.0,1276.0,1275.0
North,Kimaya Agate,1591.2,1277.0,1277.0,1276.0
North,Dhruv Bahl,1242.7,1278.0,1278.0,1277.0
North,Jivin Lal,1238.4,1279.0,1279.0,1278.0
North,Rhea Sura,1056.0,1280.0,1280.0,1279.0
North,Alisha Lalla,981.6,1281.0,1281.0,1280.0
North,Aayush Tak,823.5,1282.0,1282.0,1281.0
North,Hunar Dara,755.25,1283.0,1283.0,1282.0
South,Kimaya Vala,490935.0,1.0,1.0,1.0
South,Bhamini Sane,441410.6,2.0,2.0,2.0
South,Rasha Saxena,393580.0,3.0,3.0,3.0
South,Anya Goyal,382043.2,4.0,4.0,4.0
South,Himmat Khare,380045.0,5.0,5.0,5.0
South,Yasmin Bir,377387.5,6.0,6.0,6.0
South,Devansh Dayal,377080.0,7.0,7.0,7.0
South,Kabir Gill,374035.0,8.0,8.0,8.0
South,Jiya Sankar,348650.0,9.0,9.0,9.0
South,Yasmin Vala,343040.0,10.0,10.0,10.0
South,Purab Boase,342567.0,11.0,11.0,11.0
South,Reyansh Bassi,342335.0,12.0,12.0,12.0
South,Aaryahi Madan,342166.5,13.0,13.0,13.0
South,Jivin Varughese,341534.5,14.0,14.0,14.0
South,Kashvi Rout,338545.0,15.0,15.0,15.0
South,Raunak Atwal,338376.5,16.0,16.0,16.0
South,Fateh Bhavsar,336766.5,17.0,17.0,17.0
South,Shaan Sharaf,335565.0,18.0,18.0,18.0
South,Zoya Behl,335135.0,19.0,19.0,19.0
South,Piya Ram,334979.5,20.0,20.0,20.0
South,Purab Seshadri,333535.5,21.0,21.0,21.0
South,Lakshit Sethi,330457.5,22.0,22.0,22.0
South,Lavanya Cherian,327536.25,23.0,23.0,23.0
South,Prisha Behl,327339.0,24.0,24.0,24.0
South,Kavya Bajaj,325953.0,25.0,25.0,25.0
South,Khushi Kunda,325580.0,26.0,26.0,26.0
South,Advik Chaudhuri,322014.0,27.0,27.0,27.0
South,Uthkarsh Bail,320819.75,28.0,28.0,28.0
South,Priyansh Rama,320431.5,29.0,29.0,29.0
South,Eshani Sani,319065.0,30.0,30.0,30.0
South,Anya Varughese,317488.5,31.0,31.0,31.0
South,Raunak Mane,317352.0,32.0,32.0,32.0
South,Yashvi Bath,315925.0,33.0,33.0,33.0
South,Riya Manda,315732.0,34.0,34.0,34.0
South,Alisha Bhagat,315337.5,35.0,35.0,35.0
South,Indranil Suresh,312964.0,36.0,36.0,36.0
South,Ranbir Kale,312051.25,37.0,37.0,37.0
South,Adah Gandhi,311815.0,38.0,38.0,38.0
South,Nayantara Majumdar,311533.5,39.0,39.0,39.0
South,Hansh Ram,310512.0,40.0,40.0,40.0
South,Advika Sood,309657.25,41.0,41.0,41.0
South,Adah Bath,307933.75,42.0,42.0,42.0
South,Piya Deshmukh,306948.0,43.0,43.0,43.0
South,Khushi Rajagopal,305031.0,44.0,44.0,44.0
South,Zeeshan Bajaj,304932.0,45.0,45.0,45.0
South,Yuvraj  Manda,302904.0,46.0,46.0,46.0
South,Riaan Mannan,301772.0,47.0,47.0,47.0
South,Mahika Chaudhari,300105.25,48.0,48.0,48.0
South,Riaan Srivastava,299116.0,49.0,49.0,49.0
South,Yuvraj  Behl,298219.5,50.0,50.0,50.0
South,Jivin Cheema,295896.0,51.0,51.0,51.0
South,Abram Badal,293572.0,52.0,52.0,52.0
South,Nishith Kara,289980.0,53.0,53.0,53.0
South,Khushi Bhalla,289565.0,54.0,54.0,54.0
South,Trisha Lad,288203.4,55.0,55.0,55.0
South,Pihu Gola,287952.0,56.0,56.0,56.0
South,Damini Raju,283801.5,57.0,57.0,57.0
South,Navya Deshpande,283532.25,58.0,58.0,58.0
South,Arnav Lad,283122.25,59.0,59.0,59.0
South,Lavanya Setty,280516.0,60.0,60.0,60.0
South,Ojas D’Alia,279064.0,61.0,61.0,61.0
South,Pari Cheema,278510.0,62.0,62.0,62.0
South,Divit Sant,278332.5,63.0,63.0,63.0
South,Taran Sengupta,277552.0,64.0,64.0,64.0
South,Jayesh Madan,276267.6,65.0,65.0,65.0
South,Veer Dara,276088.5,66.0,66.0,66.0
South,Tushar Devan,276006.0,67.0,67.0,67.0
South,Anay Ramaswamy,275084.0,68.0,68.0,68.0
South,Ehsaan Babu,274864.0,69.0,69.0,69.0
South,Badal Sanghvi,274838.4,70.0,70.0,70.0
South,Inaaya  Garg,273844.0,71.0,71.0,71.0
South,Jayant Varty,270172.4,72.0,72.0,72.0
South,Hansh Sundaram,269914.0,73.0,73.0,73.0
South,Aniruddh Shetty,268264.8,74.0,74.0,74.0
South,Dhanuk Bava,267210.0,75.0,75.0,75.0
South,Myra Dua,265780.0,76.0,76.0,76.0
South,Kaira Sinha,265568.0,77.0,77.0,77.0
South,Indrajit Mall,265155.2,78.0,78.0,78.0
South,Jivin Dutt,264762.0,79.0,79.0,79.0
South,Amani Sachar,264575.25,80.0,80.0,80.0
South,Veer Dugal,263434.5,81.0,81.0,81.0
South,Vihaan Bora,260978.4,82.0,82.0,82.0
South,Inaaya  Bajaj,257363.0,83.0,83.0,83.0
South,Nishith Saha,255806.5,84.0,84.0,84.0
South,Akarsh Korpal,254800.0,85.0,85.0,85.0
South,Chirag Iyengar,254196.0,86.0,86.0,86.0
South,Kaira Joshi,253875.0,87.0,87.0,87.0
South,Adira Khanna,252937.5,88.0,88.0,88.0
South,Hiran Soman,251605.0,89.0,89.0,89.0
South,Navya Kale,250918.4,90.0,90.0,90.0
South,Tara Sabharwal,250819.0,91.0,91.0,91.0
South,Shanaya Bir,250629.0,92.0,92.0,92.0
South,Lakshit Wagle,248989.5,93.0,93.0,93.0
South,Abram Shanker,248967.0,94.0,94.0,94.0
South,Taimur Jani,248205.6,95.0,95.0,95.0
South,Ela Kalita,246876.0,96.0,96.0,96.0
South,Vaibhav Basu,246648.75,97.0,97.0,97.0
South,Shray Malhotra,245318.4,98.0,98.0,98.0
South,Umang Thaman,245096.0,99.0,99.0,99.0
South,Manjari Rao,244085.4,100.0,100.0,100.0
South,Jiya Srinivasan,241784.0,101.0,101.0,101.0
South,Yakshit Borde,240996.0,102.0,102.0,102.0
South,Vidur Hans,240780.0,103.0,103.0,103.0
South,Yakshit Singh,237888.0,104.0,104.0,104.0
South,Zoya Loyal,237588.0,105.0,105.0,105.0
South,Sana Gour,236877.75,106.0,106.0,106.0
South,Adira Dar,235353.6,107.0,107.0,107.0
South,Hazel Dhar,235036.0,108.0,108.0,108.0
South,Ishaan Walia,234707.0,109.0,109.0,109.0
South,Ishita Bajwa,234651.0,110.0,110.0,110.0
South,Rati Rattan,234433.4,111.0,111.0,111.0
South,Samiha Gupta,234220.5,112.0,112.0,112.0
South,Hunar Goda,232875.0,113.0,113.0,113.0
South,Taimur Raju,232816.5,114.0,114.0,114.0
South,Elakshi Kulkarni,231328.0,115.0,115.0,115.0
South,Aaina Bir,231044.0,116.0,116.0,116.0
South,Taimur Bahl,230829.0,117.0,117.0,117.0
South,Tara Chaudhry,230140.8,118.0,118.0,118.0
South,Samiha Badami,229986.2,119.0,119.0,119.0
South,Taran Vig,229552.0,120.0,120.0,120.0
South,Elakshi Kannan,228944.0,121.0,121.0,121.0
South,Aaryahi Lala,228556.5,122.0,122.0,122.0
South,Eshani Kala,228042.0,123.0,123.0,123.0
South,Drishya Bawa,226809.0,124.0,124.0,124.0
South,Emir Doctor,225336.0,125.0,125.0,125.0
South,Kashvi Chaudry,225156.5,126.0,126.0,126.0
South,Zaina Bassi,225088.5,127.0,127.0,127.0
South,Vivaan Gaba,225024.0,128.0,128.0,128.0
South,Priyansh Brar,224809.2,129.0,129.0,129.0
South,Hansh Dara,223864.65,130.0,130.0,130.0
South,Tiya Banerjee,222997.5,131.0,131.0,131.0
South,Anahi Rao,222616.35,132.0,132.0,132.0
South,Myra Deep,221943.0,133.0,133.0,133.0
South,Miraya Bhalla,221152.0,134.0,134.0,134.0
South,Anay Vaidya,220720.0,135.0,135.0,135.0
South,Eshani Sahota,220561.5,136.0,136.0,136.0
South,Pranay Kumer,219982.5,137.0,137.0,137.0
South,Nayantara Bhalla,219667.2,138.0,138.0,138.0
South,Bhamini Dixit,219492.0,139.0,139.0,139.0
South,Amani Deol,218804.0,140.0,140.0,140.0
South,Nirvi Sarma,217749.6,141.0,141.0,141.0
South,Siya Ahuja,216444.0,142.0,142.0,142.0
South,Piya Wable,216424.8,143.0,143.0,143.0
South,Mannat Sibal,215953.2,144.0,144.0,144.0
South,Reyansh Chandran,215924.0,145.0,145.0,145.0
South,Vanya Vohra,215235.0,146.0,146.0,146.0
South,Rasha Tank,214656.0,147.0,147.0,147.0
South,Ahana  Yohannan,214438.75,148.0,148.0,148.0
South,Amira Chandran,214417.8,149.0,149.0,149.0
South,Chirag Master,214412.4,150.0,150.0,150.0
South,Badal Dhar,214130.0,151.0,151.0,151.0
South,Dharmajan Ranganathan,214100.0,152.0,152.0,152.0
South,Jayant Sood,212948.2,153.0,153.0,153.0
South,Tarini Dada,212660.0,154.0,154.0,154.0
South,Samar Tripathi,212248.4,155.0,155.0,155.0
South,Krish Bhagat,212027.4,156.0,156.0,156.0
South,Nehmat Batra,211775.0,157.0,157.0,157.0
South,Pranay Dey,211066.25,158.0,158.0,158.0
South,Aarav Loke,210672.0,159.0,159.0,159.0
South,Divyansh Rastogi,210175.25,160.0,160.0,160.0
South,Anya Korpal,209314.8,161.0,161.0,161.0
South,Dhanush Cheema,208944.0,162.0,162.0,162.0
South,Kavya Goel,206976.0,163.0,163.0,163.0
South,Zeeshan Chad,206763.3,164.0,164.0,164.0
South,Ahana  Bera,206712.0,165.0,165.0,165.0
South,Anaya Banik,206346.0,166.0,166.0,166.0
South,Kiaan Ratta,206216.0,167.0,167.0,167.0
South,Armaan Kaur,205929.6,168.0,168.0,168.0
South,Baiju Madan,205929.5,169.0,169.0,169.0
South,Piya Kakar,205401.4,170.0,170.0,170.0
South,Kiara Rout,205314.0,171.0,171.0,171.0
South,Aaryahi Khare,205174.8,172.0,172.0,172.0
South,Raghav Rege,205083.75,173.0,173.0,173.0
South,Prerak Bhandari,204256.0,174.0,174.0,174.0
South,Nayantara Hegde,204141.6,175.0,175.0,175.0
South,Kavya Saxena,202388.4,176.0,176.0,176.0
South,Siya Desai,202214.4,177.0,177.0,177.0
South,Ira Subramanian,201533.0,178.0,178.0,178.0
South,Mannat Vaidya,201297.0,179.0,179.0,179.0
South,Darshit Kant,201028.5,180.0,180.0,180.0
South,Gokul Chacko,200404.5,181.0,181.0,181.0
South,Hazel Shanker,200343.3,182.0,182.0,182.0
South,Rhea Balay,200208.0,183.0,183.0,183.0
South,Ayesha Grover,199928.0,184.0,184.0,184.0
South,Akarsh Virk,198685.8,185.0,185.0,185.0
South,Renee Bhatt,198200.4,186.0,186.0,186.0
South,Riaan Vala,197497.4,187.0,187.0,187.0
South,Kaira Bhakta,197067.0,188.0,188.0,188.0
South,Stuvan Sangha,196108.6,189.0,189.0,189.0
South,Jiya Sem,195946.05,190.0,190.0,190.0
South,Neysa Kala,195885.0,191.0,191.0,191.0
South,Damini Gupta,195531.0,192.0,192.0,192.0
South,Nirvi Bhasin,195340.5,193.0,193.0,193.0
South,Yasmin Sidhu,194917.5,194.0,194.0,194.0
South,Diya Chauhan,193211.8,195.0,195.0,195.0
South,Krish Dar,192685.0,196.0,196.0,196.0
South,Yasmin Yogi,192392.4,197.0,197.0,197.0
South,Yashvi Banik,192316.0,198.0,198.0,198.0
South,Tiya Kamdar,192128.0,199.0,199.0,199.0
South,Alisha Kar,192032.0,200.0,200.0,200.0
South,Shlok Venkataraman,191902.8,201.0,201.0,201.0
South,Ranbir Saraf,191642.4,202.0,202.0,202.0
South,Miraya Edwin,191613.0,203.0,203.0,203.0
South,Jivika Raja,191086.8,204.0,204.0,204.0
South,Inaaya  Tandon,190404.25,205.0,205.0,205.0
South,Shalv Aurora,190349.6,206.0,206.0,206.0
South,Amira Kohli,190345.8,207.0,207.0,207.0
South,Adira Kale,189928.0,208.0,208.0,208.0
South,Prerak Koshy,189412.0,209.0,209.0,209.0
South,Eva Deshpande,188886.6,210.0,210.0,210.0
South,Damini Bir,188480.0,211.0,211.0,211.0
South,Yasmin Samra,188480.0,212.0,211.0,211.0
South,Taran Ganesan,188409.6,213.0,213.0,212.0
South,Siya Shroff,188123.75,214.0,214.0,213.0
South,Rhea Ratti,187681.5,215.0,215.0,214.0
South,Eshani Kashyap,187605.0,216.0,216.0,215.0
South,Manjari Mangal,187190.4,217.0,217.0,216.0
South,Yuvaan Ganguly,186325.95,218.0,218.0,217.0
South,Anya Dua,186283.6,219.0,219.0,218.0
South,Yuvraj  Shan,184744.8,220.0,220.0,219.0
South,Nitara Saraf,184346.55,221.0,221.0,220.0
South,Aarav Ahuja,183855.0,222.0,222.0,221.0
South,Anay Chad,183679.2,223.0,223.0,222.0
South,Hridaan Bhat,183557.5,224.0,224.0,223.0
South,Inaaya  Kannan,182763.6,225.0,225.0,224.0
South,Gokul Kamdar,182761.95,226.0,226.0,225.0
South,Lakshay Krish,182380.0,227.0,227.0,226.0
South,Kavya Sastry,180784.0,228.0,228.0,227.0
South,Bhavin Desai,180701.4,229.0,229.0,228.0
South,Eshani Saran,180288.0,230.0,230.0,229.0
South,Hridaan Swaminathan,179868.5,231.0,231.0,230.0
South,Shlok Raja,179280.0,232.0,232.0,231.0
South,Jhanvi Sami,179074.8,233.0,233.0,232.0
South,Heer Ghosh,178614.0,234.0,234.0,233.0
South,Ryan Dutt,178177.0,235.0,235.0,234.0
South,Kashvi Sunder,177862.5,236.0,236.0,235.0
South,Faiyaz Sarraf,176047.2,237.0,237.0,236.0
South,Shlok Master,175618.5,238.0,238.0,237.0
South,Dhruv Iyengar,175556.0,239.0,239.0,238.0
South,Aradhya Atwal,175178.1,240.0,240.0,239.0
South,Vedika Wagle,174587.2,241.0,241.0,240.0
South,Kimaya Mander,174469.4,242.0,242.0,241.0
South,Ahana  Gupta,173641.95,243.0,243.0,242.0
South,Lakshit D’Alia,173480.4,244.0,244.0,243.0
South,Alisha Sarma,172774.6,245.0,245.0,244.0
South,Kanav Tata,172154.4,246.0,246.0,245.0
South,Kismat Bandi,171637.95,247.0,247.0,246.0
South,Sumer Majumdar,170464.5,248.0,248.0,247.0
South,Kashvi Choudhury,170190.0,249.0,249.0,248.0
South,Kiara Sarma,169735.5,250.0,250.0,249.0
South,Adah Bassi,169569.0,251.0,251.0,250.0
South,Alia Shenoy,169416.0,252.0,252.0,251.0
South,Nirvaan Lad,168564.0,253.0,253.0,252.0
South,Damini Barman,168070.5,254.0,254.0,253.0
South,Kaira Walia,167802.75,255.0,255.0,254.0
South,Dharmajan Solanki,167524.0,256.0,256.0,255.0
South,Yasmin Sengupta,166950.0,257.0,257.0,256.0
South,Piya Koshy,166381.2,258.0,258.0,257.0
South,Ahana  Vig,165413.4,259.0,259.0,258.0
South,Vihaan Majumdar,165336.0,260.0,260.0,259.0
South,Miraan Roy,163215.0,261.0,261.0,260.0
South,Ivana Mann,162763.2,262.0,262.0,261.0
South,Misha Bajaj,162352.0,263.0,263.0,262.0
South,Shalv Varty,162208.8,264.0,264.0,263.0
South,Kashvi Garde,161305.6,265.0,265.0,264.0
South,Jhanvi Mander,161060.55,266.0,266.0,265.0
South,Rohan Gole,161047.2,267.0,267.0,266.0
South,Onkar Rajagopal,160833.6,268.0,268.0,267.0
South,Tushar Krish,160099.2,269.0,269.0,268.0
South,Tejas Bobal,159616.8,270.0,270.0,269.0
South,Arhaan Sarkar,159397.2,271.0,271.0,270.0
South,Kiaan Bhatt,159022.4,272.0,272.0,271.0
South,Zeeshan Dubey,158964.45,273.0,273.0,272.0
South,Aaina Balasubramanian,158876.8,274.0,274.0,273.0
South,Faiyaz Dara,158600.0,275.0,275.0,274.0
South,Shanaya Sani,158372.0,276.0,276.0,275.0
South,Kavya Luthra,158325.6,277.0,277.0,276.0
South,Vivaan Varma,157704.75,278.0,278.0,277.0
South,Ivana Baral,157124.0,279.0,279.0,278.0
South,Hunar Tak,156926.7,280.0,280.0,279.0
South,Sara Gola,156422.4,281.0,281.0,280.0
South,Kavya Viswanathan,156092.0,282.0,282.0,281.0
South,Lakshit Shah,155608.65,283.0,283.0,282.0
South,Sahil Bakshi,155086.0,284.0,284.0,283.0
South,Saanvi Chaudhari,154275.0,285.0,285.0,284.0
South,Dishani Sharaf,154268.0,286.0,286.0,285.0
South,Mohanlal Dubey,154237.5,287.0,287.0,286.0
South,Nirvaan Ramanathan,152484.5,288.0,288.0,287.0
South,Sana Sampath,151600.0,289.0,289.0,288.0
South,Armaan Sibal,151048.8,290.0,290.0,289.0
South,Rhea Lall,150377.4,291.0,291.0,290.0
South,Emir Sastry,150100.8,292.0,292.0,291.0
South,Priyansh Badal,150040.8,293.0,293.0,292.0
South,Ryan Yohannan,149702.4,294.0,294.0,293.0
South,Darshit Bhardwaj,149645.0,295.0,295.0,294.0
South,Yasmin Date,149499.0,296.0,296.0,295.0
South,Tanya Amble,149012.0,297.0,297.0,296.0
South,Adira Dubey,148762.4,298.0,298.0,297.0
South,Dhanush Rajan,148262.4,299.0,299.0,298.0
South,Dhruv Arya,147611.85,300.0,300.0,299.0
South,Vedika Biswas,147168.3,301.0,301.0,300.0
South,Pari Mane,146220.0,302.0,302.0,301.0
South,Divit Date,145360.2,303.0,303.0,302.0
South,Kanav Anne,145066.5,304.0,304.0,303.0
South,Veer Bhardwaj,144921.6,305.0,305.0,304.0
South,Riaan Dutta,144749.7,306.0,306.0,305.0
South,Shaan Doshi,144557.7,307.0,307.0,306.0
South,Faiyaz Gour,144320.0,308.0,308.0,307.0
South,Armaan Hora,143684.0,309.0,309.0,308.0
South,Anahita Taneja,143172.6,310.0,310.0,309.0
South,Shayak Koshy,143072.0,311.0,311.0,310.0
South,Dhruv Sagar,142589.7,312.0,312.0,311.0
South,Elakshi Din,142306.2,313.0,313.0,312.0
South,Anay Mandal,142126.2,314.0,314.0,313.0
South,Reyansh Shenoy,141149.1,315.0,315.0,314.0
South,Madhup Sagar,140528.0,316.0,316.0,315.0
South,Tanya Ramanathan,140214.3,317.0,317.0,316.0
South,Mishti Sunder,140072.4,318.0,318.0,317.0
South,Hansh Warrior,138529.6,319.0,319.0,318.0
South,Yasmin Solanki,137986.2,320.0,320.0,319.0
South,Divij Mahajan,137860.0,321.0,321.0,320.0
South,Hazel Chakrabarti,137168.0,322.0,322.0,321.0
South,Pranay Chauhan,136627.2,323.0,323.0,322.0
South,Badal Rajan,136614.4,324.0,324.0,323.0
South,Samaira Loyal,136596.0,325.0,325.0,324.0
South,Dhruv Guha,136582.2,326.0,326.0,325.0
South,Pari Sundaram,136429.5,327.0,327.0,326.0
South,Yuvraj  Chandra,136425.6,328.0,328.0,327.0
South,Mannat Barad,136421.6,329.0,329.0,328.0
South,Ivan Vig,135936.9,330.0,330.0,329.0
South,Alisha Grewal,135092.0,331.0,331.0,330.0
South,Heer Varty,134611.1,332.0,332.0,331.0
South,Anahi Date,134412.0,333.0,333.0,332.0
South,Ritvik Ramanathan,134362.05,334.0,334.0,333.0
South,Neysa Sheth,134073.0,335.0,335.0,334.0
South,Drishya Shroff,133799.4,336.0,336.0,335.0
South,Aarush Raja,133492.5,337.0,337.0,336.0
South,Tushar Dutt,133446.6,338.0,338.0,337.0
South,Miraya Sengupta,133395.0,339.0,339.0,338.0
South,Mamooty Raman,133325.85,340.0,340.0,339.0
South,Shayak Mane,133172.0,341.0,341.0,340.0
South,Kavya Varty,132863.5,342.0,342.0,341.0
South,Pihu Gaba,132692.2,343.0,343.0,342.0
South,Urvi Khatri,132605.1,344.0,344.0,343.0
South,Yashvi Sastry,132601.0,345.0,345.0,344.0
South,Shaan Bera,131857.2,346.0,346.0,345.0
South,Yakshit Din,131814.0,347.0,347.0,346.0
South,Nayantara Kohli,131551.95,348.0,348.0,347.0
South,Nakul Bahri,131387.85,349.0,349.0,348.0
South,Jhanvi Boase,131278.6,350.0,350.0,349.0
South,Gatik Banerjee,131204.0,351.0,351.0,350.0
South,Riya Mander,131148.45,352.0,352.0,351.0
South,Inaaya  Karpe,130960.35,353.0,353.0,352.0
South,Ehsaan Butala,130628.8,354.0,354.0,353.0
South,Divyansh Sarna,130324.0,355.0,355.0,354.0
South,Ranbir Cheema,130281.0,356.0,356.0,355.0
South,Khushi Saha,130070.4,357.0,357.0,356.0
South,Dhanuk Aggarwal,130037.25,358.0,358.0,357.0
South,Faiyaz Srinivas,129969.0,359.0,359.0,358.0
South,Pihu Srinivasan,129863.85,360.0,360.0,359.0
South,Jayesh Sachdeva,129746.0,361.0,361.0,360.0
South,Tara Ratti,129746.0,362.0,361.0,360.0
South,Hridaan Bera,129731.2,363.0,363.0,361.0
South,Hiran Kapur,129708.8,364.0,364.0,362.0
South,Onkar Bhasin,129669.3,365.0,365.0,363.0
South,Alia Khare,129494.7,366.0,366.0,364.0
South,Himmat Srinivasan,129056.0,367.0,367.0,365.0
South,Hridaan Luthra,128968.2,368.0,368.0,366.0
South,Aarav Bala,128719.8,369.0,369.0,367.0
South,Hrishita Sagar,128109.6,370.0,370.0,368.0
South,Rania Mand,127514.7,371.0,371.0,369.0
South,Yashvi Ravi,127392.15,372.0,372.0,370.0
South,Rasha Thaman,127096.2,373.0,373.0,371.0
South,Yasmin Kamdar,127023.0,374.0,374.0,372.0
South,Madhup Keer,126726.4,375.0,375.0,373.0
South,Rati Goel,126426.0,376.0,376.0,374.0
South,Damini Grover,126420.0,377.0,377.0,375.0
South,Ranbir Babu,125962.4,378.0,378.0,376.0
South,Samar Wason,125395.2,379.0,379.0,377.0
South,Devansh Sethi,125199.9,380.0,380.0,378.0
South,Drishya Mangal,124995.2,381.0,381.0,379.0
South,Dhanush Vaidya,124936.4,382.0,382.0,380.0
South,Advik Subramaniam,124839.0,383.0,383.0,381.0
South,Kimaya Garg,124680.0,384.0,384.0,382.0
South,Samaira Gara,124659.0,385.0,385.0,383.0
South,Aarush Jani,124450.0,386.0,386.0,384.0
South,Ehsaan Das,124442.4,387.0,387.0,385.0
South,Himmat Rout,123979.2,388.0,388.0,386.0
South,Alisha Balakrishnan,123748.95,389.0,389.0,387.0
South,Inaaya  Sen,123665.0,390.0,390.0,388.0
South,Sana Walia,123408.0,391.0,391.0,389.0
South,Ishaan Dhaliwal,122129.1,392.0,392.0,390.0
South,Samarth Sibal,122091.15,393.0,393.0,391.0
South,Tushar Kakar,121773.0,394.0,394.0,392.0
South,Vritika Dugal,121700.8,395.0,395.0,393.0
South,Aarav Gupta,121696.8,396.0,396.0,394.0
South,Shayak Saxena,120637.65,397.0,397.0,395.0
South,Madhav Ramakrishnan,120332.0,398.0,398.0,396.0
South,Nitya Kohli,120180.7,399.0,399.0,397.0
South,Rati Varty,120097.8,400.0,400.0,398.0
South,Mahika Zacharia,120090.0,401.0,401.0,399.0
South,Kiaan Saini,119612.8,402.0,402.0,400.0
South,Shayak Suresh,119548.0,403.0,403.0,401.0
South,Abram Roy,119524.8,404.0,404.0,402.0
South,Miraan Sachar,119235.45,405.0,405.0,403.0
South,Yasmin Bhandari,118764.8,406.0,406.0,404.0
South,Krish Gole,118712.7,407.0,407.0,405.0
South,Pari Agate,118586.7,408.0,408.0,406.0
South,Elakshi Batra,117718.2,409.0,409.0,407.0
South,Kismat Tara,117485.3,410.0,410.0,408.0
South,Emir Ramanathan,117254.7,411.0,411.0,409.0
South,Yuvaan Sankar,116996.4,412.0,412.0,410.0
South,Jayant Sachar,116680.0,413.0,413.0,411.0
South,Miraan Banerjee,116650.5,414.0,414.0,412.0
South,Mamooty Luthra,116555.5,415.0,415.0,413.0
South,Fateh Dhar,116437.5,416.0,416.0,414.0
South,Tarini Behl,116376.9,417.0,417.0,415.0
South,Navya Kibe,116368.2,418.0,418.0,416.0
South,Raunak Gulati,116325.6,419.0,419.0,417.0
South,Riaan Bassi,116318.25,420.0,420.0,418.0
South,Nitara Choudhry,115619.4,421.0,421.0,419.0
South,Divij Bawa,115576.2,422.0,422.0,420.0
South,Misha Sem,115457.6,423.0,423.0,421.0
South,Zara Acharya,115381.8,424.0,424.0,422.0
South,Tarini Sura,115362.0,425.0,425.0,423.0
South,Gokul Ganguly,115034.4,426.0,426.0,424.0
South,Jiya Agarwal,114974.4,427.0,427.0,425.0
South,Ehsaan Saxena,114712.2,428.0,428.0,426.0
South,Rati Buch,114546.25,429.0,429.0,427.0
South,Pranay Goel,114537.5,430.0,430.0,428.0
South,Mohanlal Chaudhry,114370.9,431.0,431.0,429.0
South,Dhruv Shroff,114360.0,432.0,432.0,430.0
South,Manikya Sibal,113852.4,433.0,433.0,431.0
South,Darshit Iyengar,113186.8,434.0,434.0,432.0
South,Baiju Sane,113050.0,435.0,435.0,433.0
South,Ritvik Sarin,112752.5,436.0,436.0,434.0
South,Aradhya Rout,112703.2,437.0,437.0,435.0
South,Dhanuk Rao,112684.0,438.0,438.0,436.0
South,Stuvan Dutt,112394.0,439.0,439.0,437.0
South,Badal Raju,112359.6,440.0,440.0,438.0
South,Amira Chakraborty,112203.2,441.0,441.0,439.0
South,Ritvik Mangat,111979.2,442.0,442.0,440.0
South,Divyansh Ratta,111888.0,443.0,443.0,441.0
South,Sana Kalita,111742.0,444.0,444.0,442.0
South,Darshit Borra,111739.95,445.0,445.0,443.0
South,Aarav Sankar,111720.6,446.0,446.0,444.0
South,Kaira Solanki,111600.0,447.0,447.0,445.0
South,Taimur Mann,111584.0,448.0,448.0,446.0
South,Samiha Buch,111379.5,449.0,449.0,447.0
South,Yakshit Bakshi,111324.8,450.0,450.0,448.0
South,Neysa Chacko,110941.0,451.0,451.0,449.0
South,Reyansh Varty,110680.0,452.0,452.0,450.0
South,Taimur Anand,110644.0,453.0,453.0,451.0
South,Uthkarsh Tara,110268.0,454.0,454.0,452.0
South,Darshit Srinivas,110075.0,455.0,455.0,453.0
South,Kabir Ganesh,110049.9,456.0,456.0,454.0
South,Ranbir Suresh,109580.0,457.0,457.0,455.0
South,Mehul Zacharia,109395.0,458.0,458.0,456.0
South,Inaaya  Wagle,108927.0,459.0,459.0,457.0
South,Vanya Bhavsar,108496.0,460.0,460.0,458.0
South,Kismat Bhatti,108086.4,461.0,461.0,459.0
South,Madhav Halder,107718.0,462.0,462.0,460.0
South,Advik Kakar,107504.0,463.0,463.0,461.0
South,Jayesh Ratti,107308.2,464.0,464.0,462.0
South,Madhup Sachar,107159.4,465.0,465.0,463.0
South,Biju Vig,107093.5,466.0,466.0,464.0
South,Aaina Shukla,106971.9,467.0,467.0,465.0
South,Purab Batta,106633.6,468.0,468.0,466.0
South,Faiyaz Dasgupta,106313.55,469.0,469.0,467.0
South,Shamik Zachariah,105320.0,470.0,470.0,468.0
South,Madhup Karpe,105066.0,471.0,471.0,469.0
South,Heer Varghese,104764.2,472.0,472.0,470.0
South,Mohanlal Grover,104652.0,473.0,473.0,471.0
South,Dishani Tiwari,104616.0,474.0,474.0,472.0
South,Ritvik Sood,104508.0,475.0,475.0,473.0
South,Shalv Varughese,104490.0,476.0,476.0,474.0
South,Yuvraj  Walia,104158.0,477.0,477.0,475.0
South,Ivana Bahri,102004.0,478.0,478.0,476.0
South,Jayan Chahal,101663.1,479.0,479.0,477.0
South,Anika Lala,101563.2,480.0,480.0,478.0
South,Saira Balay,100928.0,481.0,481.0,479.0
South,Dhanush Toor,100827.2,482.0,482.0,480.0
South,Zain Sen,100572.0,483.0,483.0,481.0
South,Rati Aggarwal,100312.0,484.0,484.0,482.0
South,Vedika Dave,100082.4,485.0,485.0,483.0
South,Kiara Chahal,99975.6,486.0,486.0,484.0
South,Zaina Chanda,99014.7,487.0,487.0,485.0
South,Hansh Bal,98708.0,488.0,488.0,486.0
South,Azad Anne,98649.6,489.0,489.0,487.0
South,Hridaan Suresh,98570.1,490.0,490.0,488.0
South,Neysa Magar,98224.0,491.0,491.0,489.0
South,Prisha Dhillon,98144.4,492.0,492.0,490.0
South,Samaira Suri,97909.8,493.0,493.0,491.0
South,Advik Dey,97754.4,494.0,494.0,492.0
South,Yashvi Grover,97728.4,495.0,495.0,493.0
South,Aarush Bahl,97382.0,496.0,496.0,494.0
South,Farhan Mallick,97152.45,497.0,497.0,495.0
South,Vivaan Gole,96844.0,498.0,498.0,496.0
South,Ira Dash,96476.4,499.0,499.0,497.0
South,Nitya Deo,96211.8,500.0,500.0,498.0
South,Anika Bumb,95728.65,501.0,501.0,499.0
South,Ritvik Madan,95604.6,502.0,502.0,500.0
South,Miraya Kara,95564.0,503.0,503.0,501.0
South,Indrans Sharma,94884.8,504.0,504.0,502.0
South,Manikya Kulkarni,94665.6,505.0,505.0,503.0
South,Anika Reddy,94528.8,506.0,506.0,504.0
South,Anika Chaudhry,94140.0,507.0,507.0,505.0
South,Onkar Dhar,93680.0,508.0,508.0,506.0
South,Hrishita Bera,93597.8,509.0,509.0,507.0
South,Zara Kakar,93594.0,510.0,510.0,508.0
South,Vardaniya Verma,93286.65,511.0,511.0,509.0
South,Aniruddh Magar,93230.4,512.0,512.0,510.0
South,Vardaniya Ramachandran,92796.0,513.0,513.0,511.0
South,Dhruv Thaker,92745.0,514.0,514.0,512.0
South,Kanav Shan,92682.0,515.0,515.0,513.0
South,Raghav Chada,92658.25,516.0,516.0,514.0
South,Nayantara Varghese,92557.35,517.0,517.0,515.0
South,Amani Hegde,92475.0,518.0,518.0,516.0
South,Onkar Zachariah,91835.55,519.0,519.0,517.0
South,Samarth Chad,91744.0,520.0,520.0,518.0
South,Pihu Balan,91368.15,521.0,521.0,519.0
South,Devansh Ram,91324.0,522.0,522.0,520.0
South,Uthkarsh Bhat,91206.0,523.0,523.0,521.0
South,Nirvaan Sehgal,90768.7,524.0,524.0,522.0
South,Mohanlal Deshmukh,90582.4,525.0,525.0,523.0
South,Aradhya Bava,90246.2,526.0,526.0,524.0
South,Mishti Keer,89766.8,527.0,527.0,525.0
South,Jayan Sidhu,89446.4,528.0,528.0,526.0
South,Sahil Chandran,89128.8,529.0,529.0,527.0
South,Biju Sur,88928.0,530.0,530.0,528.0
South,Alisha Bahri,88730.0,531.0,531.0,529.0
South,Nirvi Manda,88662.4,532.0,532.0,530.0
South,Nitya Gopal,88540.8,533.0,533.0,531.0
South,Vardaniya Chakrabarti,88529.4,534.0,534.0,532.0
South,Inaaya  Dhingra,88485.0,535.0,535.0,533.0
South,Misha Venkatesh,87490.8,536.0,536.0,534.0
South,Dhruv Divan,87478.0,537.0,537.0,535.0
South,Piya Khurana,87472.2,538.0,538.0,536.0
South,Yuvraj  Varghese,87036.0,539.0,539.0,537.0
South,Yuvaan Grover,86980.0,540.0,540.0,538.0
South,Vritika Dyal,86968.6,541.0,541.0,539.0
South,Yashvi Sankaran,86930.7,542.0,542.0,540.0
South,Biju Kalita,86620.8,543.0,543.0,541.0
South,Anaya Savant,86508.0,544.0,544.0,542.0
South,Saanvi Solanki,86496.0,545.0,545.0,543.0
South,Dhanush Kothari,86405.4,546.0,546.0,544.0
South,Priyansh Mahajan,86073.6,547.0,547.0,545.0
South,Indranil Mahal,85584.8,548.0,548.0,546.0
South,Ranbir Randhawa,85060.0,549.0,549.0,547.0
South,Krish Solanki,85020.4,550.0,550.0,548.0
South,Yuvraj  Lala,84987.2,551.0,551.0,549.0
South,Sana Handa,84330.0,552.0,552.0,550.0
South,Sara Hayre,84267.2,553.0,553.0,551.0
South,Jiya Dhar,84082.0,554.0,554.0,552.0
South,Purab Suri,83740.0,555.0,555.0,553.0
South,Himmat Kashyap,83685.6,556.0,556.0,554.0
South,Yakshit Brahmbhatt,83368.0,557.0,557.0,555.0
South,Vaibhav Kannan,83324.7,558.0,558.0,556.0
South,Lakshay Bail,83208.6,559.0,559.0,557.0
South,Purab Kari,82684.8,560.0,560.0,558.0
South,Shanaya Desai,82504.4,561.0,561.0,559.0
South,Lakshit Singhal,82305.5,562.0,562.0,560.0
South,Ela Yadav,81936.0,563.0,563.0,561.0
South,Azad Sarkar,81814.5,564.0,564.0,562.0
South,Manjari Dixit,81644.4,565.0,565.0,563.0
South,Divij Dara,81556.0,566.0,566.0,564.0
South,Madhup Dhar,81459.75,567.0,567.0,565.0
South,Farhan Sarkar,81404.5,568.0,568.0,566.0
South,Madhup Roy,81362.75,569.0,569.0,567.0
South,Mishti Dayal,81321.9,570.0,570.0,568.0
South,Vritika Sethi,81062.55,571.0,571.0,569.0
South,Charvi Amble,80920.05,572.0,572.0,570.0
South,Prisha Gopal,80823.15,573.0,573.0,571.0
South,Uthkarsh Bhardwaj,79827.0,574.0,574.0,572.0
South,Bhamini Rama,79650.0,575.0,575.0,573.0
South,Vidur Dora,79574.4,576.0,576.0,574.0
South,Nayantara Chatterjee,79066.8,577.0,577.0,575.0
South,Priyansh Wadhwa,78240.0,578.0,578.0,576.0
South,Samiha Tata,78052.0,579.0,579.0,577.0
South,Hazel Deshpande,77684.4,580.0,580.0,578.0
South,Aniruddh Ratti,77522.4,581.0,581.0,579.0
South,Ahana  Wable,77248.0,582.0,582.0,580.0
South,Shayak Bala,77233.6,583.0,583.0,581.0
South,Darshit Agrawal,77115.6,584.0,584.0,582.0
South,Veer Rout,76948.2,585.0,585.0,583.0
South,Zara Doshi,76552.0,586.0,586.0,584.0
South,Anika Sodhi,76513.6,587.0,587.0,585.0
South,Ira Babu,76312.8,588.0,588.0,586.0
South,Yasmin Sankar,76296.0,589.0,589.0,587.0
South,Nehmat Bahri,76177.0,590.0,590.0,588.0
South,Shaan Date,76038.0,591.0,591.0,589.0
South,Baiju Amble,75354.2,592.0,592.0,590.0
South,Saksham Hayre,75321.0,593.0,593.0,591.0
South,Kanav Tank,75057.3,594.0,594.0,592.0
South,Urvi Hayre,74856.2,595.0,595.0,593.0
South,Dhanush Sandal,74759.3,596.0,596.0,594.0
South,Amani Keer,74461.95,597.0,597.0,595.0
South,Emir Talwar,74442.0,598.0,598.0,596.0
South,Lagan Lata,74401.6,599.0,599.0,597.0
South,Vedika Shetty,74308.0,600.0,600.0,598.0
South,Samarth Dhillon,74079.9,601.0,601.0,599.0
South,Reyansh Agrawal,73872.0,602.0,602.0,600.0
South,Nirvaan Rama,73733.3,603.0,603.0,601.0
South,Shlok Ghose,73444.5,604.0,604.0,602.0
South,Aarush Kaur,73170.9,605.0,605.0,603.0
South,Nishith Kumar,73078.2,606.0,606.0,604.0
South,Zain Baria,73062.6,607.0,607.0,605.0
South,Piya Mallick,73009.0,608.0,608.0,606.0
South,Saira Cherian,72998.4,609.0,609.0,607.0
South,Ryan Boase,72741.3,610.0,610.0,608.0
South,Tiya Gera,72667.4,611.0,611.0,609.0
South,Sahil Deshmukh,72531.2,612.0,612.0,610.0
South,Ishaan Dube,72156.0,613.0,613.0,611.0
South,Anahita Agarwal,72086.0,614.0,614.0,612.0
South,Madhup Tata,71668.8,615.0,615.0,613.0
South,Shanaya Chatterjee,71644.5,616.0,616.0,614.0
South,Anya Aggarwal,71607.6,617.0,617.0,615.0
South,Trisha Golla,71400.0,618.0,618.0,616.0
South,Armaan Kara,71299.4,619.0,619.0,617.0
South,Arnav Ranganathan,70437.6,620.0,620.0,618.0
South,Pari Varghese,70323.2,621.0,621.0,619.0
South,Saksham Balan,70320.9,622.0,622.0,620.0
South,Bhamini Tata,70009.3,623.0,623.0,621.0
South,Manjari Sane,69996.6,624.0,624.0,622.0
South,Alia Gour,69931.8,625.0,625.0,623.0
South,Darshit Lanka,69868.7,626.0,626.0,624.0
South,Rati Tailor,69812.0,627.0,627.0,625.0
South,Keya Edwin,69193.25,628.0,628.0,626.0
South,Tushar Behl,69153.6,629.0,629.0,627.0
South,Ojas Uppal,69136.25,630.0,630.0,628.0
South,Mishti Vala,69069.6,631.0,631.0,629.0
South,Keya Rout,68990.0,632.0,632.0,630.0
South,Kashvi Varty,68958.6,633.0,633.0,631.0
South,Lagan Kala,68905.4,634.0,634.0,632.0
South,Ayesha D’Alia,68704.0,635.0,635.0,633.0
South,Sana Borra,68685.0,636.0,636.0,634.0
South,Indrajit Grewal,68412.0,637.0,637.0,635.0
South,Sumer Yadav,68358.2,638.0,638.0,636.0
South,Damini Rajagopal,67992.0,639.0,639.0,637.0
South,Anika Walia,67899.6,640.0,640.0,638.0
South,Prisha Yohannan,67662.0,641.0,641.0,639.0
South,Saanvi Chandra,67362.6,642.0,642.0,640.0
South,Ela Wadhwa,67362.0,643.0,643.0,641.0
South,Tejas Kaur,67075.0,644.0,644.0,642.0
South,Yakshit Garg,66990.2,645.0,645.0,643.0
South,Lakshit Walia,66989.7,646.0,646.0,644.0
South,Diya Sibal,66795.2,647.0,647.0,645.0
South,Samar Sachdeva,66693.55,648.0,648.0,646.0
South,Bhamini Bumb,66483.6,649.0,649.0,647.0
South,Gatik Ratta,66236.4,650.0,650.0,648.0
South,Riaan Dutt,66212.1,651.0,651.0,649.0
South,Diya Sachar,66153.0,652.0,652.0,650.0
South,Anay Dasgupta,66008.0,653.0,653.0,651.0
South,Badal Sachdeva,65836.0,654.0,654.0,652.0
South,Sara Bail,65706.0,655.0,655.0,653.0
South,Ishita Arya,65704.15,656.0,656.0,654.0
South,Lakshay Salvi,65111.7,657.0,657.0,655.0
South,Mishti Mahajan,65081.1,658.0,658.0,656.0
South,Alia Zacharia,64999.0,659.0,659.0,657.0
South,Jivika Babu,64716.85,660.0,660.0,658.0
South,Hunar Aggarwal,64639.95,661.0,661.0,659.0
South,Tejas Ramachandran,64619.1,662.0,662.0,660.0
South,Yakshit Raman,64551.0,663.0,663.0,661.0
South,Sana Srinivas,64459.0,664.0,664.0,662.0
South,Adah Balasubramanian,64336.0,665.0,665.0,663.0
South,Bhavin Gulati,63821.4,666.0,666.0,664.0
South,Lakshay Bhatt,63709.2,667.0,667.0,665.0
South,Mehul Johal,63491.4,668.0,668.0,666.0
South,Anvi Sarna,63477.6,669.0,669.0,667.0
South,Advik Behl,63468.0,670.0,670.0,668.0
South,Zara Bhat,63433.0,671.0,671.0,669.0
South,Rati Yogi,63235.75,672.0,672.0,670.0
South,Jayan Toor,63153.0,673.0,673.0,671.0
South,Tiya Sandhu,63093.0,674.0,674.0,672.0
South,Reyansh Chakraborty,62919.55,675.0,675.0,673.0
South,Ehsaan Krishnan,62860.05,676.0,676.0,674.0
South,Madhav Rau,62808.2,677.0,677.0,675.0
South,Adah Sinha,62764.6,678.0,678.0,676.0
South,Aaina Sharaf,62507.0,679.0,679.0,677.0
South,Diya Chakrabarti,62310.6,680.0,680.0,678.0
South,Riya Bhandari,62043.0,681.0,681.0,679.0
South,Shanaya Bhat,61992.0,682.0,682.0,680.0
South,Ahana  Basu,61982.4,683.0,683.0,681.0
South,Kabir Sunder,61952.0,684.0,684.0,682.0
South,Vivaan Sastry,61936.0,685.0,685.0,683.0
South,Nirvaan Bhargava,61930.5,686.0,686.0,684.0
South,Kiara Garde,61892.5,687.0,687.0,685.0
South,Jivin Sani,61592.7,688.0,688.0,686.0
South,Priyansh Kar,61436.5,689.0,689.0,687.0
South,Taimur Bhardwaj,61410.85,690.0,690.0,688.0
South,Kiara Dhawan,61314.9,691.0,691.0,689.0
South,Indrajit Reddy,61199.1,692.0,692.0,690.0
South,Raghav Kala,61068.0,693.0,693.0,691.0
South,Inaaya  Bandi,60908.0,694.0,694.0,692.0
South,Rati Thaker,60701.9,695.0,695.0,693.0
South,Elakshi Suresh,60692.0,696.0,696.0,694.0
South,Advika Ramakrishnan,60444.0,697.0,697.0,695.0
South,Rohan Vora,60412.0,698.0,698.0,696.0
South,Kaira Srinivas,60195.3,699.0,699.0,697.0
South,Mahika Sachdeva,60107.75,700.0,700.0,698.0
South,Uthkarsh Chad,59964.0,701.0,701.0,699.0
South,Madhav Rama,59887.2,702.0,702.0,700.0
South,Tiya Balan,59876.55,703.0,703.0,701.0
South,Mishti Manne,59856.0,704.0,704.0,702.0
South,Raunak Sankar,59784.0,705.0,705.0,703.0
South,Uthkarsh Madan,59542.4,706.0,706.0,704.0
South,Anay Kamdar,59540.3,707.0,707.0,705.0
South,Mahika Tiwari,59535.9,708.0,708.0,706.0
South,Lavanya Saxena,59414.4,709.0,709.0,707.0
South,Rasha Bose,59346.5,710.0,710.0,708.0
South,Siya Malhotra,59304.0,711.0,711.0,709.0
South,Mamooty Dara,59273.1,712.0,712.0,710.0
South,Shlok Kapadia,59258.4,713.0,713.0,711.0
South,Seher Dey,59223.6,714.0,714.0,712.0
South,Faiyaz Borah,59130.0,715.0,715.0,713.0
South,Manikya Bhattacharyya,59092.2,716.0,716.0,714.0
South,Heer Tara,59080.8,717.0,717.0,715.0
South,Prisha Shenoy,58896.0,718.0,718.0,716.0
South,Nakul Maharaj,58687.4,719.0,719.0,717.0
South,Aradhya Lall,58635.0,720.0,720.0,718.0
South,Kaira Bera,58392.9,721.0,721.0,719.0
South,Inaaya  Amble,58028.65,722.0,722.0,720.0
South,Rohan Lad,57860.7,723.0,723.0,721.0
South,Seher Chopra,57692.8,724.0,724.0,722.0
South,Saksham Viswanathan,57535.8,725.0,725.0,723.0
South,Diya Sarraf,57531.6,726.0,726.0,724.0
South,Aayush Dass,57474.45,727.0,727.0,725.0
South,Indrajit Shukla,57316.0,728.0,728.0,726.0
South,Advik Barman,57023.95,729.0,729.0,727.0
South,Taran Anand,56990.4,730.0,730.0,728.0
South,Uthkarsh Chanda,56969.6,731.0,731.0,729.0
South,Ela Jain,56847.0,732.0,732.0,730.0
South,Damini Kapur,56836.6,733.0,733.0,731.0
South,Ojas Sem,56662.0,734.0,734.0,732.0
South,Kabir Dani,56541.6,735.0,735.0,733.0
South,Shray Sastry,56456.0,736.0,736.0,734.0
South,Anahi Rattan,56383.9,737.0,737.0,735.0
South,Shaan Dhar,56274.0,738.0,738.0,736.0
South,Oorja Sur,56215.0,739.0,739.0,737.0
South,Ivana Sen,56089.8,740.0,740.0,738.0
South,Krish Sinha,55816.8,741.0,741.0,739.0
South,Tushar Dube,55797.4,742.0,742.0,740.0
South,Anvi Dhawan,55683.3,743.0,743.0,741.0
South,Ela Chanda,55662.4,744.0,744.0,742.0
South,Yasmin Konda,55644.0,745.0,745.0,743.0
South,Nitara Srinivas,55452.6,746.0,746.0,744.0
South,Samar Dutta,55250.1,747.0,747.0,745.0
South,Misha Bandi,54896.0,748.0,748.0,746.0
South,Charvi Brar,54815.0,749.0,749.0,747.0
South,Lakshit Varma,54775.2,750.0,750.0,748.0
South,Himmat Ratta,54603.0,751.0,751.0,749.0
South,Saksham Garg,54397.0,752.0,752.0,750.0
South,Dhanuk Krish,54358.75,753.0,753.0,751.0
South,Ishita Divan,54250.0,754.0,754.0,752.0
South,Kabir Ratta,54240.0,755.0,755.0,753.0
South,Mahika Sridhar,54182.4,756.0,756.0,754.0
South,Chirag Hans,53998.4,757.0,757.0,755.0
South,Ela Koshy,53967.6,758.0,758.0,756.0
South,Navya Ramaswamy,53679.0,759.0,759.0,757.0
South,Dhanush Khanna,53654.4,760.0,760.0,758.0
South,Rania Bhatnagar,53646.4,761.0,761.0,759.0
South,Jayant Mallick,53622.0,762.0,762.0,760.0
South,Tara Salvi,53463.15,763.0,763.0,761.0
South,Baiju Sandhu,53454.8,764.0,764.0,762.0
South,Miraan Chacko,53432.7,765.0,765.0,763.0
South,Alisha Chakrabarti,53323.05,766.0,766.0,764.0
South,Myra Sarkar,53089.2,767.0,767.0,765.0
South,Kashvi Tata,53048.5,768.0,768.0,766.0
South,Priyansh Barman,53001.0,769.0,769.0,767.0
South,Nitya Amble,52961.0,770.0,770.0,768.0
South,Samaira Rana,52824.0,771.0,771.0,769.0
South,Siya Garde,52781.0,772.0,772.0,770.0
South,Biju Uppal,52740.8,773.0,773.0,771.0
South,Madhup Tiwari,52711.7,774.0,774.0,772.0
South,Tara Doctor,52576.8,775.0,775.0,773.0
South,Anahita De,52535.0,776.0,776.0,774.0
South,Armaan Aggarwal,52452.0,777.0,777.0,775.0
South,Siya Sangha,52246.8,778.0,778.0,776.0
South,Saanvi Samra,51740.35,779.0,779.0,777.0
South,Yuvraj  Majumdar,51710.4,780.0,780.0,778.0
South,Vaibhav Sheth,51471.95,781.0,781.0,779.0
South,Stuvan Dash,51290.0,782.0,782.0,780.0
South,Tarini Kuruvilla,51261.6,783.0,783.0,781.0
South,Suhana Ganguly,51148.8,784.0,784.0,782.0
South,Mishti Singh,51134.7,785.0,785.0,783.0
South,Pari Loyal,51101.45,786.0,786.0,784.0
South,Ishaan Bhatnagar,51055.2,787.0,787.0,785.0
South,Vedika Jha,50884.8,788.0,788.0,786.0
South,Samaira Uppal,50314.5,789.0,789.0,787.0
South,Yuvraj  Subramanian,50112.9,790.0,790.0,788.0
South,Saanvi Yogi,50084.8,791.0,791.0,789.0
South,Drishya Sibal,50040.0,792.0,792.0,790.0
South,Jivin Kaul,50035.0,793.0,793.0,791.0
South,Siya Brahmbhatt,50027.2,794.0,794.0,792.0
South,Shalv Tank,49958.4,795.0,795.0,793.0
South,Adira Sathe,49944.0,796.0,796.0,794.0
South,Parinaaz Gola,49449.4,797.0,797.0,795.0
South,Anahita Krishna,49386.0,798.0,798.0,796.0
South,Samarth Shan,48883.2,799.0,799.0,797.0
South,Yakshit Dey,48800.0,800.0,800.0,798.0
South,Kabir Sundaram,48627.0,801.0,801.0,799.0
South,Jivin Manne,48597.0,802.0,802.0,800.0
South,Amira Sibal,48568.15,803.0,803.0,801.0
South,Riya Kalita,48388.8,804.0,804.0,802.0
South,Lavanya Srivastava,48293.6,805.0,805.0,803.0
South,Gatik Guha,48281.4,806.0,806.0,804.0
South,Kiara Iyer,48012.8,807.0,807.0,805.0
South,Faiyaz Tiwari,48009.2,808.0,808.0,806.0
South,Damini Madan,47874.3,809.0,809.0,807.0
South,Stuvan Kant,47757.6,810.0,810.0,808.0
South,Inaaya  Doshi,47732.0,811.0,811.0,809.0
South,Shray Sundaram,47648.0,812.0,812.0,810.0
South,Umang Virk,47480.4,813.0,813.0,811.0
South,Priyansh Dhingra,47448.8,814.0,814.0,812.0
South,Emir Jain,47356.55,815.0,815.0,813.0
South,Taran Lad,47255.2,816.0,816.0,814.0
South,Jayant Varkey,47150.35,817.0,817.0,815.0
South,Bhavin Venkatesh,47097.0,818.0,818.0,816.0
South,Lavanya Wable,46976.8,819.0,819.0,817.0
South,Lavanya Lata,46856.85,820.0,820.0,818.0
South,Saira Gopal,46826.0,821.0,821.0,819.0
South,Zeeshan Kaur,46642.9,822.0,822.0,820.0
South,Lakshay Arya,46607.4,823.0,823.0,821.0
South,Riya Brahmbhatt,46366.2,824.0,824.0,822.0
South,Kartik Gokhale,46161.0,825.0,825.0,823.0
South,Nishith Tara,46036.0,826.0,826.0,824.0
South,Khushi Chada,45990.4,827.0,827.0,825.0
South,Taran Bhandari,45377.0,828.0,828.0,826.0
South,Tejas Bal,45349.2,829.0,829.0,827.0
South,Anay Sastry,45271.85,830.0,830.0,828.0
South,Kartik Jha,45175.8,831.0,831.0,829.0
South,Anahita Hegde,45148.8,832.0,832.0,830.0
South,Mohanlal Jayaraman,45086.4,833.0,833.0,831.0
South,Mehul Roy,45068.7,834.0,834.0,832.0
South,Vanya Sur,45039.0,835.0,835.0,833.0
South,Azad Bhatti,44965.4,836.0,836.0,834.0
South,Khushi Venkatesh,44958.75,837.0,837.0,835.0
South,Dhanush Vyas,44608.0,838.0,838.0,836.0
South,Jayesh Dayal,44583.0,839.0,839.0,837.0
South,Lagan Chahal,44468.55,840.0,840.0,838.0
South,Armaan Bora,44367.0,841.0,841.0,839.0
South,Nakul Agarwal,44234.85,842.0,842.0,840.0
South,Advika Borra,44212.0,843.0,843.0,841.0
South,Dhanush Chand,43773.3,844.0,844.0,842.0
South,Faiyaz Gole,43772.4,845.0,845.0,843.0
South,Shayak Bath,43728.0,846.0,846.0,844.0
South,Charvi Gulati,43516.0,847.0,847.0,845.0
South,Vivaan Bassi,43462.2,848.0,848.0,846.0
South,Indrajit Majumdar,43437.0,849.0,849.0,847.0
South,Manjari Agarwal,43357.65,850.0,850.0,848.0
South,Ehsaan Dhillon,43259.0,851.0,851.0,849.0
South,Anya Ramachandran,43139.2,852.0,852.0,850.0
South,Yasmin Chahal,43095.8,853.0,853.0,851.0
South,Siya Dhillon,42935.4,854.0,854.0,852.0
South,Zoya Sankar,42565.5,855.0,855.0,853.0
South,Ahana  Sabharwal,42492.6,856.0,856.0,854.0
South,Riaan Mall,42358.05,857.0,857.0,855.0
South,Jiya Gopal,42292.8,858.0,858.0,856.0
South,Sumer Thakkar,42199.2,859.0,859.0,857.0
South,Kiaan Aggarwal,41990.85,860.0,860.0,858.0
South,Kashvi Sharma,41472.0,861.0,861.0,859.0
South,Vaibhav Rattan,41459.6,862.0,862.0,860.0
South,Saira Dubey,41292.7,863.0,863.0,861.0
South,Rasha Rana,41281.1,864.0,864.0,862.0
South,Mamooty Dewan,41225.0,865.0,865.0,863.0
South,Vaibhav Sama,41202.9,866.0,866.0,864.0
South,Purab Sarraf,41152.8,867.0,867.0,865.0
South,Manikya Kannan,41095.8,868.0,868.0,866.0
South,Rania Rege,40716.0,869.0,869.0,867.0
South,Mamooty Dass,40664.0,870.0,870.0,868.0
South,Nirvaan Talwar,40663.8,871.0,871.0,869.0
South,Urvi Babu,40378.4,872.0,872.0,870.0
South,Madhup Subramaniam,40354.0,873.0,873.0,871.0
South,Inaaya  Cheema,40223.0,874.0,874.0,872.0
South,Ishaan Behl,40115.75,875.0,875.0,873.0
South,Anahita Dugal,39865.8,876.0,876.0,874.0
South,Adira Dutta,39852.0,877.0,877.0,875.0
South,Chirag Ram,39627.35,878.0,878.0,876.0
South,Dishani Ramaswamy,39541.0,879.0,879.0,877.0
South,Vedika Ramachandran,39523.3,880.0,880.0,878.0
South,Akarsh Sule,39508.8,881.0,881.0,879.0
South,Shlok Gandhi,39185.6,882.0,882.0,880.0
South,Badal Mand,39026.0,883.0,883.0,881.0
South,Hrishita Dyal,38977.0,884.0,884.0,882.0
South,Jhanvi Madan,38836.95,885.0,885.0,883.0
South,Tanya Tak,38605.0,886.0,886.0,884.0
South,Mannat Ram,38377.8,887.0,887.0,885.0
South,Eshani Venkatesh,38327.75,888.0,888.0,886.0
South,Drishya Cheema,38281.5,889.0,889.0,887.0
South,Navya Thakur,38142.9,890.0,890.0,888.0
South,Fateh Bakshi,37840.8,891.0,891.0,889.0
South,Indranil Char,37840.8,892.0,891.0,889.0
South,Zaina Dua,37328.8,893.0,893.0,890.0
South,Ehsaan Aggarwal,37308.6,894.0,894.0,891.0
South,Samaira Vala,37080.0,895.0,895.0,892.0
South,Divij Rajagopal,37063.3,896.0,896.0,893.0
South,Krish Vaidya,37059.2,897.0,897.0,894.0
South,Aarush Doshi,37044.8,898.0,898.0,895.0
South,Diya Kala,37022.4,899.0,899.0,896.0
South,Vanya Srinivasan,36825.6,900.0,900.0,897.0
South,Saira Hegde,36498.05,901.0,901.0,898.0
South,Jhanvi Subramaniam,36481.15,902.0,902.0,899.0
South,Divyansh Thaman,36420.8,903.0,903.0,900.0
South,Krish Ahuja,36391.9,904.0,904.0,901.0
South,Kiara Bhatia,36369.0,905.0,905.0,902.0
South,Hansh Kurian,36038.25,906.0,906.0,903.0
South,Tejas Ghose,36032.4,907.0,907.0,904.0
South,Indranil Sachdev,35876.75,908.0,908.0,905.0
South,Dhanush Gara,35837.7,909.0,909.0,906.0
South,Krish Chada,35761.2,910.0,910.0,907.0
South,Abram Bhalla,35051.45,911.0,911.0,908.0
South,Sumer Ramachandran,34850.0,912.0,912.0,909.0
South,Parinaaz Swaminathan,34790.4,913.0,913.0,910.0
South,Madhav Ramesh,34674.05,914.0,914.0,911.0
South,Vaibhav Sehgal,34648.8,915.0,915.0,912.0
South,Arhaan Dalal,34488.0,916.0,916.0,913.0
South,Fateh Tak,34143.65,917.0,917.0,914.0
South,Mamooty Chana,33841.05,918.0,918.0,915.0
South,Anika Dugal,33552.8,919.0,919.0,916.0
South,Yasmin Ratta,33530.4,920.0,920.0,917.0
South,Vritika Tandon,33407.7,921.0,921.0,918.0
South,Urvi Chad,33328.5,922.0,922.0,919.0
South,Zaina Bath,33241.45,923.0,923.0,920.0
South,Riaan Deep,32944.8,924.0,924.0,921.0
South,Tara Chaudhary,32888.7,925.0,925.0,922.0
South,Misha Batra,32734.8,926.0,926.0,923.0
South,Rania Raman,32720.0,927.0,927.0,924.0
South,Ranbir Singhal,32700.0,928.0,928.0,925.0
South,Jayant Yohannan,32588.1,929.0,929.0,926.0
South,Hunar Sachdeva,32493.6,930.0,930.0,927.0
South,Aarna Yadav,32339.1,931.0,931.0,928.0
South,Dishani Ranganathan,32323.8,932.0,932.0,929.0
South,Ela Soni,32216.8,933.0,933.0,930.0
South,Reyansh Goel,31916.0,934.0,934.0,931.0
South,Dhanuk Kamdar,31787.2,935.0,935.0,932.0
South,Nitya Chatterjee,31776.0,936.0,936.0,933.0
South,Indrans Choudhary,31506.95,937.0,937.0,934.0
South,Trisha Bansal,31357.6,938.0,938.0,935.0
South,Manjari Choudhry,31249.8,939.0,939.0,936.0
South,Emir Vasa,31246.0,940.0,940.0,937.0
South,Kismat Kalita,31183.75,941.0,941.0,938.0
South,Yuvraj  Bhavsar,31028.9,942.0,942.0,939.0
South,Ira Mane,30881.0,943.0,943.0,940.0
South,Chirag Bera,30844.6,944.0,944.0,941.0
South,Kiaan Sur,30820.5,945.0,945.0,942.0
South,Aarna Karnik,30637.4,946.0,946.0,943.0
South,Taimur Krishnamurthy,30586.0,947.0,947.0,944.0
South,Himmat Tak,30517.8,948.0,948.0,945.0
South,Indrans Khurana,30457.0,949.0,949.0,946.0
South,Eshani Anand,29894.5,950.0,950.0,947.0
South,Heer Saini,29835.0,951.0,951.0,948.0
South,Yakshit Gole,29791.65,952.0,952.0,949.0
South,Aradhya Bhandari,29745.75,953.0,953.0,950.0
South,Ivana Thakkar,29727.0,954.0,954.0,951.0
South,Ryan Ben,29714.3,955.0,955.0,952.0
South,Nakul Setty,29625.6,956.0,956.0,953.0
South,Anaya D’Alia,29541.75,957.0,957.0,954.0
South,Piya Magar,29463.3,958.0,958.0,955.0
South,Damini Kumar,28976.0,959.0,959.0,956.0
South,Biju Kadakia,28876.0,960.0,960.0,957.0
South,Kiara Doctor,28845.0,961.0,961.0,958.0
South,Sahil Bhatti,28781.0,962.0,962.0,959.0
South,Shalv Kapoor,28400.4,963.0,963.0,960.0
South,Myra Sodhi,28123.2,964.0,964.0,961.0
South,Zain Dani,28121.0,965.0,965.0,962.0
South,Nirvaan Karan,27879.15,966.0,966.0,963.0
South,Mohanlal Kapoor,27817.6,967.0,967.0,964.0
South,Arhaan Khatri,27590.4,968.0,968.0,965.0
South,Dishani Rajagopal,27476.25,969.0,969.0,966.0
South,Hrishita Tailor,27298.4,970.0,970.0,967.0
South,Jiya Swaminathan,27285.9,971.0,971.0,968.0
South,Arnav Agate,26993.7,972.0,972.0,969.0
South,Anya Dass,26924.4,973.0,973.0,970.0
South,Siya Chad,26825.6,974.0,974.0,971.0
South,Mamooty Tata,26824.8,975.0,975.0,972.0
South,Chirag Chada,26824.0,976.0,976.0,973.0
South,Ehsaan Gokhale,26778.0,977.0,977.0,974.0
South,Mamooty Zachariah,26761.5,978.0,978.0,975.0
South,Ishaan Banik,26652.6,979.0,979.0,976.0
South,Aarav Batra,26458.8,980.0,980.0,977.0
South,Abram Gara,26063.0,981.0,981.0,978.0
South,Shayak Agrawal,26023.5,982.0,982.0,979.0
South,Gatik Chahal,26000.0,983.0,983.0,980.0
South,Ayesha Dani,25956.9,984.0,984.0,981.0
South,Jayan Lall,25949.25,985.0,985.0,982.0
South,Dhruv Bali,25947.2,986.0,986.0,983.0
South,Vanya Iyer,25617.0,987.0,987.0,984.0
South,Kanav Hari,25530.3,988.0,988.0,985.0
South,Elakshi Singhal,25441.35,989.0,989.0,986.0
South,Anvi Joshi,25337.7,990.0,990.0,987.0
South,Armaan Krishnamurthy,25247.2,991.0,991.0,988.0
South,Nitara Contractor,24944.1,992.0,992.0,989.0
South,Eshani Karpe,24778.0,993.0,993.0,990.0
South,Shalv Dutta,24735.0,994.0,994.0,991.0
South,Manjari Doshi,24665.3,995.0,995.0,992.0
South,Hazel Kulkarni,24655.5,996.0,996.0,993.0
South,Lagan Kata,24645.0,997.0,997.0,994.0
South,Hrishita Kumer,24588.8,998.0,998.0,995.0
South,Kashvi Mani,24510.0,999.0,999.0,996.0
South,Kismat Chandran,24306.0,1000.0,1000.0,997.0
South,Taran Tiwari,24302.7,1001.0,1001.0,998.0
South,Samiha Aurora,24044.5,1002.0,1002.0,999.0
South,Indrajit Dave,23987.2,1003.0,1003.0,1000.0
South,Emir Dass,23921.0,1004.0,1004.0,1001.0
South,Fateh Chana,23913.05,1005.0,1005.0,1002.0
South,Priyansh Amble,23907.2,1006.0,1006.0,1003.0
South,Ehsaan Shanker,23826.0,1007.0,1007.0,1004.0
South,Farhan Joshi,23809.0,1008.0,1008.0,1005.0
South,Anvi Reddy,23784.2,1009.0,1009.0,1006.0
South,Ranbir Khanna,23716.0,1010.0,1010.0,1007.0
South,Tara Sharaf,23670.0,1011.0,1011.0,1008.0
South,Jayesh Chander,23579.1,1012.0,1012.0,1009.0
South,Azad Kunda,23376.7,1013.0,1013.0,1010.0
South,Taimur Mall,23237.0,1014.0,1014.0,1011.0
South,Ritvik Majumdar,22883.6,1015.0,1015.0,1012.0
South,Divyansh Din,22865.0,1016.0,1016.0,1013.0
South,Zeeshan Vaidya,22778.4,1017.0,1017.0,1014.0
South,Lagan Korpal,22705.6,1018.0,1018.0,1015.0
South,Lakshit Das,22673.6,1019.0,1019.0,1016.0
South,Ishita Wali,22576.0,1020.0,1020.0,1017.0
South,Kartik Subramaniam,22562.4,1021.0,1021.0,1018.0
South,Vaibhav Chaudhari,22486.0,1022.0,1022.0,1019.0
South,Aayush Krish,22338.4,1023.0,1023.0,1020.0
South,Kiaan Wable,22307.9,1024.0,1024.0,1021.0
South,Tejas Dalal,22100.0,1025.0,1025.0,1022.0
South,Divij Loyal,22077.6,1026.0,1026.0,1023.0
South,Ayesha Sant,21997.15,1027.0,1027.0,1024.0
South,Elakshi Kashyap,21979.8,1028.0,1028.0,1025.0
South,Zain Wadhwa,21751.5,1029.0,1029.0,1026.0
South,Mamooty Solanki,21578.4,1030.0,1030.0,1027.0
South,Hridaan Kara,20848.8,1031.0,1031.0,1028.0
South,Vihaan Kannan,20838.0,1032.0,1032.0,1029.0
South,Samiha Dugar,20833.0,1033.0,1033.0,1030.0
South,Jhanvi Date,20651.1,1034.0,1034.0,1031.0
South,Stuvan Hans,20244.0,1035.0,1035.0,1032.0
South,Ahana  Ray,20165.4,1036.0,1036.0,1033.0
South,Emir Subramaniam,20072.0,1037.0,1037.0,1034.0
South,Umang Ramanathan,20064.0,1038.0,1038.0,1035.0
South,Shayak Verma,19969.2,1039.0,1039.0,1036.0
South,Neysa Bassi,19821.6,1040.0,1040.0,1037.0
South,Ranbir Srinivasan,19651.7,1041.0,1041.0,1038.0
South,Hansh Tak,19561.5,1042.0,1042.0,1039.0
South,Suhana Raval,19394.0,1043.0,1043.0,1040.0
South,Kanav Tak,19369.0,1044.0,1044.0,1041.0
South,Taran Kakar,19231.8,1045.0,1045.0,1042.0
South,Jivika Andra,19193.0,1046.0,1046.0,1043.0
South,Shray Date,19192.0,1047.0,1047.0,1044.0
South,Divit Jaggi,19066.0,1048.0,1048.0,1045.0
South,Farhan Chhabra,19015.2,1049.0,1049.0,1046.0
South,Mohanlal Rout,18941.4,1050.0,1050.0,1047.0
South,Aarush Mani,18453.5,1051.0,1051.0,1048.0
South,Miraya Jha,18347.25,1052.0,1052.0,1049.0
South,Shlok Bakshi,18284.4,1053.0,1053.0,1050.0
South,Yashvi Sarraf,18238.45,1054.0,1054.0,1051.0
South,Hiran Bahl,18208.0,1055.0,1055.0,1052.0
South,Ehsaan Khurana,18065.7,1056.0,1056.0,1053.0
South,Miraan Iyer,17615.4,1057.0,1057.0,1054.0
South,Samaira Sengupta,17443.7,1058.0,1058.0,1055.0
South,Zoya Hans,17442.0,1059.0,1059.0,1056.0
South,Onkar Sahota,17126.4,1060.0,1060.0,1057.0
South,Himmat Bahri,17120.0,1061.0,1061.0,1058.0
South,Baiju Jaggi,17054.4,1062.0,1062.0,1059.0
South,Himmat Ramanathan,16960.0,1063.0,1063.0,1060.0
South,Drishya Chokshi,16770.5,1064.0,1064.0,1061.0
South,Piya Ganesan,16547.1,1065.0,1065.0,1062.0
South,Jivin Bobal,16402.7,1066.0,1066.0,1063.0
South,Nayantara Jhaveri,16265.9,1067.0,1067.0,1064.0
South,Jhanvi Balay,16248.0,1068.0,1068.0,1065.0
South,Ahana  Choudhary,16233.6,1069.0,1069.0,1066.0
South,Eva Devan,16229.9,1070.0,1070.0,1067.0
South,Ahana  Deep,16053.3,1071.0,1071.0,1068.0
South,Hansh Thaker,16017.6,1072.0,1072.0,1069.0
South,Jhanvi Sandal,15894.4,1073.0,1073.0,1070.0
South,Shlok Karpe,15855.9,1074.0,1074.0,1071.0
South,Riaan Krishna,15851.2,1075.0,1075.0,1072.0
South,Divyansh Bajwa,15831.2,1076.0,1076.0,1073.0
South,Vidur Khanna,15786.2,1077.0,1077.0,1074.0
South,Ivana Bobal,15713.0,1078.0,1078.0,1075.0
South,Jayan Mane,15700.0,1079.0,1079.0,1076.0
South,Drishya Amble,15638.4,1080.0,1080.0,1077.0
South,Alisha Sekhon,15345.0,1081.0,1081.0,1078.0
South,Madhup Mannan,15268.0,1082.0,1082.0,1079.0
South,Bhavin Barad,15262.7,1083.0,1083.0,1080.0
South,Fateh Chaudhari,15214.25,1084.0,1084.0,1081.0
South,Dhanuk Raja,14850.4,1085.0,1085.0,1082.0
South,Tara Jaggi,14796.0,1086.0,1086.0,1083.0
South,Yakshit Kuruvilla,14734.0,1087.0,1087.0,1084.0
South,Samiha Halder,14562.2,1088.0,1088.0,1085.0
South,Anay Wason,14488.2,1089.0,1089.0,1086.0
South,Zoya Gera,14436.2,1090.0,1090.0,1087.0
South,Riaan Korpal,14402.0,1091.0,1091.0,1088.0
South,Ishita Lala,14400.7,1092.0,1092.0,1089.0
South,Aaina Ganguly,14384.0,1093.0,1093.0,1090.0
South,Alisha Rajagopalan,14263.0,1094.0,1094.0,1091.0
South,Darshit Gupta,14211.2,1095.0,1095.0,1092.0
South,Onkar Borah,14133.0,1096.0,1096.0,1093.0
South,Ehsaan Rout,14065.8,1097.0,1097.0,1094.0
South,Devansh Karnik,14059.0,1098.0,1098.0,1095.0
South,Tiya Warrior,13768.0,1099.0,1099.0,1096.0
South,Keya Iyer,13664.0,1100.0,1100.0,1097.0
South,Shlok Bhatia,13618.0,1101.0,1101.0,1098.0
South,Darshit Sharma,13590.0,1102.0,1102.0,1099.0
South,Aaryahi Kari,13455.8,1103.0,1103.0,1100.0
South,Mohanlal Kar,13406.4,1104.0,1104.0,1101.0
South,Jayesh Bath,13361.6,1105.0,1105.0,1102.0
South,Aayush Kakar,13079.2,1106.0,1106.0,1103.0
South,Saksham Mani,12992.0,1107.0,1107.0,1104.0
South,Hiran Goda,12614.4,1108.0,1108.0,1105.0
South,Veer Barad,12556.15,1109.0,1109.0,1106.0
South,Trisha Sodhi,12410.8,1110.0,1110.0,1107.0
South,Vedika Magar,12200.4,1111.0,1111.0,1108.0
South,Tejas Sood,12113.45,1112.0,1112.0,1109.0
South,Heer Dar,12113.1,1113.0,1113.0,1110.0
South,Vaibhav Singhal,11988.4,1114.0,1114.0,1111.0
South,Vihaan Maharaj,11947.2,1115.0,1115.0,1112.0
South,Lagan Iyer,11936.0,1116.0,1116.0,1113.0
South,Yakshit Sidhu,11639.4,1117.0,1117.0,1114.0
South,Eva Dar,11565.3,1118.0,1118.0,1115.0
South,Khushi Sant,11493.6,1119.0,1119.0,1116.0
South,Prerak Shan,11265.1,1120.0,1120.0,1117.0
South,Jivika Saxena,11080.8,1121.0,1121.0,1118.0
South,Ivana Hayer,10947.15,1122.0,1122.0,1119.0
South,Aarna Borra,10512.7,1123.0,1123.0,1120.0
South,Renee Ratta,10375.2,1124.0,1124.0,1121.0
South,Jayan Gandhi,10270.8,1125.0,1125.0,1122.0
South,Kanav Talwar,10161.6,1126.0,1126.0,1123.0
South,Sahil Deshpande,10131.2,1127.0,1127.0,1124.0
South,Nirvi Kadakia,9894.6,1128.0,1128.0,1125.0
South,Kaira Andra,9639.0,1129.0,1129.0,1126.0
South,Ira Borra,9523.2,1130.0,1130.0,1127.0
South,Jiya Kala,9236.1,1131.0,1131.0,1128.0
South,Abram Aggarwal,8998.4,1132.0,1132.0,1129.0
South,Amani Jaggi,8912.9,1133.0,1133.0,1130.0
South,Dhanush Dani,8780.8,1134.0,1134.0,1131.0
South,Rohan Dugal,8731.2,1135.0,1135.0,1132.0
South,Shayak Kannan,8521.5,1136.0,1136.0,1133.0
South,Bhavin Date,8501.55,1137.0,1137.0,1134.0
South,Gokul Lata,8438.4,1138.0,1138.0,1135.0
South,Tejas Gupta,8435.0,1139.0,1139.0,1136.0
South,Hazel Bedi,8420.0,1140.0,1140.0,1137.0
South,Charvi Bakshi,8245.0,1141.0,1141.0,1138.0
South,Reyansh Deol,8213.4,1142.0,1142.0,1139.0
South,Azad Chaudhry,8011.2,1143.0,1143.0,1140.0
South,Azad Comar,7909.7,1144.0,1144.0,1141.0
South,Vedika Hegde,7900.2,1145.0,1145.0,1142.0
South,Uthkarsh Khosla,7782.0,1146.0,1146.0,1143.0
South,Tanya Vora,7686.45,1147.0,1147.0,1144.0
South,Vidur Mallick,7636.8,1148.0,1148.0,1145.0
South,Shaan Edwin,7631.1,1149.0,1149.0,1146.0
South,Dhruv Sarna,7275.15,1150.0,1150.0,1147.0
South,Taimur Goda,7087.0,1151.0,1151.0,1148.0
South,Ojas Bali,7068.8,1152.0,1152.0,1149.0
South,Miraan Sibal,6876.0,1153.0,1153.0,1150.0
South,Tarini Walia,6503.4,1154.0,1154.0,1151.0
South,Myra Chatterjee,6458.4,1155.0,1155.0,1152.0
South,Yuvaan Kade,6354.0,1156.0,1156.0,1153.0
South,Taran Raju,6318.05,1157.0,1157.0,1154.0
South,Navya Amble,6284.0,1158.0,1158.0,1155.0
South,Mamooty Bir,6262.4,1159.0,1159.0,1156.0
South,Gokul Ramaswamy,6175.8,1160.0,1160.0,1157.0
South,Kartik Garg,5977.6,1161.0,1161.0,1158.0
South,Biju Bobal,5969.7,1162.0,1162.0,1159.0
South,Rohan Wason,5937.3,1163.0,1163.0,1160.0
South,Nishith Chawla,5844.8,1164.0,1164.0,1161.0
South,Jivin Sarkar,5647.2,1165.0,1165.0,1162.0
South,Sumer Jaggi,5308.0,1166.0,1166.0,1163.0
South,Renee Behl,5190.95,1167.0,1167.0,1164.0
South,Zoya Sami,5123.35,1168.0,1168.0,1165.0
South,Zara Sinha,4954.5,1169.0,1169.0,1166.0
South,Kashvi Bakshi,4714.0,1170.0,1170.0,1167.0
South,Siya Kapur,4671.6,1171.0,1171.0,1168.0
South,Kabir Kanda,4564.0,1172.0,1172.0,1169.0
South,Krish Mall,4450.6,1173.0,1173.0,1170.0
South,Sana Dhawan,4313.75,1174.0,1174.0,1171.0
South,Tanya Master,4180.0,1175.0,1175.0,1172.0
South,Zara Dugar,4120.0,1176.0,1176.0,1173.0
South,Gatik Sodhi,4054.5,1177.0,1177.0,1174.0
South,Kabir Sastry,4023.9,1178.0,1178.0,1175.0
South,Arhaan Venkataraman,3961.6,1179.0,1179.0,1176.0
South,Yakshit Arora,3780.0,1180.0,1180.0,1177.0
South,Ira Date,3690.75,1181.0,1181.0,1178.0
South,Anya Sha,3560.0,1182.0,1182.0,1179.0
South,Sara Kalita,3161.7,1183.0,1183.0,1180.0
South,Dharmajan Rajagopal,2715.75,1184.0,1184.0,1181.0
South,Jivika Vohra,2679.2,1185.0,1185.0,1182.0
South,Ritvik Dugal,2469.0,1186.0,1186.0,1183.0
South,Tejas Amble,2448.15,1187.0,1187.0,1184.0
South,Yasmin Shroff,2360.0,1188.0,1188.0,1185.0
South,Abram Hayer,2347.7,1189.0,1189.0,1186.0
South,Indrans Halder,2305.2,1190.0,1190.0,1187.0
South,Dhanush Thaker,2258.0,1191.0,1191.0,1188.0
South,Ishita Shroff,2230.4,1192.0,1192.0,1189.0
South,Kavya Lalla,2019.0,1193.0,1193.0,1190.0
South,Zoya Kalla,1956.6,1194.0,1194.0,1191.0
South,Kaira Rana,1864.0,1195.0,1195.0,1192.0
South,Rania Sachar,1646.1,1196.0,1196.0,1193.0
South,Krish Chaudry,1527.6,1197.0,1197.0,1194.0
South,Taran Som,1468.7,1198.0,1198.0,1195.0
South,Raunak Kar,1466.8,1199.0,1199.0,1196.0
South,Veer Mander,1384.2,1200.0,1200.0,1197.0
South,Shalv Trivedi,1139.2,1201.0,1201.0,1198.0
South,Advik Hora,963.9,1202.0,1202.0,1199.0
South,Samiha Sandal,917.7,1203.0,1203.0,1200.0
South,Yakshit Gola,414.0,1204.0,1204.0,1201.0
South,Ranbir Upadhyay,374.4,1205.0,1205.0,1202.0
South,Ahana  Rastogi,330.3,1206.0,1206.0,1203.0
West,Badal Rao,485698.0,1.0,1.0,1.0
West,Rohan Khare,398485.0,2.0,2.0,2.0
West,Aarna Sha,379965.0,3.0,3.0,3.0
West,Navya Issac,376725.0,4.0,4.0,4.0
West,Alisha Khare,372713.5,5.0,5.0,5.0
West,Ishaan Kalla,372330.0,6.0,6.0,6.0
West,Seher Maharaj,370956.0,7.0,7.0,7.0
West,Dharmajan Gole,368275.0,8.0,8.0,8.0
West,Samaira Kata,361695.0,9.0,9.0,9.0
West,Lakshay Bobal,361399.0,10.0,10.0,10.0
West,Abram Date,358200.0,11.0,11.0,11.0
West,Divij Dhingra,349832.75,12.0,12.0,12.0
West,Rati Mangal,343966.5,13.0,13.0,13.0
West,Ivana Sagar,333738.0,14.0,14.0,14.0
West,Azad Sawhney,329773.5,15.0,15.0,15.0
West,Faiyaz Saha,328101.5,16.0,16.0,16.0
West,Ishita Basu,324670.25,17.0,17.0,17.0
West,Lakshay Arya,323478.0,18.0,18.0,18.0
West,Ira Batra,321113.0,19.0,19.0,19.0
West,Samar Sathe,319210.0,20.0,20.0,20.0
West,Ishaan Kibe,316504.0,21.0,21.0,21.0
West,Mishti Halder,316493.25,22.0,22.0,22.0
West,Sara Barman,316141.0,23.0,23.0,23.0
West,Shlok Sarna,315860.0,24.0,24.0,24.0
West,Sana Shenoy,315335.0,25.0,25.0,25.0
West,Kiaan Warrior,314584.0,26.0,26.0,26.0
West,Parinaaz Datta,311690.25,27.0,27.0,27.0
West,Arhaan Ghose,310113.25,28.0,28.0,28.0
West,Mohanlal Bains,309854.75,29.0,29.0,29.0
West,Hridaan Ganguly,309745.0,30.0,30.0,30.0
West,Samiha Sachar,306571.5,31.0,31.0,31.0
West,Nirvi Sankaran,302315.0,32.0,32.0,32.0
West,Reyansh Bahri,299220.0,33.0,33.0,33.0
West,Chirag Dugar,293219.4,34.0,34.0,34.0
West,Inaaya  Mani,292837.5,35.0,35.0,35.0
West,Vihaan Bir,292460.0,36.0,36.0,36.0
West,Taran Balay,292357.5,37.0,37.0,37.0
West,Nakul Varghese,290984.0,38.0,38.0,38.0
West,Anahi Dixit,290885.0,39.0,39.0,39.0
West,Arhaan Raja,289804.5,40.0,40.0,40.0
West,Manjari Rajagopal,289044.0,41.0,41.0,41.0
West,Abram Mahajan,288921.6,42.0,42.0,42.0
West,Akarsh Agarwal,288895.0,43.0,43.0,43.0
West,Madhav Jaggi,288705.0,44.0,44.0,44.0
West,Hrishita Atwal,288632.0,45.0,45.0,45.0
West,Vidur Gandhi,287884.2,46.0,46.0,46.0
West,Divij Chawla,287432.0,47.0,47.0,47.0
West,Hridaan Dugal,287004.0,48.0,48.0,48.0
West,Anvi Biswas,285753.6,49.0,49.0,49.0
West,Kavya Rajan,282896.0,50.0,50.0,50.0
West,Tiya Hans,282450.2,51.0,51.0,51.0
West,Saksham Kumar,281188.6,52.0,52.0,52.0
West,Azad Kota,280820.0,53.0,53.0,53.0
West,Kanav Vohra,280297.5,54.0,54.0,54.0
West,Rhea Bath,280138.5,55.0,55.0,55.0
West,Onkar Bora,278914.5,56.0,56.0,56.0
West,Shaan Garde,278617.5,57.0,57.0,57.0
West,Pari Anand,278303.6,58.0,58.0,58.0
West,Zaina Kadakia,277794.0,59.0,59.0,59.0
West,Vanya Bora,276184.8,60.0,60.0,60.0
West,Advika Tiwari,275872.0,61.0,61.0,61.0
West,Seher Brar,274725.0,62.0,62.0,62.0
West,Oorja Virk,274100.4,63.0,63.0,63.0
West,Hansh Randhawa,272830.0,64.0,64.0,64.0
West,Farhan De,272724.0,65.0,65.0,65.0
West,Uthkarsh Kohli,272340.0,66.0,66.0,66.0
West,Abram Gera,271340.0,67.0,67.0,67.0
West,Vihaan Bhalla,270185.0,68.0,68.0,68.0
West,Kiaan Goyal,268650.0,69.0,69.0,69.0
West,Shray Arya,268348.4,70.0,70.0,70.0
West,Hrishita Sankar,267065.75,71.0,71.0,71.0
West,Farhan Saran,267053.0,72.0,72.0,72.0
West,Lagan Doctor,267014.6,73.0,73.0,73.0
West,Kimaya Bansal,265707.4,74.0,74.0,74.0
West,Manikya Kara,264204.0,75.0,75.0,75.0
West,Amani Shukla,262896.0,76.0,76.0,76.0
West,Anika Varghese,262636.0,77.0,77.0,77.0
West,Kiara Dani,262295.0,78.0,78.0,78.0
West,Madhup Banerjee,262271.25,79.0,79.0,79.0
West,Yasmin Vaidya,260495.25,80.0,80.0,80.0
West,Hunar Sastry,259477.2,81.0,81.0,81.0
West,Vritika Gade,258344.75,82.0,82.0,82.0
West,Hunar Lad,257918.4,83.0,83.0,83.0
West,Kabir Dubey,257712.0,84.0,84.0,84.0
West,Riya Hari,257161.2,85.0,85.0,85.0
West,Divij Vyas,255371.4,86.0,86.0,86.0
West,Navya Chandra,255308.8,87.0,87.0,87.0
West,Lavanya Anne,255173.8,88.0,88.0,88.0
West,Inaaya  Doshi,254940.0,89.0,89.0,89.0
West,Jivika Manne,253750.5,90.0,90.0,90.0
West,Anay Kamdar,253352.0,91.0,91.0,91.0
West,Krish Kaul,252495.0,92.0,92.0,92.0
West,Yakshit Bajwa,249403.5,93.0,93.0,93.0
West,Bhavin Gill,248409.8,94.0,94.0,94.0
West,Ritvik Kumar,247761.4,95.0,95.0,95.0
West,Advik Ramanathan,247732.0,96.0,96.0,96.0
West,Sumer Savant,245214.0,97.0,97.0,97.0
West,Mishti Kata,244134.0,98.0,98.0,98.0
West,Jivika Lalla,243852.25,99.0,99.0,99.0
West,Zain Mander,242968.2,100.0,100.0,100.0
West,Zeeshan Roy,242606.85,101.0,101.0,101.0
West,Jivika Vohra,242216.0,102.0,102.0,102.0
West,Fateh Madan,240267.6,103.0,103.0,103.0
West,Ela Khatri,240212.0,104.0,104.0,104.0
West,Kimaya Divan,239790.0,105.0,105.0,105.0
West,Raghav Hari,239523.0,106.0,106.0,106.0
West,Diya Mangal,239472.0,107.0,107.0,107.0
West,Ishaan Krish,238489.2,108.0,108.0,108.0
West,Elakshi Sangha,238054.5,109.0,109.0,109.0
West,Lagan Thakur,237750.8,110.0,110.0,110.0
West,Kiaan Gade,237644.0,111.0,111.0,111.0
West,Khushi Batta,237168.0,112.0,112.0,112.0
West,Pari Sood,237000.4,113.0,113.0,113.0
West,Miraan Ram,236286.0,114.0,114.0,114.0
West,Faiyaz Rattan,235756.75,115.0,115.0,115.0
West,Yasmin Badami,235505.0,116.0,116.0,116.0
West,Lakshit Bala,235432.0,117.0,117.0,117.0
West,Priyansh Sidhu,234355.0,118.0,118.0,118.0
West,Damini Kohli,234302.4,119.0,119.0,119.0
West,Tarini Bandi,234090.0,120.0,120.0,120.0
West,Gokul Sawhney,233980.0,121.0,121.0,121.0
West,Hridaan Shroff,233842.5,122.0,122.0,122.0
West,Riya Yohannan,233604.0,123.0,123.0,123.0
West,Azad Handa,232735.75,124.0,124.0,124.0
West,Arhaan Basu,232649.6,125.0,125.0,125.0
West,Dishani Luthra,231948.0,126.0,126.0,126.0
West,Shalv Wagle,231740.0,127.0,127.0,127.0
West,Vidur Suri,230499.2,128.0,128.0,128.0
West,Faiyaz Gulati,229353.6,129.0,129.0,129.0
West,Aarna Chakrabarti,228456.0,130.0,130.0,130.0
West,Manikya Sur,227461.35,131.0,131.0,131.0
West,Riaan Loyal,226963.6,132.0,132.0,132.0
West,Mamooty Banik,226332.0,133.0,133.0,133.0
West,Anahita Arya,226320.0,134.0,134.0,134.0
West,Reyansh Gill,225147.6,135.0,135.0,135.0
West,Shanaya Chaudry,223924.5,136.0,136.0,136.0
West,Kartik Bahl,223628.4,137.0,137.0,137.0
West,Manikya Mann,223515.0,138.0,138.0,138.0
West,Hunar Ganesan,223100.0,139.0,139.0,139.0
West,Lavanya Ahuja,220609.0,140.0,140.0,140.0
West,Gatik Singh,220490.0,141.0,141.0,141.0
West,Rania Reddy,218196.0,142.0,142.0,142.0
West,Aarav Vaidya,218170.8,143.0,143.0,143.0
West,Uthkarsh Batta,217788.45,144.0,144.0,144.0
West,Shray Venkataraman,217328.0,145.0,145.0,145.0
West,Diya Shanker,216980.0,146.0,146.0,146.0
West,Neelofar Gill,214807.35,147.0,147.0,147.0
West,Jayan Bhargava,213580.8,148.0,148.0,148.0
West,Jayesh Kalita,212187.0,149.0,149.0,149.0
West,Hansh Tank,211820.0,150.0,150.0,150.0
West,Shray Hayre,211744.0,151.0,151.0,151.0
West,Elakshi Mann,211433.90000000002,152.0,152.0,152.0
West,Alia Datta,210764.7,153.0,153.0,153.0
West,Jayan Roy,210344.25,154.0,154.0,154.0
West,Divij Lad,210328.0,155.0,155.0,155.0
West,Madhup Dhaliwal,208886.4,156.0,156.0,156.0
West,Aarush Chakraborty,208641.0,157.0,157.0,157.0
West,Onkar Sarraf,208476.8,158.0,158.0,158.0
West,Prerak Seth,207441.0,159.0,159.0,159.0
West,Sumer Mann,207392.0,160.0,160.0,160.0
West,Vanya Sangha,207160.8,161.0,161.0,161.0
West,Myra Chaudhuri,206776.0,162.0,162.0,162.0
West,Jiya Bansal,206470.4,163.0,163.0,163.0
West,Piya Hans,206040.0,164.0,164.0,164.0
West,Khushi Seth,205712.75,165.0,165.0,165.0
West,Manjari Kaur,205704.45,166.0,166.0,166.0
West,Ishita Gour,205502.8,167.0,167.0,167.0
West,Vedika Dara,204393.6,168.0,168.0,168.0
West,Divij Bajaj,204261.0,169.0,169.0,169.0
West,Vedika Varma,203352.0,170.0,170.0,170.0
West,Abram Bansal,203159.4,171.0,171.0,171.0
West,Devansh Hari,202651.05,172.0,172.0,172.0
West,Riaan Walia,202507.4,173.0,173.0,173.0
West,Damini Rau,201756.0,174.0,174.0,174.0
West,Nishith Sankar,201708.0,175.0,175.0,175.0
West,Khushi Shah,199257.6,176.0,176.0,176.0
West,Vedika Borde,199108.6,177.0,177.0,177.0
West,Saira Baral,198553.8,178.0,178.0,178.0
West,Anvi Mallick,198360.0,179.0,179.0,179.0
West,Piya Saxena,198344.1,180.0,180.0,180.0
West,Aniruddh Wagle,197908.0,181.0,181.0,181.0
West,Aaryahi Bhatia,197002.8,182.0,182.0,182.0
West,Aarav Lata,196779.25,183.0,183.0,183.0
West,Saanvi Babu,196125.0,184.0,184.0,184.0
West,Tushar Sankaran,196069.5,185.0,185.0,185.0
West,Renee Goyal,194382.0,186.0,186.0,186.0
West,Armaan Kale,194335.2,187.0,187.0,187.0
West,Oorja Khare,194304.0,188.0,188.0,188.0
West,Vanya Mallick,194187.6,189.0,189.0,189.0
West,Kavya Saran,193795.2,190.0,190.0,190.0
West,Shalv Rattan,193608.0,191.0,191.0,191.0
West,Ryan Mand,193249.8,192.0,192.0,192.0
West,Badal Maharaj,190623.0,193.0,193.0,193.0
West,Biju Shan,189945.0,194.0,194.0,194.0
West,Dhruv Lad,189768.0,195.0,195.0,195.0
West,Eva Bhandari,189645.0,196.0,196.0,196.0
West,Hrishita Banerjee,189107.0,197.0,197.0,197.0
West,Bhavin Chanda,189090.0,198.0,198.0,198.0
West,Miraya Iyer,189084.8,199.0,199.0,199.0
West,Ehsaan Mahal,188470.8,200.0,200.0,200.0
West,Adah Kaul,188392.5,201.0,201.0,201.0
West,Rhea Salvi,188193.0,202.0,202.0,202.0
West,Inaaya  Zachariah,187992.0,203.0,203.0,203.0
West,Lavanya Rajagopalan,187612.8,204.0,204.0,204.0
West,Krish Gulati,187411.4,205.0,205.0,205.0
West,Tejas Kadakia,187120.0,206.0,206.0,206.0
West,Miraya Raju,187100.0,207.0,207.0,207.0
West,Saira Trivedi,186516.0,208.0,208.0,208.0
West,Zaina Ben,186378.3,209.0,209.0,209.0
West,Tarini Doctor,186289.4,210.0,210.0,210.0
West,Miraan Jayaraman,186250.35,211.0,211.0,211.0
West,Raghav Yogi,185388.0,212.0,212.0,212.0
West,Parinaaz D’Alia,185346.9,213.0,213.0,213.0
West,Aarav Sami,185280.0,214.0,214.0,214.0
West,Eshani Dora,185212.0,215.0,215.0,215.0
West,Manikya Srinivasan,184946.0,216.0,216.0,216.0
West,Zaina Dave,184682.7,217.0,217.0,217.0
West,Damini Boase,184361.75,218.0,218.0,218.0
West,Dhruv Bhalla,184247.7,219.0,219.0,219.0
West,Azad Anand,183319.5,220.0,220.0,220.0
West,Kashvi Bedi,183192.0,221.0,221.0,221.0
West,Miraya Lad,183105.0,222.0,222.0,222.0
West,Eshani Ghose,182709.2,223.0,223.0,223.0
West,Fateh Edwin,182130.0,224.0,224.0,224.0
West,Hazel Kibe,180657.0,225.0,225.0,225.0
West,Shayak Bora,180513.9,226.0,226.0,226.0
West,Bhavin Toor,180485.6,227.0,227.0,227.0
West,Rasha Sur,180353.7,228.0,228.0,228.0
West,Damini Sekhon,179599.05,229.0,229.0,229.0
West,Baiju Goel,178709.1,230.0,230.0,230.0
West,Baiju Dara,178492.0,231.0,231.0,231.0
West,Advik Sarraf,178044.0,232.0,232.0,232.0
West,Adira Bir,177916.05,233.0,233.0,233.0
West,Hiran Karpe,177508.8,234.0,234.0,234.0
West,Ehsaan Butala,177504.0,235.0,235.0,235.0
West,Jayesh Thakkar,177229.25,236.0,236.0,236.0
West,Heer Raman,177196.8,237.0,237.0,237.0
West,Aarna Borde,177050.0,238.0,238.0,238.0
West,Anvi Bobal,177025.5,239.0,239.0,239.0
West,Aayush Gill,177012.0,240.0,240.0,240.0
West,Vardaniya Bhalla,176979.0,241.0,241.0,241.0
West,Ishita Comar,176947.05,242.0,242.0,242.0
West,Tara Sahota,176399.1,243.0,243.0,243.0
West,Tanya Krishna,175950.0,244.0,244.0,244.0
West,Mehul Hayre,175026.9,245.0,245.0,245.0
West,Arhaan Sagar,174870.9,246.0,246.0,246.0
West,Lavanya Bora,174776.0,247.0,247.0,247.0
West,Aniruddh Mammen,174399.6,248.0,248.0,248.0
West,Sara Deshmukh,174283.2,249.0,249.0,249.0
West,Vedika Gola,174042.0,250.0,250.0,250.0
West,Indrajit Trivedi,173640.0,251.0,251.0,251.0
West,Kiara Lad,173398.4,252.0,252.0,252.0
West,Nishith Sandal,172902.0,253.0,253.0,253.0
West,Gatik Ravi,172866.75,254.0,254.0,254.0
West,Kabir Ramaswamy,172605.0,255.0,255.0,255.0
West,Vihaan Chaudhari,172069.75,256.0,256.0,256.0
West,Oorja Raval,171983.25,257.0,257.0,257.0
West,Lakshay Johal,171689.8,258.0,258.0,258.0
West,Parinaaz Gandhi,171649.0,259.0,259.0,259.0
West,Vardaniya Jayaraman,171219.75,260.0,260.0,260.0
West,Onkar Rajagopalan,171148.8,261.0,261.0,261.0
West,Pari Basak,171019.2,262.0,262.0,262.0
West,Rohan Vala,170316.0,263.0,263.0,263.0
West,Ela Chokshi,170298.9,264.0,264.0,264.0
West,Charvi Rama,170018.7,265.0,265.0,265.0
West,Ryan Sha,169196.75,266.0,266.0,266.0
West,Ojas Srinivasan,169068.8,267.0,267.0,267.0
West,Ishita Kaur,169056.0,268.0,268.0,268.0
West,Mannat Yohannan,168717.0,269.0,269.0,269.0
West,Oorja Arora,168650.4,270.0,270.0,270.0
West,Heer Raj,167871.0,271.0,271.0,271.0
West,Mehul Tailor,167439.4,272.0,272.0,272.0
West,Bhamini Devi,167130.4,273.0,273.0,273.0
West,Sana Ram,166846.5,274.0,274.0,274.0
West,Shray Dewan,166833.0,275.0,275.0,275.0
West,Tara Hari,166764.0,276.0,276.0,276.0
West,Ivana Hegde,166538.8,277.0,277.0,277.0
West,Shlok Vaidya,166480.0,278.0,278.0,278.0
West,Nehmat Date,166182.3,279.0,279.0,279.0
West,Miraya Toor,165790.2,280.0,280.0,280.0
West,Amira Kala,165724.0,281.0,281.0,281.0
West,Hrishita Bajaj,164648.0,282.0,282.0,282.0
West,Mohanlal Bhatia,164590.6,283.0,283.0,283.0
West,Suhana Mallick,164195.0,284.0,284.0,284.0
West,Keya Kalla,163684.0,285.0,285.0,285.0
West,Kanav Sanghvi,163166.85,286.0,286.0,286.0
West,Romil Sani,163035.0,287.0,287.0,287.0
West,Zoya Sami,162761.6,288.0,288.0,288.0
West,Zoya Gole,162657.6,289.0,289.0,289.0
West,Umang Sachdeva,162547.2,290.0,290.0,290.0
West,Kaira Bhagat,162377.8,291.0,291.0,291.0
West,Kiara Bhandari,162165.0,292.0,292.0,292.0
West,Abram Sura,161862.0,293.0,293.0,293.0
West,Kavya Goyal,161683.35,294.0,294.0,294.0
West,Romil Raman,161493.2,295.0,295.0,295.0
West,Vidur Sanghvi,161215.2,296.0,296.0,296.0
West,Raghav Master,160963.2,297.0,297.0,297.0
West,Keya Salvi,160352.0,298.0,298.0,298.0
West,Madhav De,160170.6,299.0,299.0,299.0
West,Renee Talwar,160053.6,300.0,300.0,300.0
West,Samaira Krishnan,159970.0,301.0,301.0,301.0
West,Urvi Amble,158885.0,302.0,302.0,302.0
West,Aniruddh Sridhar,158786.4,303.0,303.0,303.0
West,Sahil Sem,158325.6,304.0,304.0,304.0
West,Chirag Karan,158137.2,305.0,305.0,305.0
West,Ivana Sandal,158094.0,306.0,306.0,306.0
West,Lakshit Sengupta,157792.5,307.0,307.0,307.0
West,Veer Edwin,157272.0,308.0,308.0,308.0
West,Prisha Gaba,156934.0,309.0,309.0,309.0
West,Tara Sagar,156748.0,310.0,310.0,310.0
West,Saanvi Deshmukh,156447.6,311.0,311.0,311.0
West,Samarth Gera,156362.6,312.0,312.0,312.0
West,Inaaya  Seth,156325.2,313.0,313.0,313.0
West,Saira Comar,155358.0,314.0,314.0,314.0
West,Riaan Lad,155250.0,315.0,315.0,315.0
West,Sana Chacko,154774.0,316.0,316.0,316.0
West,Oorja Sandal,154519.8,317.0,317.0,317.0
West,Jhanvi Solanki,154508.0,318.0,318.0,318.0
West,Yuvaan Jain,153707.2,319.0,319.0,319.0
West,Neelofar Yohannan,153276.3,320.0,320.0,320.0
West,Prerak Shere,153273.6,321.0,321.0,321.0
West,Himmat Warrior,152077.75,322.0,322.0,322.0
West,Sumer Lal,152061.5,323.0,323.0,323.0
West,Kimaya Kakar,151861.5,324.0,324.0,324.0
West,Adah Gopal,151809.15,325.0,325.0,325.0
West,Rhea Dugar,150675.0,326.0,326.0,326.0
West,Nitya Dayal,150576.9,327.0,327.0,327.0
West,Aarna Kota,150536.7,328.0,328.0,328.0
West,Miraya Srivastava,149975.55,329.0,329.0,329.0
West,Tarini Shukla,149838.75,330.0,330.0,330.0
West,Veer Babu,149832.0,331.0,331.0,331.0
West,Zara Varghese,149819.75,332.0,332.0,332.0
West,Eva Rajan,149654.0,333.0,333.0,333.0
West,Mamooty Maharaj,148918.5,334.0,334.0,334.0
West,Aarush Wadhwa,148428.0,335.0,335.0,335.0
West,Priyansh Sane,148418.5,336.0,336.0,336.0
West,Himmat Jhaveri,147985.2,337.0,337.0,337.0
West,Aarav Bail,147601.65,338.0,338.0,338.0
West,Pranay Ravel,147501.0,339.0,339.0,339.0
West,Shlok Gade,147071.25,340.0,340.0,340.0
West,Lakshay Dasgupta,147048.0,341.0,341.0,341.0
West,Mehul Sarraf,147028.5,342.0,342.0,342.0
West,Stuvan Saxena,146682.9,343.0,343.0,343.0
West,Jivika Guha,146680.0,344.0,344.0,344.0
West,Jhanvi Rout,146071.05,345.0,345.0,345.0
West,Madhav Kashyap,145826.0,346.0,346.0,346.0
West,Shray Sinha,145726.2,347.0,347.0,347.0
West,Jivin Bhandari,145272.0,348.0,348.0,348.0
West,Ira Bera,145096.0,349.0,349.0,349.0
West,Prerak Sarkar,144828.0,350.0,350.0,350.0
West,Arhaan Garg,144200.0,351.0,351.0,351.0
West,Nayantara Tata,143334.0,352.0,352.0,352.0
West,Miraya Varma,142941.75,353.0,353.0,353.0
West,Eshani Vohra,142615.9,354.0,354.0,354.0
West,Jivika Magar,142508.55,355.0,355.0,355.0
West,Dhruv Srinivasan,142437.0,356.0,356.0,356.0
West,Nishith Tara,142342.0,357.0,357.0,357.0
West,Kabir Malhotra,142209.0,358.0,358.0,358.0
West,Anvi Din,141893.9,359.0,359.0,359.0
West,Sumer Contractor,141847.35,360.0,360.0,360.0
West,Akarsh Kala,141832.8,361.0,361.0,361.0
West,Mannat Bhavsar,141577.2,362.0,362.0,362.0
West,Anvi Vora,141069.6,363.0,363.0,363.0
West,Yuvaan Vig,141048.4,364.0,364.0,364.0
West,Kabir Chauhan,140841.6,365.0,365.0,365.0
West,Priyansh Srinivas,140770.05,366.0,366.0,366.0
West,Saira Banik,140623.2,367.0,367.0,367.0
West,Kiara Tank,140564.85,368.0,368.0,368.0
West,Shanaya Gill,140517.6,369.0,369.0,369.0
West,Dhanush Samra,139862.0,370.0,370.0,370.0
West,Anahi Sarma,139772.0,371.0,371.0,371.0
West,Rati Dugar,139308.8,372.0,372.0,372.0
West,Pranay Andra,138712.5,373.0,373.0,373.0
West,Gatik Chawla,138376.6,374.0,374.0,374.0
West,Ira Walia,138345.0,375.0,375.0,375.0
West,Tanya Sankaran,138337.2,376.0,376.0,376.0
West,Azad Roy,137754.0,377.0,377.0,377.0
West,Badal Dada,137260.0,378.0,378.0,378.0
West,Shray Raja,137193.3,379.0,379.0,379.0
West,Gatik Madan,137182.0,380.0,380.0,380.0
West,Uthkarsh Sen,136601.6,381.0,381.0,381.0
West,Yuvraj  Chad,136138.8,382.0,382.0,382.0
West,Nitara Deshpande,135716.0,383.0,383.0,383.0
West,Trisha Mani,135711.3,384.0,384.0,384.0
West,Tiya Jayaraman,135626.4,385.0,385.0,385.0
West,Advika Dara,135341.25,386.0,386.0,386.0
West,Shanaya Kale,135218.0,387.0,387.0,387.0
West,Shanaya Devan,135137.5,388.0,388.0,388.0
West,Anya Lata,134765.8,389.0,389.0,389.0
West,Jayesh Mann,134391.0,390.0,390.0,390.0
West,Tejas Kulkarni,134361.6,391.0,391.0,391.0
West,Samarth Wagle,134087.5,392.0,392.0,392.0
West,Kiaan Gour,133767.9,393.0,393.0,393.0
West,Nirvi Dube,133689.7,394.0,394.0,394.0
West,Ela Lanka,133656.0,395.0,395.0,395.0
West,Rania Bhavsar,133348.5,396.0,396.0,396.0
West,Nehmat Jhaveri,133250.8,397.0,397.0,397.0
West,Rania Vohra,132934.05,398.0,398.0,398.0
West,Aarav Chatterjee,132920.0,399.0,399.0,399.0
West,Ahana  Tak,132604.25,400.0,400.0,400.0
West,Raghav Viswanathan,132574.5,401.0,401.0,401.0
West,Parinaaz Dalal,132416.4,402.0,402.0,402.0
West,Advik Choudhary,132372.0,403.0,403.0,403.0
West,Gokul Keer,132075.9,404.0,404.0,404.0
West,Hridaan Karnik,131653.1,405.0,405.0,405.0
West,Rania Chakraborty,131424.0,406.0,406.0,406.0
West,Ehsaan Bhattacharyya,130094.9,407.0,407.0,407.0
West,Gokul Kaur,130077.2,408.0,408.0,408.0
West,Divij Kamdar,129813.7,409.0,409.0,409.0
West,Misha Dar,129598.05,410.0,410.0,410.0
West,Madhav Deo,129497.5,411.0,411.0,411.0
West,Rati Sandal,129002.4,412.0,412.0,412.0
West,Aarush Trivedi,128907.0,413.0,413.0,413.0
West,Purab Krishna,128829.6,414.0,414.0,414.0
West,Taimur Arora,128649.0,415.0,415.0,415.0
West,Tushar Jain,127916.8,416.0,416.0,416.0
West,Abram Chaudry,127862.4,417.0,417.0,417.0
West,Rhea Ratta,127500.0,418.0,418.0,418.0
West,Yasmin Sekhon,127264.5,419.0,419.0,419.0
West,Mamooty Ghose,127184.0,420.0,420.0,420.0
West,Nayantara Kalita,127163.4,421.0,421.0,421.0
West,Ritvik Sankar,127037.7,422.0,422.0,422.0
West,Mahika Sankaran,126529.2,423.0,423.0,423.0
West,Advik Jha,126463.5,424.0,424.0,424.0
West,Ritvik Verma,126315.0,425.0,425.0,425.0
West,Divit Deep,126296.0,426.0,426.0,426.0
West,Nehmat Dayal,125881.2,427.0,427.0,427.0
West,Dharmajan Bhandari,125768.6,428.0,428.0,428.0
West,Miraan Dutta,125476.0,429.0,429.0,429.0
West,Dhanuk Kapur,125208.0,430.0,430.0,430.0
West,Yasmin Doctor,124936.0,431.0,431.0,431.0
West,Abram Khurana,124761.6,432.0,432.0,432.0
West,Mehul D’Alia,124657.6,433.0,433.0,433.0
West,Navya Thaker,124603.2,434.0,434.0,434.0
West,Damini Goel,124492.5,435.0,435.0,435.0
West,Armaan Krishna,124431.5,436.0,436.0,436.0
West,Darshit Tella,124326.9,437.0,437.0,437.0
West,Ela Bains,123868.6,438.0,438.0,438.0
West,Rhea Cherian,123719.2,439.0,439.0,439.0
West,Yuvraj  Garde,123575.55,440.0,440.0,440.0
West,Rania Dube,123448.7,441.0,441.0,441.0
West,Adah Rajagopal,123331.2,442.0,442.0,442.0
West,Adah D’Alia,123054.0,443.0,443.0,443.0
West,Kartik Dhar,122790.0,444.0,444.0,444.0
West,Ojas Datta,122782.4,445.0,445.0,445.0
West,Hrishita Chanda,122479.2,446.0,446.0,446.0
West,Kavya Manne,122289.6,447.0,447.0,447.0
West,Alisha Mannan,122155.75,448.0,448.0,448.0
West,Hrishita Kadakia,121658.8,449.0,449.0,449.0
West,Mannat Iyer,121368.6,450.0,450.0,450.0
West,Vritika Dube,121340.8,451.0,451.0,451.0
West,Ivan Lata,121048.5,452.0,452.0,452.0
West,Nakul Raman,120825.6,453.0,453.0,453.0
West,Fateh Apte,120327.0,454.0,454.0,454.0
West,Kiaan Venkataraman,120044.85,455.0,455.0,455.0
West,Riaan Dhar,119910.0,456.0,456.0,456.0
West,Neelofar Bhatt,119644.0,457.0,457.0,457.0
West,Oorja Kapoor,119426.0,458.0,458.0,458.0
West,Divij Ray,118850.4,459.0,459.0,459.0
West,Siya Bhatt,118834.0,460.0,460.0,460.0
West,Dhanuk Gola,118221.4,461.0,461.0,461.0
West,Hiran Jani,117993.8,462.0,462.0,462.0
West,Lakshit Keer,117784.5,463.0,463.0,463.0
West,Aniruddh Savant,117059.2,464.0,464.0,464.0
West,Umang Sood,116766.0,465.0,465.0,465.0
West,Taran Rajagopalan,116707.5,466.0,466.0,466.0
West,Kartik Bedi,116678.4,467.0,467.0,467.0
West,Tushar Koshy,116614.4,468.0,468.0,468.0
West,Ojas Sani,116376.0,469.0,469.0,469.0
West,Kabir Bajwa,115824.6,470.0,470.0,470.0
West,Bhavin Dasgupta,115817.6,471.0,471.0,471.0
West,Samar Barad,115635.9,472.0,472.0,472.0
West,Aniruddh Doctor,115120.8,473.0,473.0,473.0
West,Yuvraj  Dass,115110.4,474.0,474.0,474.0
West,Arnav Sidhu,115004.0,475.0,475.0,475.0
West,Mannat Madan,114872.4,476.0,476.0,476.0
West,Mehul Kuruvilla,114839.25,477.0,477.0,477.0
West,Darshit Hans,114684.0,478.0,478.0,478.0
West,Rasha Walia,114636.6,479.0,479.0,479.0
West,Vaibhav Chand,114382.4,480.0,480.0,480.0
West,Tarini Talwar,114370.5,481.0,481.0,481.0
West,Kimaya Ganguly,114362.9,482.0,482.0,482.0
West,Dhanuk Talwar,113768.0,483.0,483.0,483.0
West,Renee Dhar,113681.75,484.0,484.0,484.0
West,Dhanush Kaul,113634.0,485.0,485.0,485.0
West,Saanvi Sahni,113414.4,486.0,486.0,486.0
West,Arhaan Sehgal,112747.4,487.0,487.0,487.0
West,Divij Gade,112651.0,488.0,488.0,488.0
West,Saksham Rau,112340.0,489.0,489.0,489.0
West,Biju Sangha,112005.0,490.0,490.0,490.0
West,Kismat Chowdhury,111732.5,491.0,491.0,491.0
West,Raunak Dalal,111711.0,492.0,492.0,492.0
West,Hiran Sundaram,111644.1,493.0,493.0,493.0
West,Purab Kulkarni,111613.5,494.0,494.0,494.0
West,Shayak Lal,111379.5,495.0,495.0,495.0
West,Akarsh Shanker,111245.0,496.0,496.0,496.0
West,Taimur Kapoor,111032.0,497.0,497.0,497.0
West,Shayak Bhattacharyya,110988.8,498.0,498.0,498.0
West,Kiara Hegde,110988.0,499.0,499.0,499.0
West,Taran Karan,110912.0,500.0,500.0,500.0
West,Misha Raman,110673.0,501.0,501.0,501.0
West,Kismat Rau,110425.5,502.0,502.0,502.0
West,Ivana Bora,110235.6,503.0,503.0,503.0
West,Jivika Agrawal,110167.2,504.0,504.0,504.0
West,Yuvraj  Varma,110133.0,505.0,505.0,505.0
West,Mahika Basu,110130.0,506.0,506.0,506.0
West,Chirag Datta,110089.8,507.0,507.0,507.0
West,Neelofar Batta,109143.0,508.0,508.0,508.0
West,Madhup Sane,109078.8,509.0,509.0,509.0
West,Ritvik Suri,108990.0,510.0,510.0,510.0
West,Anahita Verma,108661.95,511.0,511.0,511.0
West,Ira Chand,108364.5,512.0,512.0,512.0
West,Mehul Wable,108018.8,513.0,513.0,513.0
West,Kaira Subramaniam,107973.0,514.0,514.0,514.0
West,Mannat Sami,107486.4,515.0,515.0,515.0
West,Mohanlal Dyal,107168.0,516.0,516.0,516.0
West,Kiara Saha,106979.4,517.0,517.0,517.0
West,Siya Mann,106306.95,518.0,518.0,518.0
West,Vardaniya Mandal,105576.8,519.0,519.0,519.0
West,Chirag Boase,105305.0,520.0,520.0,520.0
West,Keya Sarna,105264.75,521.0,521.0,521.0
West,Umang Roy,105136.5,522.0,522.0,522.0
West,Yashvi Chopra,104994.0,523.0,523.0,523.0
West,Samarth Biswas,104896.8,524.0,524.0,524.0
West,Pari Gera,104500.0,525.0,525.0,525.0
West,Tanya Swamy,104400.0,526.0,526.0,526.0
West,Gokul Doctor,104215.95,527.0,527.0,527.0
West,Suhana Ratti,104063.8,528.0,528.0,528.0
West,Saksham Lal,103954.5,529.0,529.0,529.0
West,Adah Kibe,103944.0,530.0,530.0,530.0
West,Riya Dey,103938.0,531.0,531.0,531.0
West,Raunak Loyal,103899.2,532.0,532.0,532.0
West,Aarna Bandi,103759.2,533.0,533.0,533.0
West,Sumer Gour,103678.25,534.0,534.0,534.0
West,Aradhya Atwal,103542.4,535.0,535.0,535.0
West,Fateh Karan,103523.4,536.0,536.0,536.0
West,Yasmin Saran,103440.0,537.0,537.0,537.0
West,Prerak Butala,103392.0,538.0,538.0,538.0
West,Hansh Bobal,102792.6,539.0,539.0,539.0
West,Ivan Sarna,102394.8,540.0,540.0,540.0
West,Neysa Magar,101970.0,541.0,541.0,541.0
West,Dhruv Sodhi,101339.1,542.0,542.0,542.0
West,Saksham Sodhi,100569.6,543.0,543.0,543.0
West,Kabir Sundaram,100473.0,544.0,544.0,544.0
West,Indrajit Kapadia,100445.4,545.0,545.0,545.0
West,Shlok Ratta,100322.0,546.0,546.0,546.0
West,Khushi Sidhu,99913.6,547.0,547.0,547.0
West,Yakshit Kurian,99541.0,548.0,548.0,548.0
West,Divij Bir,99482.3,549.0,549.0,549.0
West,Sumer Mangal,99366.2,550.0,550.0,550.0
West,Aarav Randhawa,99360.5,551.0,551.0,551.0
West,Hunar Verma,98953.6,552.0,552.0,552.0
West,Advik Chatterjee,98892.0,553.0,553.0,553.0
West,Tiya Shroff,98791.2,554.0,554.0,554.0
West,Anay Bala,97739.8,555.0,555.0,555.0
West,Hansh Varty,97600.5,556.0,556.0,556.0
West,Kartik Sagar,96660.0,557.0,557.0,557.0
West,Keya Yadav,96600.6,558.0,558.0,558.0
West,Vedika Gokhale,96524.0,559.0,559.0,559.0
West,Madhup Hayer,96331.5,560.0,560.0,560.0
West,Jiya Savant,96224.0,561.0,561.0,561.0
West,Renee Chander,96194.5,562.0,562.0,562.0
West,Miraan Suresh,96084.9,563.0,563.0,563.0
West,Ira Andra,95801.8,564.0,564.0,564.0
West,Anika Saxena,95697.0,565.0,565.0,565.0
West,Jivika Dua,95664.0,566.0,566.0,566.0
West,Bhamini Doshi,95004.0,567.0,567.0,567.0
West,Miraya Tella,94951.8,568.0,568.0,568.0
West,Uthkarsh Kumer,94940.8,569.0,569.0,569.0
West,Ira Lad,94932.0,570.0,570.0,570.0
West,Vidur Hans,94797.1,571.0,571.0,571.0
West,Shamik Badal,94771.05,572.0,572.0,572.0
West,Mamooty Jhaveri,94683.2,573.0,573.0,573.0
West,Samar Gandhi,94440.1,574.0,574.0,574.0
West,Kashvi Sandhu,94388.0,575.0,575.0,575.0
West,Anvi Kari,94092.0,576.0,576.0,576.0
West,Biju Kadakia,93898.8,577.0,577.0,577.0
West,Emir Bhat,93711.8,578.0,578.0,578.0
West,Shayak Hans,93316.6,579.0,579.0,579.0
West,Divyansh Sarraf,92911.8,580.0,580.0,580.0
West,Yasmin Sood,92784.0,581.0,581.0,581.0
West,Neysa Kota,92633.0,582.0,582.0,582.0
West,Ritvik Sawhney,92607.5,583.0,583.0,583.0
West,Vihaan Loyal,92579.4,584.0,584.0,584.0
West,Jivin Sridhar,92311.5,585.0,585.0,585.0
West,Devansh Bains,92262.1,586.0,586.0,586.0
West,Emir Tak,91945.0,587.0,587.0,587.0
West,Manikya Halder,91133.5,588.0,588.0,588.0
West,Farhan Kumar,91027.2,589.0,589.0,589.0
West,Samiha Raval,90961.2,590.0,590.0,590.0
West,Vihaan Cheema,90477.6,591.0,591.0,591.0
West,Tejas Borra,90024.0,592.0,592.0,592.0
West,Darshit Sampath,89576.4,593.0,593.0,593.0
West,Pranay Mahal,89520.0,594.0,594.0,594.0
West,Nitara Randhawa,89409.25,595.0,595.0,595.0
West,Ranbir Dada,89338.4,596.0,596.0,596.0
West,Kimaya Mallick,89119.5,597.0,597.0,597.0
West,Manikya Dar,88325.0,598.0,598.0,598.0
West,Dharmajan Ratti,87735.6,599.0,599.0,599.0
West,Kashvi Johal,87580.0,600.0,600.0,600.0
West,Kartik Lall,87513.6,601.0,601.0,601.0
West,Piya Sami,87340.05,602.0,602.0,602.0
West,Vardaniya Bhagat,87327.0,603.0,603.0,603.0
West,Dharmajan Sampath,87190.2,604.0,604.0,604.0
West,Zoya Bakshi,87085.0,605.0,605.0,605.0
West,Kimaya Halder,86997.6,606.0,606.0,606.0
West,Vritika Varma,86751.0,607.0,607.0,607.0
West,Dhanush Dhaliwal,86535.0,608.0,608.0,608.0
West,Mamooty Shankar,86477.55,609.0,609.0,609.0
West,Fateh Sama,86385.6,610.0,610.0,610.0
West,Rhea Kalita,86140.0,611.0,611.0,611.0
West,Drishya Chana,85881.0,612.0,612.0,612.0
West,Abram Rout,85666.4,613.0,613.0,613.0
West,Vidur Hari,85618.8,614.0,614.0,614.0
West,Sara Chaudry,85212.0,615.0,615.0,615.0
West,Nitara Singhal,85198.4,616.0,616.0,616.0
West,Bhavin Krishnamurthy,85068.0,617.0,617.0,617.0
West,Anahi Raval,85024.0,618.0,618.0,618.0
West,Prisha Bassi,84736.0,619.0,619.0,619.0
West,Trisha Dutt,84677.3,620.0,620.0,620.0
West,Samaira Dugar,84675.2,621.0,621.0,621.0
West,Dharmajan Lal,84576.0,622.0,622.0,622.0
West,Khushi Reddy,84515.2,623.0,623.0,623.0
West,Saksham Chad,84283.2,624.0,624.0,624.0
West,Nitya Sastry,84166.4,625.0,625.0,625.0
West,Suhana Rana,84132.15,626.0,626.0,626.0
West,Tarini Varkey,83940.1,627.0,627.0,627.0
West,Anaya Samra,83897.1,628.0,628.0,628.0
West,Zaina Chakrabarti,83216.0,629.0,629.0,629.0
West,Rania Aurora,83096.5,630.0,630.0,630.0
West,Jhanvi Char,83082.25,631.0,631.0,631.0
West,Prisha Ganesh,82840.8,632.0,632.0,632.0
West,Riya Dasgupta,82783.2,633.0,633.0,633.0
West,Aaryahi Lalla,82682.1,634.0,634.0,634.0
West,Aniruddh Kothari,82528.0,635.0,635.0,635.0
West,Gokul Dixit,82057.6,636.0,636.0,636.0
West,Yasmin Uppal,81872.0,637.0,637.0,637.0
West,Kabir Koshy,81640.8,638.0,638.0,638.0
West,Shray Salvi,81550.8,639.0,639.0,639.0
West,Shayak Tiwari,81488.0,640.0,640.0,640.0
West,Aradhya Bobal,81405.6,641.0,641.0,641.0
West,Badal Malhotra,81237.0,642.0,642.0,642.0
West,Vidur Deo,81193.6,643.0,643.0,643.0
West,Rhea Sanghvi,80868.0,644.0,644.0,644.0
West,Saksham Suresh,80724.5,645.0,645.0,645.0
West,Riaan Garde,80666.4,646.0,646.0,646.0
West,Keya Biswas,80651.7,647.0,647.0,647.0
West,Jayan Bhakta,80574.9,648.0,648.0,648.0
West,Emir Kanda,80194.1,649.0,649.0,649.0
West,Pranay Saraf,80057.25,650.0,650.0,650.0
West,Hansh Kaul,79924.65,651.0,651.0,651.0
West,Arnav Deo,79880.0,652.0,652.0,652.0
West,Dharmajan Varkey,79804.8,653.0,653.0,653.0
West,Neelofar Walia,79714.0,654.0,654.0,654.0
West,Baiju Vig,79465.0,655.0,655.0,655.0
West,Devansh Bhatti,79434.0,656.0,656.0,656.0
West,Vardaniya Vala,79166.0,657.0,657.0,657.0
West,Jayan Kapoor,78759.75,658.0,658.0,658.0
West,Zara Shenoy,78674.4,659.0,659.0,659.0
West,Dharmajan Gera,78212.0,660.0,660.0,660.0
West,Rasha Handa,77940.0,661.0,661.0,661.0
West,Purab Raju,77790.0,662.0,662.0,662.0
West,Neelofar Bhatnagar,77608.0,663.0,663.0,663.0
West,Taran Khare,77577.0,664.0,664.0,664.0
West,Aaryahi Das,77549.4,665.0,665.0,665.0
West,Tanya Thakur,77473.0,666.0,666.0,666.0
West,Trisha Vyas,77011.7,667.0,667.0,667.0
West,Nirvi Sengupta,76858.2,668.0,668.0,668.0
West,Ivana Goswami,76363.0,669.0,669.0,669.0
West,Ehsaan Karpe,75960.0,670.0,670.0,670.0
West,Neelofar Goswami,75959.0,671.0,671.0,671.0
West,Diya Bir,75595.3,672.0,672.0,672.0
West,Ayesha Sibal,75422.0,673.0,673.0,673.0
West,Yasmin Wable,75395.8,674.0,674.0,674.0
West,Taimur Dewan,75329.3,675.0,675.0,675.0
West,Shamik Sundaram,75081.6,676.0,676.0,676.0
West,Anaya Krish,75023.4,677.0,677.0,677.0
West,Faiyaz Andra,74833.4,678.0,678.0,678.0
West,Adira Handa,74564.0,679.0,679.0,679.0
West,Ojas Konda,74526.3,680.0,680.0,680.0
West,Umang Dutt,73688.4,681.0,681.0,681.0
West,Kaira Wadhwa,73497.0,682.0,682.0,682.0
West,Anvi Raju,73380.0,683.0,683.0,683.0
West,Pari Jhaveri,73307.2,684.0,684.0,684.0
West,Mehul Kar,73190.4,685.0,685.0,685.0
West,Eshani Shenoy,73075.5,686.0,686.0,686.0
West,Nishith Ram,72919.8,687.0,687.0,687.0
West,Riaan Karnik,72860.0,688.0,688.0,688.0
West,Riya Varughese,72549.0,689.0,689.0,689.0
West,Jayesh Ratti,71577.75,690.0,690.0,690.0
West,Myra Sehgal,71491.5,691.0,691.0,691.0
West,Nitara Upadhyay,71491.3,692.0,692.0,692.0
West,Hridaan Gade,71307.0,693.0,693.0,693.0
West,Sara Warrior,71301.0,694.0,694.0,694.0
West,Drishya Rao,71077.0,695.0,695.0,695.0
West,Mishti Sibal,71060.0,696.0,696.0,696.0
West,Kashvi Zachariah,71024.0,697.0,697.0,697.0
West,Elakshi Mangat,70992.0,698.0,698.0,698.0
West,Ivan Sharaf,70622.0,699.0,699.0,699.0
West,Renee Lad,70558.0,700.0,700.0,700.0
West,Jivin Ben,70336.0,701.0,701.0,701.0
West,Samar Ghosh,69712.8,702.0,702.0,702.0
West,Ritvik Ramakrishnan,69530.0,703.0,703.0,703.0
West,Aarush Chaudhry,69477.0,704.0,704.0,704.0
West,Divyansh Bumb,69260.4,705.0,705.0,705.0
West,Neysa Verma,69114.0,706.0,706.0,706.0
West,Aarush Walla,69085.8,707.0,707.0,707.0
West,Pihu Krishnamurthy,68926.0,708.0,708.0,708.0
West,Ivana Saraf,68898.0,709.0,709.0,709.0
West,Biju Shanker,68605.2,710.0,710.0,710.0
West,Vritika Cherian,68441.4,711.0,711.0,711.0
West,Madhav Jain,68418.0,712.0,712.0,712.0
West,Lagan Sarna,67638.75,713.0,713.0,713.0
West,Kartik Loyal,67581.0,714.0,714.0,714.0
West,Darshit Gill,67308.8,715.0,715.0,715.0
West,Zeeshan Deol,67209.3,716.0,716.0,716.0
West,Divyansh Chowdhury,67150.0,717.0,717.0,717.0
West,Vaibhav Kade,66997.8,718.0,718.0,718.0
West,Yuvaan Sarraf,66986.4,719.0,719.0,719.0
West,Ivana Talwar,66719.7,720.0,720.0,720.0
West,Jayant Kala,66475.2,721.0,721.0,721.0
West,Trisha Dewan,66261.0,722.0,722.0,722.0
West,Jayan Doshi,65896.75,723.0,723.0,723.0
West,Ivana Shere,65793.6,724.0,724.0,724.0
West,Myra Dada,65548.8,725.0,725.0,725.0
West,Armaan Karan,65529.9,726.0,726.0,726.0
West,Jhanvi Sidhu,65235.8,727.0,727.0,727.0
West,Mehul Lala,64983.8,728.0,728.0,728.0
West,Elakshi Bajwa,64880.0,729.0,729.0,729.0
West,Riya Kala,64809.0,730.0,730.0,730.0
West,Tarini Bali,64705.5,731.0,731.0,731.0
West,Adah Shroff,64688.4,732.0,732.0,732.0
West,Divij Bose,64346.35,733.0,733.0,733.0
West,Anya Bedi,64272.6,734.0,734.0,734.0
West,Vivaan Bhardwaj,64257.45,735.0,735.0,735.0
West,Aaina Vohra,64244.7,736.0,736.0,736.0
West,Prisha Guha,63884.8,737.0,737.0,737.0
West,Dhruv Magar,63873.25,738.0,738.0,738.0
West,Anahita Sampath,63783.0,739.0,739.0,739.0
West,Farhan Rajagopalan,63654.0,740.0,740.0,740.0
West,Lavanya Buch,63596.8,741.0,741.0,741.0
West,Aaryahi Madan,63559.8,742.0,742.0,742.0
West,Anahi Anne,63559.2,743.0,743.0,743.0
West,Mohanlal Suresh,63482.25,744.0,744.0,744.0
West,Anahita Rama,63299.2,745.0,745.0,745.0
West,Charvi Dua,63064.0,746.0,746.0,746.0
West,Nishith Bora,62884.7,747.0,747.0,747.0
West,Khushi Sridhar,62796.0,748.0,748.0,748.0
West,Aniruddh Kar,62728.5,749.0,749.0,749.0
West,Anay Ratti,62703.9,750.0,750.0,750.0
West,Kiara Ratti,62663.4,751.0,751.0,751.0
West,Nishith Sarraf,62586.4,752.0,752.0,752.0
West,Divij Tank,62499.0,753.0,753.0,753.0
West,Miraya Ravi,62444.8,754.0,754.0,754.0
West,Saira Dara,62406.4,755.0,755.0,755.0
West,Ela Singhal,62395.0,756.0,756.0,756.0
West,Rati Goyal,62388.9,757.0,757.0,757.0
West,Onkar Tripathi,61948.0,758.0,758.0,758.0
West,Ira Ratta,61893.0,759.0,759.0,759.0
West,Uthkarsh Lal,61678.55,760.0,760.0,760.0
West,Nehmat Viswanathan,61495.8,761.0,761.0,761.0
West,Dhruv Chakrabarti,61466.0,762.0,762.0,762.0
West,Nishith Jha,61295.4,763.0,763.0,763.0
West,Shayak Dora,61263.9,764.0,764.0,764.0
West,Jhanvi Bal,61120.0,765.0,765.0,765.0
West,Shayak Sha,60700.8,766.0,766.0,766.0
West,Shalv Saha,60652.0,767.0,767.0,767.0
West,Saanvi Keer,60617.7,768.0,768.0,768.0
West,Ira Trivedi,60493.5,769.0,769.0,769.0
West,Zaina Sengupta,60488.4,770.0,770.0,770.0
West,Shray Hora,60329.6,771.0,771.0,771.0
West,Dishani Dhillon,60185.7,772.0,772.0,772.0
West,Anahita Manne,60169.2,773.0,773.0,773.0
West,Madhup Borde,59925.6,774.0,774.0,774.0
West,Yuvaan Sheth,59780.5,775.0,775.0,775.0
West,Kabir Deep,59764.5,776.0,776.0,776.0
West,Anya Sandhu,59569.6,777.0,777.0,777.0
West,Raghav D’Alia,59436.0,778.0,778.0,778.0
West,Riaan Rattan,59369.4,779.0,779.0,779.0
West,Dhruv Bhattacharyya,59052.8,780.0,780.0,780.0
West,Gatik Sharma,58821.0,781.0,781.0,781.0
West,Ehsaan Srivastava,58805.6,782.0,782.0,782.0
West,Mahika Char,58657.6,783.0,783.0,783.0
West,Uthkarsh Thakkar,58614.4,784.0,784.0,784.0
West,Indranil Batta,58600.0,785.0,785.0,785.0
West,Siya Banerjee,58497.2,786.0,786.0,786.0
West,Mahika Kumar,58486.4,787.0,787.0,787.0
West,Ranbir Kari,58301.0,788.0,788.0,788.0
West,Pranay Gola,58194.0,789.0,789.0,789.0
West,Madhav Mand,58072.8,790.0,790.0,790.0
West,Nirvaan Krishnan,57997.8,791.0,791.0,791.0
West,Zain Kota,57911.05,792.0,792.0,792.0
West,Saanvi Wali,57780.9,793.0,793.0,793.0
West,Anay Ghosh,57732.45,794.0,794.0,794.0
West,Manjari Rastogi,57713.6,795.0,795.0,795.0
West,Tara Sanghvi,57673.6,796.0,796.0,796.0
West,Nitya Mani,57519.5,797.0,797.0,797.0
West,Adira Dayal,57242.25,798.0,798.0,798.0
West,Nayantara Setty,57182.4,799.0,799.0,799.0
West,Indranil Bhardwaj,57035.2,800.0,800.0,800.0
West,Shamik Kumar,56888.0,801.0,801.0,801.0
West,Baiju Lad,56834.4,802.0,802.0,802.0
West,Shlok Rege,56527.0,803.0,803.0,803.0
West,Manjari Bumb,56425.6,804.0,804.0,804.0
West,Riya Desai,56334.0,805.0,805.0,805.0
West,Aaina Halder,56313.6,806.0,806.0,806.0
West,Hrishita Yohannan,56313.6,807.0,806.0,806.0
West,Raunak Krishnamurthy,56188.4,808.0,808.0,807.0
West,Prerak Magar,56155.0,809.0,809.0,808.0
West,Nitara Dora,56116.8,810.0,810.0,809.0
West,Seher Tandon,55955.5,811.0,811.0,810.0
West,Vaibhav Lad,55892.8,812.0,812.0,811.0
West,Aarna Halder,55368.0,813.0,813.0,812.0
West,Nayantara Sura,55134.0,814.0,814.0,813.0
West,Bhamini Dugar,54766.4,815.0,815.0,814.0
West,Rasha Sule,54671.0,816.0,816.0,815.0
West,Yuvraj  Shroff,54511.35,817.0,817.0,816.0
West,Gokul Mahal,54500.3,818.0,818.0,817.0
West,Mishti Lata,54355.5,819.0,819.0,818.0
West,Drishya Dasgupta,54330.0,820.0,820.0,819.0
West,Trisha Sur,54283.5,821.0,821.0,820.0
West,Arnav Shanker,54185.6,822.0,822.0,821.0
West,Jayant Vala,54181.8,823.0,823.0,822.0
West,Baiju Sandhu,54140.4,824.0,824.0,823.0
West,Kartik Tara,54119.5,825.0,825.0,824.0
West,Riya Date,54079.7,826.0,826.0,825.0
West,Krish Toor,53973.0,827.0,827.0,826.0
West,Taimur Bhandari,53900.2,828.0,828.0,827.0
West,Shanaya Seshadri,53870.4,829.0,829.0,828.0
West,Kiaan Khosla,53500.2,830.0,830.0,829.0
West,Bhavin Chahal,53273.75,831.0,831.0,830.0
West,Bhavin Sastry,53214.3,832.0,832.0,831.0
West,Rhea Sarma,53192.7,833.0,833.0,832.0
West,Suhana Talwar,53128.0,834.0,834.0,833.0
West,Samaira Ramanathan,52946.4,835.0,835.0,834.0
West,Nirvi Wason,52761.6,836.0,836.0,835.0
West,Stuvan Arora,52744.5,837.0,837.0,836.0
West,Renee Sen,52593.6,838.0,838.0,837.0
West,Adira Gokhale,52237.65,839.0,839.0,838.0
West,Nayantara Rajagopalan,51640.0,840.0,840.0,839.0
West,Vardaniya Dixit,51606.85,841.0,841.0,840.0
West,Jivika Shukla,51552.0,842.0,842.0,841.0
West,Nishith Krish,51403.5,843.0,843.0,842.0
West,Indranil Kar,51362.1,844.0,844.0,843.0
West,Kiara Keer,51262.4,845.0,845.0,844.0
West,Kiaan Gala,50998.3,846.0,846.0,845.0
West,Vaibhav Ratta,50751.8,847.0,847.0,846.0
West,Vardaniya Vora,50750.1,848.0,848.0,847.0
West,Hiran Balakrishnan,50673.0,849.0,849.0,848.0
West,Drishya Apte,50517.0,850.0,850.0,849.0
West,Yashvi Brahmbhatt,50224.0,851.0,851.0,850.0
West,Shanaya Roy,50135.3,852.0,852.0,851.0
West,Amani Rastogi,49352.4,853.0,853.0,852.0
West,Jivika Wali,49260.0,854.0,854.0,853.0
West,Mishti Kumer,49102.0,855.0,855.0,854.0
West,Prerak Amble,49059.9,856.0,856.0,855.0
West,Aaina Chopra,49016.2,857.0,857.0,856.0
West,Vivaan Kala,48622.5,858.0,858.0,857.0
West,Umang Sethi,48552.0,859.0,859.0,858.0
West,Raunak Suri,48531.6,860.0,860.0,859.0
West,Lagan Ram,48237.2,861.0,861.0,860.0
West,Zeeshan Sidhu,47932.25,862.0,862.0,861.0
West,Advik Contractor,47826.9,863.0,863.0,862.0
West,Shaan Sunder,47753.1,864.0,864.0,863.0
West,Shanaya Ranganathan,47464.0,865.0,865.0,864.0
West,Taran Rastogi,47256.0,866.0,866.0,865.0
West,Dhruv Sen,47252.7,867.0,867.0,866.0
West,Amira Ghosh,47178.0,868.0,868.0,867.0
West,Kashvi Chahal,47166.0,869.0,869.0,868.0
West,Mamooty Deshmukh,47149.5,870.0,870.0,869.0
West,Zara Hegde,47139.2,871.0,871.0,870.0
West,Ritvik Venkatesh,46638.0,872.0,872.0,871.0
West,Samiha Kumar,46381.5,873.0,873.0,872.0
West,Vritika Krishnamurthy,46377.6,874.0,874.0,873.0
West,Urvi Saraf,46242.0,875.0,875.0,874.0
West,Prisha Chand,46034.1,876.0,876.0,875.0
West,Zain Sha,46017.0,877.0,877.0,876.0
West,Zaina Sidhu,45981.0,878.0,878.0,877.0
West,Suhana Doshi,45757.8,879.0,879.0,878.0
West,Vedika Gala,45625.5,880.0,880.0,879.0
West,Zeeshan Tailor,45534.45,881.0,881.0,880.0
West,Inaaya  Sinha,45505.6,882.0,882.0,881.0
West,Akarsh Kaul,45033.3,883.0,883.0,882.0
West,Anahita Dasgupta,44778.25,884.0,884.0,883.0
West,Jayan Chatterjee,44742.15,885.0,885.0,884.0
West,Jayant Khurana,44729.6,886.0,886.0,885.0
West,Keya Bhalla,44681.4,887.0,887.0,886.0
West,Rania Sarma,44667.0,888.0,888.0,887.0
West,Veer Ghosh,44528.8,889.0,889.0,888.0
West,Akarsh Vora,44412.8,890.0,890.0,889.0
West,Samaira Barad,44387.2,891.0,891.0,890.0
West,Dhanush Vig,43850.1,892.0,892.0,891.0
West,Arhaan Dhillon,43457.1,893.0,893.0,892.0
West,Misha Setty,43432.1,894.0,894.0,893.0
West,Shlok Srinivas,43376.0,895.0,895.0,894.0
West,Aarna Jhaveri,43338.95,896.0,896.0,895.0
West,Jivin Chauhan,43326.0,897.0,897.0,896.0
West,Kanav Dave,42910.0,898.0,898.0,897.0
West,Pihu Mane,42785.1,899.0,899.0,898.0
West,Hunar Varty,42597.0,900.0,900.0,899.0
West,Pari Thaker,42439.65,901.0,901.0,900.0
West,Myra Handa,42325.0,902.0,902.0,901.0
West,Nitya Basak,42313.0,903.0,903.0,902.0
West,Pari Kurian,42118.4,904.0,904.0,903.0
West,Zaina Chokshi,41834.7,905.0,905.0,904.0
West,Biju Madan,41693.6,906.0,906.0,905.0
West,Kiaan Virk,41542.4,907.0,907.0,906.0
West,Dishani Das,41542.2,908.0,908.0,907.0
West,Ryan Raj,41099.4,909.0,909.0,908.0
West,Rohan Dayal,40814.0,910.0,910.0,909.0
West,Advik Talwar,40803.2,911.0,911.0,910.0
West,Reyansh Aurora,40613.4,912.0,912.0,911.0
West,Kavya Lanka,40338.0,913.0,913.0,912.0
West,Kismat Doshi,40312.0,914.0,914.0,913.0
West,Advika Dave,40308.0,915.0,915.0,914.0
West,Anay Divan,40267.65,916.0,916.0,915.0
West,Rasha Ramesh,40088.0,917.0,917.0,916.0
West,Gatik Choudhury,40041.6,918.0,918.0,917.0
West,Rasha Samra,39904.95,919.0,919.0,918.0
West,Eva Tata,39672.0,920.0,920.0,919.0
West,Mishti Manne,39630.4,921.0,921.0,920.0
West,Ahana  Choudhury,39605.4,922.0,922.0,921.0
West,Nayantara Sunder,39595.0,923.0,923.0,922.0
West,Seher Lall,39397.0,924.0,924.0,923.0
West,Rasha Seshadri,39304.0,925.0,925.0,924.0
West,Heer Dhawan,38989.5,926.0,926.0,925.0
West,Neysa Sachdeva,38902.8,927.0,927.0,926.0
West,Veer Dara,38881.0,928.0,928.0,927.0
West,Indrajit Varma,38767.2,929.0,929.0,928.0
West,Yasmin Johal,38752.2,930.0,930.0,929.0
West,Yashvi Gade,38464.0,931.0,931.0,930.0
West,Hansh Ray,38335.5,932.0,932.0,931.0
West,Vritika Sant,38222.4,933.0,933.0,932.0
West,Hiran Sinha,38162.0,934.0,934.0,933.0
West,Vivaan Goyal,38159.2,935.0,935.0,934.0
West,Hazel Ramakrishnan,37690.2,936.0,936.0,935.0
West,Oorja Gupta,37337.6,937.0,937.0,936.0
West,Anahita Halder,37181.0,938.0,938.0,937.0
West,Neelofar Karnik,37171.2,939.0,939.0,938.0
West,Samar Bhalla,36970.0,940.0,940.0,939.0
West,Jayant Dhar,36931.2,941.0,941.0,940.0
West,Adah Konda,36632.0,942.0,942.0,941.0
West,Hridaan Rout,36444.6,943.0,943.0,942.0
West,Bhavin Som,36266.0,944.0,944.0,943.0
West,Navya Taneja,36207.0,945.0,945.0,944.0
West,Ishaan Dewan,36146.4,946.0,946.0,945.0
West,Shalv Bhattacharyya,35901.9,947.0,947.0,946.0
West,Sumer Date,35844.45,948.0,948.0,947.0
West,Nishith Thaker,35762.75,949.0,949.0,948.0
West,Uthkarsh Dara,35564.8,950.0,950.0,949.0
West,Chirag Lalla,35495.8,951.0,951.0,950.0
West,Manjari Kunda,35460.3,952.0,952.0,951.0
West,Farhan Ramachandran,35183.2,953.0,953.0,952.0
West,Uthkarsh Bora,34996.2,954.0,954.0,953.0
West,Aarna Doshi,34876.8,955.0,955.0,954.0
West,Samaira Chokshi,34807.5,956.0,956.0,955.0
West,Indranil Varty,34764.15,957.0,957.0,956.0
West,Arhaan Varty,34538.0,958.0,958.0,957.0
West,Anahi Balakrishnan,34451.2,959.0,959.0,958.0
West,Onkar Buch,34358.7,960.0,960.0,959.0
West,Anika Bansal,34350.0,961.0,961.0,960.0
West,Anya Ranganathan,34319.6,962.0,962.0,961.0
West,Rania Sanghvi,34193.8,963.0,963.0,962.0
West,Parinaaz Dhingra,34130.9,964.0,964.0,963.0
West,Charvi Desai,34074.0,965.0,965.0,964.0
West,Umang Gola,33504.0,966.0,966.0,965.0
West,Seher Gole,33503.65,967.0,967.0,966.0
West,Shlok Dayal,33485.0,968.0,968.0,967.0
West,Anvi Sarma,33460.25,969.0,969.0,968.0
West,Yuvaan Kumer,33273.0,970.0,970.0,969.0
West,Taimur Bala,33156.0,971.0,971.0,970.0
West,Vidur Dani,33039.1,972.0,972.0,971.0
West,Farhan Bajaj,32949.4,973.0,973.0,972.0
West,Onkar Dugar,32883.1,974.0,974.0,973.0
West,Kiara Shankar,32849.1,975.0,975.0,974.0
West,Romil Devan,32766.0,976.0,976.0,975.0
West,Hrishita Sibal,32649.6,977.0,977.0,976.0
West,Drishya Kalita,32638.4,978.0,978.0,977.0
West,Ayesha Wable,32572.0,979.0,979.0,978.0
West,Vedika Mani,32504.0,980.0,980.0,979.0
West,Inaaya  Chandran,32192.1,981.0,981.0,980.0
West,Romil Basak,32172.8,982.0,982.0,981.0
West,Alia Wable,31920.0,983.0,983.0,982.0
West,Bhamini Rout,31845.6,984.0,984.0,983.0
West,Divij Bhardwaj,31770.4,985.0,985.0,984.0
West,Dhruv Sule,31294.9,986.0,986.0,985.0
West,Tara Konda,31088.0,987.0,987.0,986.0
West,Ryan Srivastava,31082.4,988.0,988.0,987.0
West,Kavya Rao,30889.0,989.0,989.0,988.0
West,Prerak Saha,30775.95,990.0,990.0,989.0
West,Riaan Rajan,30752.0,991.0,991.0,990.0
West,Pranay Kohli,30584.7,992.0,992.0,991.0
West,Armaan Kunda,30560.4,993.0,993.0,992.0
West,Dhanuk Kakar,30495.0,994.0,994.0,993.0
West,Kanav Badal,30474.0,995.0,995.0,994.0
West,Reyansh Toor,30002.4,996.0,996.0,995.0
West,Tanya Mander,29922.55,997.0,997.0,996.0
West,Divyansh Bajwa,29917.8,998.0,998.0,997.0
West,Tejas Sha,29906.4,999.0,999.0,998.0
West,Shalv Agarwal,29649.7,1000.0,1000.0,999.0
West,Vaibhav Sarraf,29466.0,1001.0,1001.0,1000.0
West,Rasha Chaudhari,28908.0,1002.0,1002.0,1001.0
West,Hansh Rajagopal,28628.8,1003.0,1003.0,1002.0
West,Farhan Kale,28541.3,1004.0,1004.0,1003.0
West,Dhruv Raju,28401.0,1005.0,1005.0,1004.0
West,Lavanya Hayer,28366.2,1006.0,1006.0,1005.0
West,Alisha Chadha,28355.4,1007.0,1007.0,1006.0
West,Anahi Sharaf,28317.6,1008.0,1008.0,1007.0
West,Parinaaz Som,28303.35,1009.0,1009.0,1008.0
West,Misha Shan,28226.4,1010.0,1010.0,1009.0
West,Riya Sant,27902.1,1011.0,1011.0,1010.0
West,Onkar Vasa,27672.6,1012.0,1012.0,1011.0
West,Aaryahi Sehgal,27630.0,1013.0,1013.0,1012.0
West,Parinaaz Dewan,27579.6,1014.0,1014.0,1013.0
West,Anika Tata,27537.6,1015.0,1015.0,1014.0
West,Yakshit Cheema,27502.5,1016.0,1016.0,1015.0
West,Renee Gole,27376.0,1017.0,1017.0,1016.0
West,Alisha Tata,27327.6,1018.0,1018.0,1017.0
West,Damini Sarma,27314.4,1019.0,1019.0,1018.0
West,Darshit Keer,27223.2,1020.0,1020.0,1019.0
West,Vedika Bawa,27211.2,1021.0,1021.0,1020.0
West,Piya Issac,26976.0,1022.0,1022.0,1021.0
West,Hrishita Mangat,26889.0,1023.0,1023.0,1022.0
West,Trisha Bora,26813.6,1024.0,1024.0,1023.0
West,Arnav Savant,26661.6,1025.0,1025.0,1024.0
West,Tiya Mall,26309.2,1026.0,1026.0,1025.0
West,Indranil Handa,26132.0,1027.0,1027.0,1026.0
West,Uthkarsh Bahl,26036.0,1028.0,1028.0,1027.0
West,Shlok Bajwa,25789.5,1029.0,1029.0,1028.0
West,Indrajit Garde,25492.5,1030.0,1030.0,1029.0
West,Kaira Acharya,25464.0,1031.0,1031.0,1030.0
West,Shanaya Chokshi,25202.5,1032.0,1032.0,1031.0
West,Keya D’Alia,25178.4,1033.0,1033.0,1032.0
West,Nishith Sachar,24922.0,1034.0,1034.0,1033.0
West,Taran Bedi,24821.7,1035.0,1035.0,1034.0
West,Dharmajan Vora,24807.6,1036.0,1036.0,1035.0
West,Ehsaan Soni,24106.85,1037.0,1037.0,1036.0
West,Kashvi Kapoor,24001.6,1038.0,1038.0,1037.0
West,Mannat Jaggi,23904.8,1039.0,1039.0,1038.0
West,Chirag Banik,23856.0,1040.0,1040.0,1039.0
West,Taran Chahal,23765.2,1041.0,1041.0,1040.0
West,Hunar Bahl,23737.95,1042.0,1042.0,1041.0
West,Indrajit Ray,23648.4,1043.0,1043.0,1042.0
West,Hridaan Raj,23469.6,1044.0,1044.0,1043.0
West,Zaina Agarwal,23366.4,1045.0,1045.0,1044.0
West,Nirvi Dutta,23233.2,1046.0,1046.0,1045.0
West,Charvi Gokhale,22947.2,1047.0,1047.0,1046.0
West,Uthkarsh Bhatnagar,22918.0,1048.0,1048.0,1047.0
West,Darshit Wali,22876.95,1049.0,1049.0,1048.0
West,Pihu Ravi,22805.5,1050.0,1050.0,1049.0
West,Romil Saxena,22765.0,1051.0,1051.0,1050.0
West,Indrans Seth,22723.0,1052.0,1052.0,1051.0
West,Tarini Manne,22707.9,1053.0,1053.0,1052.0
West,Pihu Kalla,22496.1,1054.0,1054.0,1053.0
West,Shanaya Kant,22466.35,1055.0,1055.0,1054.0
West,Rati Dhar,22260.0,1056.0,1056.0,1055.0
West,Adira Issac,21669.5,1057.0,1057.0,1056.0
West,Darshit Agrawal,21500.0,1058.0,1058.0,1057.0
West,Romil Gandhi,21438.0,1059.0,1059.0,1058.0
West,Trisha Dugal,21420.0,1060.0,1060.0,1059.0
West,Prisha Lalla,21397.5,1061.0,1061.0,1060.0
West,Dishani Wali,21370.25,1062.0,1062.0,1061.0
West,Ranbir Tailor,21299.0,1063.0,1063.0,1062.0
West,Pihu Wason,21057.05,1064.0,1064.0,1063.0
West,Reyansh Biswas,21014.1,1065.0,1065.0,1064.0
West,Gatik Savant,20972.8,1066.0,1066.0,1065.0
West,Heer Kuruvilla,20960.0,1067.0,1067.0,1066.0
West,Raghav Samra,20825.85,1068.0,1068.0,1067.0
West,Zoya Kashyap,20680.0,1069.0,1069.0,1068.0
West,Rania Sura,20604.0,1070.0,1070.0,1069.0
West,Jiya Bahl,20485.8,1071.0,1071.0,1070.0
West,Ivan Kashyap,20116.25,1072.0,1072.0,1071.0
West,Saira Mangat,20009.85,1073.0,1073.0,1072.0
West,Anahi Date,20008.9,1074.0,1074.0,1073.0
West,Nehmat Iyengar,19910.4,1075.0,1075.0,1074.0
West,Kiaan Ben,19646.0,1076.0,1076.0,1075.0
West,Badal Dey,19586.55,1077.0,1077.0,1076.0
West,Ishita Wagle,19470.1,1078.0,1078.0,1077.0
West,Anvi Madan,19402.2,1079.0,1079.0,1078.0
West,Rhea Rajagopalan,19236.8,1080.0,1080.0,1079.0
West,Indrans Sharma,19174.5,1081.0,1081.0,1080.0
West,Fateh Dhar,19016.0,1082.0,1082.0,1081.0
West,Kashvi Khatri,18905.95,1083.0,1083.0,1082.0
West,Kismat Mand,18861.5,1084.0,1084.0,1083.0
West,Diya Ganguly,18745.05,1085.0,1085.0,1084.0
West,Gatik Bhardwaj,18730.4,1086.0,1086.0,1085.0
West,Romil Bala,18676.0,1087.0,1087.0,1086.0
West,Azad Raj,18630.0,1088.0,1088.0,1087.0
West,Gatik Comar,17949.6,1089.0,1089.0,1088.0
West,Heer Cheema,17904.0,1090.0,1090.0,1089.0
West,Samar Kaur,17898.4,1091.0,1091.0,1090.0
West,Damini Bala,17787.6,1092.0,1092.0,1091.0
West,Heer Saran,17748.0,1093.0,1093.0,1092.0
West,Damini Majumdar,17599.0,1094.0,1094.0,1093.0
West,Khushi Bawa,17492.0,1095.0,1095.0,1094.0
West,Samarth Kurian,17433.9,1096.0,1096.0,1095.0
West,Alisha Char,17398.3,1097.0,1097.0,1096.0
West,Zaina Khurana,17371.8,1098.0,1098.0,1097.0
West,Jayan Hari,17300.05,1099.0,1099.0,1098.0
West,Lakshay Som,17156.0,1100.0,1100.0,1099.0
West,Rasha Dixit,17005.1,1101.0,1101.0,1100.0
West,Mamooty Kari,16997.0,1102.0,1102.0,1101.0
West,Vaibhav Dey,16791.75,1103.0,1103.0,1102.0
West,Lakshit Sarma,16781.75,1104.0,1104.0,1103.0
West,Nirvaan Bhardwaj,16681.6,1105.0,1105.0,1104.0
West,Jivin Dara,16642.8,1106.0,1106.0,1105.0
West,Mishti Chowdhury,16552.0,1107.0,1107.0,1106.0
West,Samiha Mandal,16509.1,1108.0,1108.0,1107.0
West,Romil Divan,16279.2,1109.0,1109.0,1108.0
West,Sumer Sengupta,16259.4,1110.0,1110.0,1109.0
West,Dharmajan Kakar,16046.0,1111.0,1111.0,1110.0
West,Gatik Choudhry,15975.0,1112.0,1112.0,1111.0
West,Aayush Banerjee,15938.1,1113.0,1113.0,1112.0
West,Lagan Jhaveri,15716.0,1114.0,1114.0,1113.0
West,Vihaan Aurora,15467.45,1115.0,1115.0,1114.0
West,Gokul Bava,15434.3,1116.0,1116.0,1115.0
West,Anaya Hegde,15175.8,1117.0,1117.0,1116.0
West,Vihaan Jayaraman,15136.2,1118.0,1118.0,1117.0
West,Priyansh Bedi,15001.6,1119.0,1119.0,1118.0
West,Akarsh Sastry,14972.8,1120.0,1120.0,1119.0
West,Nishith Sastry,14657.4,1121.0,1121.0,1120.0
West,Anvi Srinivasan,14598.0,1122.0,1122.0,1121.0
West,Kaira Gour,14394.0,1123.0,1123.0,1122.0
West,Samiha Sanghvi,14281.7,1124.0,1124.0,1123.0
West,Shayak Bandi,14101.5,1125.0,1125.0,1124.0
West,Amani Sanghvi,13970.7,1126.0,1126.0,1125.0
West,Aaryahi Lata,13776.0,1127.0,1127.0,1126.0
West,Krish Deshpande,13617.6,1128.0,1128.0,1127.0
West,Manikya Wali,13561.0,1129.0,1129.0,1128.0
West,Shaan Dua,13377.0,1130.0,1130.0,1129.0
West,Anahita Bala,13060.8,1131.0,1131.0,1130.0
West,Urvi Shenoy,12915.25,1132.0,1132.0,1131.0
West,Lagan Sood,12813.6,1133.0,1133.0,1132.0
West,Shalv Rege,12774.6,1134.0,1134.0,1133.0
West,Amira Bora,12767.0,1135.0,1135.0,1134.0
West,Divyansh Ravel,12663.2,1136.0,1136.0,1135.0
West,Damini Acharya,12596.8,1137.0,1137.0,1136.0
West,Alisha Malhotra,12571.5,1138.0,1138.0,1137.0
West,Vardaniya Date,12509.45,1139.0,1139.0,1138.0
West,Ivana Sankaran,12463.0,1140.0,1140.0,1139.0
West,Taran Aggarwal,12301.0,1141.0,1141.0,1140.0
West,Ayesha Garde,12215.35,1142.0,1142.0,1141.0
West,Himmat Choudhary,12030.4,1143.0,1143.0,1142.0
West,Reyansh Goel,11916.0,1144.0,1144.0,1143.0
West,Aaryahi Batta,11823.3,1145.0,1145.0,1144.0
West,Stuvan Sathe,11433.6,1146.0,1146.0,1145.0
West,Ishaan Rege,10908.0,1147.0,1147.0,1146.0
West,Tanya Dave,10884.0,1148.0,1148.0,1147.0
West,Priyansh Mander,10839.2,1149.0,1149.0,1148.0
West,Jayan Chakraborty,10451.2,1150.0,1150.0,1149.0
West,Trisha Ram,10375.0,1151.0,1151.0,1150.0
West,Kimaya Ratta,9970.25,1152.0,1152.0,1151.0
West,Prerak Brahmbhatt,9944.0,1153.0,1153.0,1152.0
West,Veer Bassi,9828.0,1154.0,1154.0,1153.0
West,Ishita De,9786.9,1155.0,1155.0,1154.0
West,Kiara Sabharwal,9732.6,1156.0,1156.0,1155.0
West,Vidur Bahl,9722.0,1157.0,1157.0,1156.0
West,Aaryahi Mahajan,9223.2,1158.0,1158.0,1157.0
West,Gatik Shan,9055.4,1159.0,1159.0,1158.0
West,Hiran Ahuja,9015.5,1160.0,1160.0,1159.0
West,Nakul Krishnan,8841.6,1161.0,1161.0,1160.0
West,Amani Sunder,8831.5,1162.0,1162.0,1161.0
West,Ira Kulkarni,8465.45,1163.0,1163.0,1162.0
West,Adira Kota,8163.4,1164.0,1164.0,1163.0
West,Samarth Dar,8143.0,1165.0,1165.0,1164.0
West,Mohanlal Bhattacharyya,7898.3,1166.0,1166.0,1165.0
West,Ahana  Sampath,7870.0,1167.0,1167.0,1166.0
West,Tanya Shenoy,7773.0,1168.0,1168.0,1167.0
West,Tushar Thakkar,7712.0,1169.0,1169.0,1168.0
West,Amira Savant,7490.2,1170.0,1170.0,1169.0
West,Nirvaan Bhattacharyya,7452.75,1171.0,1171.0,1170.0
West,Anvi Bahl,7452.0,1172.0,1172.0,1171.0
West,Manikya Shukla,7392.45,1173.0,1173.0,1172.0
West,Jiya Sharma,7379.6,1174.0,1174.0,1173.0
West,Mahika Banerjee,7346.55,1175.0,1175.0,1174.0
West,Urvi Loyal,7311.6,1176.0,1176.0,1175.0
West,Dhruv Joshi,7294.4,1177.0,1177.0,1176.0
West,Jayesh Ramachandran,7141.6,1178.0,1178.0,1177.0
West,Ojas Bala,7061.4,1179.0,1179.0,1178.0
West,Yasmin Kaul,6929.2,1180.0,1180.0,1179.0
West,Drishya Khare,6908.4,1181.0,1181.0,1180.0
West,Elakshi Sachdev,6898.4,1182.0,1182.0,1181.0
West,Dhanuk Chawla,6722.4,1183.0,1183.0,1182.0
West,Ritvik Dua,6645.6,1184.0,1184.0,1183.0
West,Yasmin Mangal,6642.0,1185.0,1185.0,1184.0
West,Baiju Kant,6595.85,1186.0,1186.0,1185.0
West,Ryan Bedi,6584.1,1187.0,1187.0,1186.0
West,Arhaan Bhatnagar,6543.0,1188.0,1188.0,1187.0
West,Damini Loke,6343.0,1189.0,1189.0,1188.0
West,Aradhya Raju,6235.2,1190.0,1190.0,1189.0
West,Piya Sani,6228.0,1191.0,1191.0,1190.0
West,Heer Kumar,6171.0,1192.0,1192.0,1191.0
West,Dhanush Balay,6170.25,1193.0,1193.0,1192.0
West,Shlok Dave,6158.7,1194.0,1194.0,1193.0
West,Kismat Deol,6004.4,1195.0,1195.0,1194.0
West,Sara Sanghvi,5916.0,1196.0,1196.0,1195.0
West,Lakshit Yadav,5594.7,1197.0,1197.0,1196.0
West,Jivin Sunder,5259.2,1198.0,1198.0,1197.0
West,Ayesha Dhawan,5064.0,1199.0,1199.0,1198.0
West,Suhana Tank,5016.0,1200.0,1200.0,1199.0
West,Rohan Walia,4883.4,1201.0,1201.0,1200.0
West,Riaan Yohannan,4750.0,1202.0,1202.0,1201.0
West,Taimur Sachdeva,4720.05,1203.0,1203.0,1202.0
West,Indranil Banik,4561.95,1204.0,1204.0,1203.0
West,Nitara Kibe,4553.35,1205.0,1205.0,1204.0
West,Manjari Chokshi,3839.2,1206.0,1206.0,1205.0
West,Aniruddh Bhat,3590.4,1207.0,1207.0,1206.0
West,Kabir Issac,3478.2,1208.0,1208.0,1207.0
West,Neysa Divan,3454.2,1209.0,1209.0,1208.0
West,Bhavin Ray,3420.9,1210.0,1210.0,1209.0
West,Rasha Ram,3009.0,1211.0,1211.0,1210.0
West,Urvi Varma,2820.0,1212.0,1212.0,1211.0
West,Reyansh Dash,2745.5,1213.0,1213.0,1212.0
West,Tejas Dugar,2722.55,1214.0,1214.0,1213.0
West,Pihu Varghese,2658.8,1215.0,1215.0,1214.0
West,Ranbir Brar,2648.0,1216.0,1216.0,1215.0
West,Abram Basak,2616.0,1217.0,1217.0,1216.0
West,Inaaya  Ben,2436.0,1218.0,1218.0,1217.0
West,Kimaya Gera,2205.9,1219.0,1219.0,1218.0
West,Ranbir Chada,2029.0,1220.0,1220.0,1219.0
West,Piya Shanker,1763.75,1221.0,1221.0,1220.0
West,Baiju Gola,1665.0,1222.0,1222.0,1221.0
West,Veer Sharaf,1536.8,1223.0,1223.0,1222.0
West,Ivan Dutta,1508.0,1224.0,1224.0,1223.0
West,Ivan Sani,1440.75,1225.0,1225.0,1224.0
West,Shlok Deep,1063.8,1226.0,1226.0,1225.0
West,Ahana  Verma,1041.25,1227.0,1227.0,1226.0
West,Neelofar Banerjee,1017.45,1228.0,1228.0,1227.0
West,Umang Ghose,958.8,1229.0,1229.0,1228.0
West,Aniruddh Seshadri,828.0,1230.0,1230.0,1229.0
West,Myra Ramaswamy,792.0,1231.0,1231.0,1230.0
West,Trisha Goswami,265.05,1232.0,1232.0,1231.0
